"IRI","label","displayOrder","variable","dataFile","definition","category","parentLabel","parentIRI","codebookDescription","codebookValues","termType","replaces","unitLabel","unitIRI","dataSet","repeated","is_featured","hidden","scale","is_temporal","mergeKey"
"http://purl.obolibrary.org/obo/PCO_0000024","Household","","","","","Household","","http://www.w3.org/2002/07/owl#Thing","","","","","","","","","","yes","","",""
"http://purl.obolibrary.org/obo/EUPATH_0015028","Cow","","buffalo_cow","khasi_data_2021-01-22_1310visits1_2_hh | jaintia_data_2021-01-22_1315visits1_2_hh","","Household","Animals on property","http://purl.obolibrary.org/obo/EUPATH_0000343","A27. Buffalo/cow [Muit/Masi]","2, No | 1, Yes","value","","","","","","","","","",""
"http://purl.obolibrary.org/obo/EUPATH_0015030","Fowl","","poultry","khasi_data_2021-01-22_1310visits1_2_hh | jaintia_data_2021-01-22_1315visits1_2_hh","","Household","Animals on property","http://purl.obolibrary.org/obo/EUPATH_0000343","A29. Poultry [Syiar]","2, No | 1, Yes","value","","","","","","","","","",""
"http://purl.obolibrary.org/obo/EUPATH_0015024","Goat","","goat","khasi_data_2021-01-22_1310visits1_2_hh | jaintia_data_2021-01-22_1315visits1_2_hh","","Household","Animals on property","http://purl.obolibrary.org/obo/EUPATH_0000343","A28. Goat [Blang]","2, No | 1, Yes","value","","","","","","","","","",""
"http://purl.obolibrary.org/obo/EUPATH_0031151","Pig","","pig","khasi_data_2021-01-22_1310visits1_2_hh | jaintia_data_2021-01-22_1315visits1_2_hh","","Household","Animals on property","http://purl.obolibrary.org/obo/EUPATH_0000343","A26. Pig [Sniang]","2, No | 1, Yes","value","","","","","","","","","",""
"http://purl.obolibrary.org/obo/EUPATH_0021084","Electricity","","electricityother | electricity_rad","khasi_data_2021-01-22_1310visits1_2_hh | jaintia_data_2021-01-22_1315visits1_2_hh","","Household","Assets","http://purl.obolibrary.org/obo/EUPATH_0000144","A6. Specify other electricity [Batai shai] | A5. Is there electricity in the household? (observe)","2, No | 1, Yes | 3, Other","variable","","","","","","","","","",""
"http://purl.obolibrary.org/obo/ENVO_01000581","Mobile phone","","mobphone_yn","khasi_data_2021-01-22_1310visits1_2_hh | jaintia_data_2021-01-22_1315visits1_2_hh","","Household","Assets","http://purl.obolibrary.org/obo/EUPATH_0000144","A12. Is there a mobile phone present in your household? [Em mobile phone hi ha iung iong phi?]","","variable","","","","","","","","","",""
"http://purl.obolibrary.org/obo/EUPATH_0000003","Roof material","","roof_rad","khasi_data_2021-01-22_1310visits1_2_hh | jaintia_data_2021-01-22_1315visits1_2_hh","","Household","Dwelling characteristics","http://purl.obolibrary.org/obo/EUPATH_0000303","A17. Type of roof of the house (observe)","5, Tin | 4, Thatched and tiles | 3, Tiles | 2, Concrete | 6, Other | 1, Thatched","variable","","","","","","","","","",""
"http://purl.obolibrary.org/obo/EUPATH_0000009","Wall material","","walls_rad","khasi_data_2021-01-22_1310visits1_2_hh | jaintia_data_2021-01-22_1315visits1_2_hh","","Household","Dwelling characteristics","http://purl.obolibrary.org/obo/EUPATH_0000303","A15. Building material used for walls of the house (observe)","3, Concrete | 2, Brick | 4, Thatch | 6, Wood | 5, Stone | 1, Mud | 7, Other","variable","","","","","","","","","",""
"http://purl.obolibrary.org/obo/EUPATH_0000418","Animals indoors","2","animsinhouse_yn","khasi_data_2021-01-22_1310visits1_2_hh | jaintia_data_2021-01-22_1315visits1_2_hh","","Household","Dwelling environment","http://purl.obolibrary.org/obo/EUPATH_0010032","A30. Are there animals living with you inside the house? [Em phi ki mrad ki wa sah lang hapoh iung?]","","variable","","","","","","","","","",""
"http://purl.obolibrary.org/obo/EUPATH_0029009","Animals indoors type","3","animsinhouseyes","khasi_data_2021-01-22_1310visits1_2_hh | jaintia_data_2021-01-22_1315visits1_2_hh","","Household","Dwelling environment","http://purl.obolibrary.org/obo/EUPATH_0010032","A31. If yes, which animals? [Lada hooid, mrad aiu?]","","variable","","","","","","","","","",""
"http://purl.obolibrary.org/obo/EUPATH_0000343","Animals on property","1","","","","Household","Dwelling environment","http://purl.obolibrary.org/obo/EUPATH_0010032","","","multifilter","","","","","","","","","",""
"http://purl.obolibrary.org/obo/EUPATH_0020213","Health facility distance","5","dist2clinic | dist2clinicunits","khasi_data_2021-01-22_1310visits1_2_hh | jaintia_data_2021-01-22_1315visits1_2_hh","","Household","Dwelling environment","http://purl.obolibrary.org/obo/EUPATH_0010032","A22. units | A21. What is the distance to this typical source of health care? [Katwon ka jingjngai cha ka thaw e dawai heini?]","3, Don't know | 2, kilometers | 1, meters","variable","","","","","","","","","",""
"http://purl.obolibrary.org/obo/EUPATH_0029010","Mosquitos indoors","4","mosquitoesinhouse_rad","khasi_data_2021-01-22_1310visits1_2_hh | jaintia_data_2021-01-22_1315visits1_2_hh","","Household","Dwelling environment","http://purl.obolibrary.org/obo/EUPATH_0010032","A32. Are there mosquitoes in your house? [Don skain pyrjong ha iing jong phi?]","5, Other [Kiwei kiwei] | 4, No [Em] | 1, Yes, always [Hooid, barobor] | 3, Only in the rainy season [Tang ha ka por slap] | 2, Yes, sometimes [Hooid, teng teng]","variable","","","","","","","","","",""
"http://purl.obolibrary.org/obo/EUPATH_0021236","Time in transit to health facility (min)","7","transport2clinictime","khasi_data_2021-01-22_1310visits1_2_hh | jaintia_data_2021-01-22_1315visits1_2_hh","","Household","Dwelling environment","http://purl.obolibrary.org/obo/EUPATH_0010032","A25. How long would it usually take you to get there using that type of transport? (minutes)","","variable","","","","","","","","","",""
"http://purl.obolibrary.org/obo/EUPATH_0020217","Transit to health facility","6","transport2clinic_rad | transport2clinicother","khasi_data_2021-01-22_1310visits1_2_hh | jaintia_data_2021-01-22_1315visits1_2_hh","","Household","Dwelling environment","http://purl.obolibrary.org/obo/EUPATH_0010032","A23. What type of transport would you usually use to go there? [Dei I ii juh pynemkam ioh u lai cheite?] | A24. Specify other type of transport [Batai shai]","1, Walking [Lai kjat] | 5, Public transport (bus, auto-rickshaw, taxi) [(bus, auto-rickshaw, taxi) Kari Paitbah] | 2, Bicycle [Bisikil] | 7, Don't know [Ym tip) | 4, Car [kari] | 6, Other [Kiwi kiwi] | 3, Motorcycle [Motorcycle]","variable","","","","","","","","","",""
"http://purl.obolibrary.org/obo/EUPATH_0000596","Waste disposal","","","","","Household","Dwelling facilities","http://purl.obolibrary.org/obo/EUPATH_0000302","","","category","","","","","","","","","",""
"http://purl.obolibrary.org/obo/ENVO_00000004","Country","","","","","Household","Geographic location","http://purl.obolibrary.org/obo/GAZ_00000448","","","","","","","","","","","","",""
"http://purl.obolibrary.org/obo/ENVO_01000773","Village","","village","khasi_data_2021-01-22_1310visits1_2_hh | jaintia_data_2021-01-22_1315visits1_2_hh","","Household","Geographic location","http://purl.obolibrary.org/obo/GAZ_00000448","3. Village","","variable","","","","","","","yes","","",""
"http://purl.obolibrary.org/obo/EUPATH_0000303","Dwelling characteristics","4","","","","Household","Household","http://purl.obolibrary.org/obo/PCO_0000024","","","category","","","","","","","","","",""
"http://purl.obolibrary.org/obo/EUPATH_0010032","Dwelling environment","3","","","","Household","Household","http://purl.obolibrary.org/obo/PCO_0000024","","","category","","","","","","","","","",""
"http://purl.obolibrary.org/obo/EUPATH_0000302","Dwelling facilities","5","","","","Household","Household","http://purl.obolibrary.org/obo/PCO_0000024","","","category","","","","","","","","","",""
"http://purl.obolibrary.org/obo/GAZ_00000448","Geographic location","1","","","","Household","Household","http://purl.obolibrary.org/obo/PCO_0000024","","","category","","","","","","","","","",""
"http://purl.obolibrary.org/obo/EUPATH_0021085","Household data collection date","2","visdat","khasi_data_2021-01-22_1310visits1_2_hh | jaintia_data_2021-01-22_1315visits1_2_hh","","Household","Household","http://purl.obolibrary.org/obo/PCO_0000024","2. Date","","variable","","","","","","","","","",""
"http://purl.obolibrary.org/obo/EUPATH_0021263","Household healthcare","9 | 10","","","","Household","Household","http://purl.obolibrary.org/obo/PCO_0000024","","","category","","","","","","","","","",""
"http://purl.obolibrary.org/obo/EUPATH_0000341","Household vector intervention","8","","","","Household","Household","http://purl.obolibrary.org/obo/PCO_0000024","","","category","","","","","","","","","",""
"http://purl.obolibrary.org/obo/EUPATH_0000731","Household water","6","","","","Household","Household","http://purl.obolibrary.org/obo/PCO_0000024","","","category","","","","","","","","","",""
"http://purl.obolibrary.org/obo/EUPATH_0000304","Socioeconomic factors","7","","","","Household","Household","http://purl.obolibrary.org/obo/PCO_0000024","","","category","","","","","","","","","",""
"http://purl.obolibrary.org/obo/EUPATH_0029015","Daytime","1","coilusewhen_chk___1","khasi_data_2021-01-22_1310visits1_2_hh | jaintia_data_2021-01-22_1315visits1_2_hh","","Household","Household coil use time","http://purl.obolibrary.org/obo/EUPATH_0021244","1, Daytime [Mynsngi]","","value","","","","","","","","","",""
"http://purl.obolibrary.org/obo/EUPATH_0029016","Evening","2","coilusewhen_chk___2","khasi_data_2021-01-22_1310visits1_2_hh | jaintia_data_2021-01-22_1315visits1_2_hh","","Household","Household coil use time","http://purl.obolibrary.org/obo/EUPATH_0021244","2, Evening [Janmiet]","","value","","","","","","","","","",""
"http://purl.obolibrary.org/obo/EUPATH_0029017","Night","3","coilusewhen_chk___3","khasi_data_2021-01-22_1310visits1_2_hh | jaintia_data_2021-01-22_1315visits1_2_hh","","Household","Household coil use time","http://purl.obolibrary.org/obo/EUPATH_0021244","3, Night  time [Mynmiet]","","value","","","","","","","","","",""
"http://purl.obolibrary.org/obo/EUPATH_0029018","Other","4","coilusewhen_chk___4","khasi_data_2021-01-22_1310visits1_2_hh | jaintia_data_2021-01-22_1315visits1_2_hh","","Household","Household coil use time","http://purl.obolibrary.org/obo/EUPATH_0021244","4, Other [Kiwei kiwei]","","value","","","","","","","","","",""
"http://purl.obolibrary.org/obo/EUPATH_0029052","Antimalarial medications known to household","2","antimmedyes","khasi_data_2021-01-22_1310visits1_2_hh | jaintia_data_2021-01-22_1315visits1_2_hh","","Household","Household healthcare","http://purl.obolibrary.org/obo/EUPATH_0021263","B42. If yes, which ones? [Kiyi kite?]","","variable","","","","","","","","","",""
"http://purl.obolibrary.org/obo/EUPATH_0021265","Household antimalarial medication","4","antimmedathomeyes","khasi_data_2021-01-22_1310visits1_2_hh","","Household","Household healthcare","http://purl.obolibrary.org/obo/EUPATH_0021263","B44. If yes, which medicines? [Lada hooid, ki dawai aiu?]","","variable","","","","","","","","","",""
"http://purl.obolibrary.org/obo/EUPATH_0021264","Household antimalarial medication available","3","antimmedathome_rad","khasi_data_2021-01-22_1310visits1_2_hh | jaintia_data_2021-01-22_1315visits1_2_hh","","Household","Household healthcare","http://purl.obolibrary.org/obo/EUPATH_0021263","B43. Do you keep antimalarial medicine at home? [Juhbuh phi yei dawai khai-rih ha iung?]","2, Yes, sometimes [Hao,teintein] | 1, Yes, always [Hao,man I por] | 3, No [Lada ohoh]","variable","","","","","","","","","",""
"http://purl.obolibrary.org/obo/EUPATH_0029051","Household antimalarial mediciation knowledge","1","antimmed_yn","khasi_data_2021-01-22_1310visits1_2_hh | jaintia_data_2021-01-22_1315visits1_2_hh","","Household","Household healthcare","http://purl.obolibrary.org/obo/EUPATH_0021263","B41. Do you know any antimalarial medicine? [Phi ju tip ia ki dawai khie-shoh ha iing?]","","variable","","","","","","","","","",""
"http://purl.obolibrary.org/obo/EUPATH_0029002","Use mobile phone when household member sick","1","mobphonesickuse_rad","khasi_data_2021-01-22_1310visits1_2_hh | jaintia_data_2021-01-22_1315visits1_2_hh","","Household","Household healthcare","http://purl.obolibrary.org/obo/EUPATH_0021263","A13. Do you use a mobile phone when somebody is sick in the household? [Juh pynem kam phi ia ka mobile phone mynda em wa kjut ha iung?]","3, Don't know | 2, No | 1, Yes","variable","","","","","","","","","",""
"http://purl.obolibrary.org/obo/EUPATH_0029004","Who called when household member sick","2","mobphone_use","khasi_data_2021-01-22_1310visits1_2_hh | jaintia_data_2021-01-22_1315visits1_2_hh","","Household","Household healthcare","http://purl.obolibrary.org/obo/EUPATH_0021263","A14. If yes, who do you call? [Man da em was kjut ha iung, yei ii phone phi?]","","variable","","","","","","","","","",""
"http://purl.obolibrary.org/obo/EUPATH_0029021","Daytime","1","matusewhen_chk___1","khasi_data_2021-01-22_1310visits1_2_hh | jaintia_data_2021-01-22_1315visits1_2_hh","","Household","Household mat use time","http://purl.obolibrary.org/obo/EUPATH_0021247","1, Daytime [Mynsngi]","","value","","","","","","","","","",""
"http://purl.obolibrary.org/obo/EUPATH_0029023","Evening","2","matusewhen_chk___2","khasi_data_2021-01-22_1310visits1_2_hh | jaintia_data_2021-01-22_1315visits1_2_hh","","Household","Household mat use time","http://purl.obolibrary.org/obo/EUPATH_0021247","2, Evening [Janmiet]","","value","","","","","","","","","",""
"http://purl.obolibrary.org/obo/EUPATH_0029024","Night","3","matusewhen_chk___3","khasi_data_2021-01-22_1310visits1_2_hh | jaintia_data_2021-01-22_1315visits1_2_hh","","Household","Household mat use time","http://purl.obolibrary.org/obo/EUPATH_0021247","3, Night  time [Mynmiet]","","value","","","","","","","","","",""
"http://purl.obolibrary.org/obo/EUPATH_0029025","Other","4","matusewhen_chk___4","khasi_data_2021-01-22_1310visits1_2_hh | jaintia_data_2021-01-22_1315visits1_2_hh","","Household","Household mat use time","http://purl.obolibrary.org/obo/EUPATH_0021247","4, Other [Kiwei kiwei]","","value","","","","","","","","","",""
"http://purl.obolibrary.org/obo/EUPATH_0021253","Burning neem leaves or cow dung","5","antimozdung_myn","khasi_data_2021-01-22_1310visits1_2_hh | jaintia_data_2021-01-22_1315visits1_2_hh","","Household","Household mosquito repellent","http://purl.obolibrary.org/obo/EUPATH_0021242","B24. Use burning neem leaves or cow dung? [Juh thang phi deisla neem lane ka ait masi]","2, No | 1, Yes","value","","","","","","","","","",""
"http://purl.obolibrary.org/obo/EUPATH_0021254","Clear bushes around house","6","antimozbushes_myn","khasi_data_2021-01-22_1310visits1_2_hh | jaintia_data_2021-01-22_1315visits1_2_hh","","Household","Household mosquito repellent","http://purl.obolibrary.org/obo/EUPATH_0021242","B25. Clear bushes around house [Pynkhuid yei I nuit ha pchem iung]","2, No | 1, Yes","value","","","","","","","","","",""
"http://purl.obolibrary.org/obo/EUPATH_0021255","Clear stagnant water pools around house","7","antimozstagnant_myn","khasi_data_2021-01-22_1310visits1_2_hh | jaintia_data_2021-01-22_1315visits1_2_hh","","Household","Household mosquito repellent","http://purl.obolibrary.org/obo/EUPATH_0021242","B26. Clear stagnant water pools around house [Juh pynkhuid yei um wa lang hajan iung]","2, No | 1, Yes","value","","","","","","","","","",""
"http://purl.obolibrary.org/obo/EUPATH_0021243","Coils","1","coil_yn","khasi_data_2021-01-22_1310visits1_2_hh | jaintia_data_2021-01-22_1315visits1_2_hh","","Household","Household mosquito repellent","http://purl.obolibrary.org/obo/EUPATH_0021242","B11. Does your household use coils? [Juh pynemkam phi u coil ha iung?]","2, No | 1, Yes","value","","","","","","","","","",""
"http://purl.obolibrary.org/obo/EUPATH_0021252","Insecticide spray","4","antimozspray_myn","khasi_data_2021-01-22_1310visits1_2_hh | jaintia_data_2021-01-22_1315visits1_2_hh","","Household","Household mosquito repellent","http://purl.obolibrary.org/obo/EUPATH_0021242","B23. Use Insecticide spray? [Pyndonkam dawai synreit?]","2, No | 1, Yes","value","","","","","","","","","",""
"http://purl.obolibrary.org/obo/EUPATH_0021256","Keep windows and door closed in evening","9","antimozwindows_myn","khasi_data_2021-01-22_1310visits1_2_hh | jaintia_data_2021-01-22_1315visits1_2_hh","","Household","Household mosquito repellent","http://purl.obolibrary.org/obo/EUPATH_0021242","B28. Keep windows/door closed in evening [Khang yei jingkhang/ jingkhang-iit ha I por janmiet]","2, No | 1, Yes","value","","","","","","","","","",""
"http://purl.obolibrary.org/obo/EUPATH_0021246","Mats","2","mat_yn","khasi_data_2021-01-22_1310visits1_2_hh | jaintia_data_2021-01-22_1315visits1_2_hh","","Household","Household mosquito repellent","http://purl.obolibrary.org/obo/EUPATH_0021242","B15. Does your household use mats? [Ka long iing jong phi ka pyndonkam ia ki (mat) ban pynduna ia u skain pyrjong?]","","value","","","","","","","","","",""
"http://purl.obolibrary.org/obo/EUPATH_0021258","Other","11","antimozother_myn","khasi_data_2021-01-22_1310visits1_2_hh | jaintia_data_2021-01-22_1315visits1_2_hh","","Household","Household mosquito repellent","http://purl.obolibrary.org/obo/EUPATH_0021242","B30. Other [Kiwei kiwei]","2, No | 1, Yes","value","","","","","","","","","",""
"http://purl.obolibrary.org/obo/EUPATH_0021257","Screening of windows","10","antimozscreening_myn","khasi_data_2021-01-22_1310visits1_2_hh | jaintia_data_2021-01-22_1315visits1_2_hh","","Household","Household mosquito repellent","http://purl.obolibrary.org/obo/EUPATH_0021242","B29. Screening of windows [Kah pyrda yei jingkhang-iit]","2, No | 1, Yes","value","","","","","","","","","",""
"http://purl.obolibrary.org/obo/EUPATH_0029033","Use larvicide in ponds around the house","8","antimozlarvicide_myn","khasi_data_2021-01-22_1310visits1_2_hh | jaintia_data_2021-01-22_1315visits1_2_hh","","Household","Household mosquito repellent","http://purl.obolibrary.org/obo/EUPATH_0021242","B27. Use larvicide in ponds around the house [Pyndonkam dawai ban synreit ha ki pung ha jan iing]","2, No | 1, Yes","value","","","","","","","","","",""
"http://purl.obolibrary.org/obo/EUPATH_0021249","Vaporizers","3","vape_yn","khasi_data_2021-01-22_1310visits1_2_hh | jaintia_data_2021-01-22_1315visits1_2_hh","","Household","Household mosquito repellent","http://purl.obolibrary.org/obo/EUPATH_0021242","B19. Does your household use vaporizers? [Ha iung iong phi juh pynemkam phi ia ki vaporizers?]","","value","","","","","","","","","",""
"http://purl.obolibrary.org/obo/EUPATH_0029028","Daytime","1","vapeusewhen_chk___1","khasi_data_2021-01-22_1310visits1_2_hh | jaintia_data_2021-01-22_1315visits1_2_hh","","Household","Household vaporizer use time","http://purl.obolibrary.org/obo/EUPATH_0021250","1, Daytime [Mynsngi]","","value","","","","","","","","","",""
"http://purl.obolibrary.org/obo/EUPATH_0029030","Evening","2","vapeusewhen_chk___2","khasi_data_2021-01-22_1310visits1_2_hh | jaintia_data_2021-01-22_1315visits1_2_hh","","Household","Household vaporizer use time","http://purl.obolibrary.org/obo/EUPATH_0021250","2, Evening [Janmiet]","","value","","","","","","","","","",""
"http://purl.obolibrary.org/obo/EUPATH_0029031","Night","3","vapeusewhen_chk___3","khasi_data_2021-01-22_1310visits1_2_hh | jaintia_data_2021-01-22_1315visits1_2_hh","","Household","Household vaporizer use time","http://purl.obolibrary.org/obo/EUPATH_0021250","3, Night  time [Mynmiet]","","value","","","","","","","","","",""
"http://purl.obolibrary.org/obo/EUPATH_0029032","Other","4","vapeusewhen_chk___4","khasi_data_2021-01-22_1310visits1_2_hh | jaintia_data_2021-01-22_1315visits1_2_hh","","Household","Household vaporizer use time","http://purl.obolibrary.org/obo/EUPATH_0021250","4, Other [Kiwei kiwei]","","value","","","","","","","","","",""
"http://purl.obolibrary.org/obo/EUPATH_0020225","Bednet count","2","net_number","khasi_data_2021-01-22_1310visits1_2_hh | jaintia_data_2021-01-22_1315visits1_2_hh","","Household","Household vector intervention","http://purl.obolibrary.org/obo/EUPATH_0000341","B2. If yes, number of nets in the household [Katwon tylli ki musari em phi ha iung]","","variable","","","","","","","","","",""
"http://purl.obolibrary.org/obo/EUPATH_0029034","Chalk markings indicate IRS","19","chalkmark_yn","khasi_data_2021-01-22_1310visits1_2_hh | jaintia_data_2021-01-22_1315visits1_2_hh","","Household","Household vector intervention","http://purl.obolibrary.org/obo/EUPATH_0000341","B32. Are there chalk markings on the house indicating that DDT spraying was performed? (DO NOT ASK this, just observe, and choose Yes or No.)","","variable","","","","","","","","","",""
"http://purl.obolibrary.org/obo/EUPATH_0029045","Disturbed walls since last IRS","25","walltreat_yn","khasi_data_2021-01-22_1310visits1_2_hh | jaintia_data_2021-01-22_1315visits1_2_hh","Has anything been done to the walls since last IRS","Household","Household vector intervention","http://purl.obolibrary.org/obo/EUPATH_0000341","B38. Since the time of spraying, have you done anything to the walls (e.g. washing)? [Naduh ka por ba synreit phi lah ju leh eiei ia ka kynroh iing (e.g. sait)?]","","variable","","","","","","","","","",""
"http://purl.obolibrary.org/obo/EUPATH_0044136","Household ITNs","3","itn_yn","khasi_data_2021-01-22_1310visits1_2_hh | jaintia_data_2021-01-22_1315visits1_2_hh","","Household","Household vector intervention","http://purl.obolibrary.org/obo/EUPATH_0000341","B3. Are any of the nets ITNs? [Em na kini ki musari kiwa toh ki ITNs?]","","variable","","","","","","","","","",""
"http://purl.obolibrary.org/obo/EUPATH_0020232","Household bednets","1","net_yn","khasi_data_2021-01-22_1310visits1_2_hh | jaintia_data_2021-01-22_1315visits1_2_hh","","Household","Household vector intervention","http://purl.obolibrary.org/obo/EUPATH_0000341","B1. Does your household have a net? [Em musari phi ha iung?]","","variable","","","","","","","","","",""
"http://purl.obolibrary.org/obo/EUPATH_0021245","Household coil use frequency","13","coilusefreq_rad","khasi_data_2021-01-22_1310visits1_2_hh | jaintia_data_2021-01-22_1315visits1_2_hh","","Household","Household vector intervention","http://purl.obolibrary.org/obo/EUPATH_0000341","B14. If yes, how often do you use them? [Katwon sien juh pynemkam phi ki?]","3, Rarely [Duna Bha] | 2, Sometimes [Tein tein] | 1, Always [Man I por]","variable","","","","","","","","","",""
"http://purl.obolibrary.org/obo/EUPATH_0021244","Household coil use time","12","","","","Household","Household vector intervention","http://purl.obolibrary.org/obo/EUPATH_0000341","","","multifilter","","","","","","","","","",""
"http://purl.obolibrary.org/obo/EUPATH_0021248","Household mat use frequency","15","matusefreq_rad","khasi_data_2021-01-22_1310visits1_2_hh | jaintia_data_2021-01-22_1315visits1_2_hh","","Household","Household vector intervention","http://purl.obolibrary.org/obo/EUPATH_0000341","B18. If yes, how often do you use them? [Lada hooid, katno sein phi ju pyndonkam ia ki?]","2, Sometimes [Teng teng] | 3, Rarely [Kham niar] | 1, Always [Barobor]","variable","","","","","","","","","",""
"http://purl.obolibrary.org/obo/EUPATH_0021247","Household mat use time","14","","","","Household","Household vector intervention","http://purl.obolibrary.org/obo/EUPATH_0000341","","","multifilter","","","","","","","","","",""
"http://purl.obolibrary.org/obo/EUPATH_0021242","Household mosquito repellent","11","","","","Household","Household vector intervention","http://purl.obolibrary.org/obo/EUPATH_0000341","","","multifilter","","","","","","","","","",""
"http://purl.obolibrary.org/obo/EUPATH_0021251","Household vaporizer use frequency","17","vapeusefreq_rad","khasi_data_2021-01-22_1310visits1_2_hh | jaintia_data_2021-01-22_1315visits1_2_hh","","Household","Household vector intervention","http://purl.obolibrary.org/obo/EUPATH_0000341","B22. If yes, how often do you use them? [Katwon sien juh pynemkam phi ki?]","3, Rarely [Duna Bha] | 2, Sometimes [Tein tein] | 1, Always [Man I por]","variable","","","","","","","","","",""
"http://purl.obolibrary.org/obo/EUPATH_0021250","Household vaporizer use time","16","","","","Household","Household vector intervention","http://purl.obolibrary.org/obo/EUPATH_0000341","","","multifilter","","","","","","","","","",""
"http://purl.obolibrary.org/obo/EUPATH_0041014","ITN bednet count","5","itn_number","khasi_data_2021-01-22_1310visits1_2_hh | jaintia_data_2021-01-22_1315visits1_2_hh","","Household","Household vector intervention","http://purl.obolibrary.org/obo/EUPATH_0000341","B5. How many nets are ITNs? [Katwon ITN?]","","variable","","","","","","","","","",""
"http://purl.obolibrary.org/obo/EUPATH_0021240","ITN defects","9","itnhole_yn","khasi_data_2021-01-22_1310visits1_2_hh | jaintia_data_2021-01-22_1315visits1_2_hh","","Household","Household vector intervention","http://purl.obolibrary.org/obo/EUPATH_0000341","B9. Does the ITN have holes or other defects? [Don kino kino ki thliew lymne jingthut ha ka ITN jong phi?]","","variable","","","","","","","","","",""
"http://purl.obolibrary.org/obo/EUPATH_0021241","ITN repaired","10","itnholerepair_yn","khasi_data_2021-01-22_1310visits1_2_hh | jaintia_data_2021-01-22_1315visits1_2_hh","","Household","Household vector intervention","http://purl.obolibrary.org/obo/EUPATH_0000341","B10. If the ITN has holes, does somebody repair the net? [Lada pai thlu ka ITN iong phi, em mo ki wa juh pynchna ia ki?]","","variable","","","","","","","","","",""
"http://purl.obolibrary.org/obo/EUPATH_0029011","ITN washed","7","itnwash_yn","khasi_data_2021-01-22_1310visits1_2_hh | jaintia_data_2021-01-22_1315visits1_2_hh","","Household","Household vector intervention","http://purl.obolibrary.org/obo/EUPATH_0000341","B7. Do you wash your ITN? [Juh sait phi ka ITN?]","","variable","","","","","","","","","",""
"http://purl.obolibrary.org/obo/EUPATH_0029012","ITN washes count","8","itnwashnum","khasi_data_2021-01-22_1310visits1_2_hh | jaintia_data_2021-01-22_1315visits1_2_hh","","Household","Household vector intervention","http://purl.obolibrary.org/obo/EUPATH_0000341","B8. If yes, how many times have you washed it since you got the ITN? [Katwon sien da dep sait phi ka naduh I por wa ioh phi ka, ka ITN?]","","variable","","","","","","","","","",""
"http://purl.obolibrary.org/obo/EUPATH_0029043","Last IRS month and year","24","sprayedhousewhen","khasi_data_2021-01-22_1310visits1_2_hh | jaintia_data_2021-01-22_1315visits1_2_hh","","Household","Household vector intervention","http://purl.obolibrary.org/obo/EUPATH_0000341","B37. What was the Month and Year of the last time spray? [Naduh ii u bnai wa u snem dep synreit?]","","variable","","","","","","","","","",""
"http://purl.obolibrary.org/obo/EUPATH_0000390","Last fumigation date","20","chalkmarkdate","khasi_data_2021-01-22_1310visits1_2_hh | jaintia_data_2021-01-22_1315visits1_2_hh","","Household","Household vector intervention","http://purl.obolibrary.org/obo/EUPATH_0000341","B33. If Yes, What is the most recent date indicated?","","variable","","","","","","","","","",""
"http://purl.obolibrary.org/obo/EUPATH_0021259","Other household mosquito repellent","18","antimozother","khasi_data_2021-01-22_1310visits1_2_hh | jaintia_data_2021-01-22_1315visits1_2_hh","","Household","Household vector intervention","http://purl.obolibrary.org/obo/EUPATH_0000341","B31. Specify mosquito prevention method [Batai shai]","","variable","","","","","","","","","",""
"http://purl.obolibrary.org/obo/EUPATH_0029048","Other location sprayed in last 12 months","27","sprayedcompound_rad","khasi_data_2021-01-22_1310visits1_2_hh | jaintia_data_2021-01-22_1315visits1_2_hh","Has any other place in the compound been sprayed within the last year.","Household","Household vector intervention","http://purl.obolibrary.org/obo/EUPATH_0000341","B40. Has any other place on your compound been sprayed within the last year? [Lah synreit dawai ia kino kino ki jaka ha ka compound jong phi?]","3, Don't know | 2, No | 1, Yes","variable","","","","","","","","","",""
"http://purl.obolibrary.org/obo/EUPATH_0029041","Other reason refused IRS","23","notsprayedreasonother","khasi_data_2021-01-22_1310visits1_2_hh | jaintia_data_2021-01-22_1315visits1_2_hh","","Household","Household vector intervention","http://purl.obolibrary.org/obo/EUPATH_0000341","B36. Specify other reason why house was not sprayed [Batai che]","","variable","","","","","","","","","",""
"http://purl.obolibrary.org/obo/EUPATH_0021237","Reason no ITN","4","itnwhyno","khasi_data_2021-01-22_1310visits1_2_hh","","Household","Household vector intervention","http://purl.obolibrary.org/obo/EUPATH_0000341","B4. If no, is there a specific reason why there is no ITN? [Lada em, don kino kino ki daw ba phim don ITN?]","","variable","","","","","","","","","",""
"http://purl.obolibrary.org/obo/EUPATH_0044134","Reason refused IRS","22","","","","Household","Household vector intervention","http://purl.obolibrary.org/obo/EUPATH_0000341","","","multifilter","","","","","","","","","",""
"http://purl.obolibrary.org/obo/EUPATH_0000441","Sprayed in the last 12 months","21","sprayedhouse_rad","khasi_data_2021-01-22_1310visits1_2_hh | jaintia_data_2021-01-22_1315visits1_2_hh","","Household","Household vector intervention","http://purl.obolibrary.org/obo/EUPATH_0000341","B34. Has your house been sprayed with insecticide within the last 12 months? [Lah synreit dawai ia ka iing jong phi 12 bnai mynshwa?]","3, Don't know | 2, No | 1, Yes","variable","","","","","","","","","",""
"http://purl.obolibrary.org/obo/EUPATH_0029053","Time since ITN received (years)","","","","","Household","Household vector intervention","http://purl.obolibrary.org/obo/EUPATH_0000341","","","","","","","","","","","","",""
"http://purl.obolibrary.org/obo/EUPATH_0029046","Wall disturbance since last IRS","26","walltreatyes","khasi_data_2021-01-22_1310visits1_2_hh","What has been done to the walls since last IRS","Household","Household vector intervention","http://purl.obolibrary.org/obo/EUPATH_0000341","B39. if Yes, please describe what and when (after the IRS) [ Lada hooid, sngewbha batai]","","variable","","","","","","","","","",""
"http://purl.obolibrary.org/obo/EUPATH_0022122","When received ITN","6","itngetwhen","khasi_data_2021-01-22_1310visits1_2_hh | jaintia_data_2021-01-22_1315visits1_2_hh","","Household","Household vector intervention","http://purl.obolibrary.org/obo/EUPATH_0000341","B6. How long ago did you get the ITN? (How many years ago?) [La katnu snem ioh phi ia ka ITN?]","","variable","","","","","","","","","",""
"http://purl.obolibrary.org/obo/EUPATH_0021093","Water source","","water_rad | waterother","khasi_data_2021-01-22_1310visits1_2_hh | jaintia_data_2021-01-22_1315visits1_2_hh","","Household","Household water","http://purl.obolibrary.org/obo/EUPATH_0000731","A7. What type of water supply? [Ka rukom sam um?] | A8. Specify other water supply [Batai che]","1, Indoor plumbing [kor um ha iung] | 5, Public tank/pump [kor um paidbah/pump] | 3, Open well [pung um] | 6, Other [kiwi kiwi] | 2, Bore well [um pump] | 4, Stream/river [wahduid/wah]","variable","","","","","","","","","",""
"http://purl.obolibrary.org/obo/EUPATH_0029037","Dangerous for bees","3","notsprayedreason___3","khasi_data_2021-01-22_1310visits1_2_hh | jaintia_data_2021-01-22_1315visits1_2_hh","","Household","Reason refused IRS","http://purl.obolibrary.org/obo/EUPATH_0044134","3, Dangerous for bees [Em jingma ia ki ngap]","","value","","","","","","","","","",""
"http://purl.obolibrary.org/obo/EUPATH_0029038","Dangerous for silk production","4","notsprayedreason___4","khasi_data_2021-01-22_1310visits1_2_hh | jaintia_data_2021-01-22_1315visits1_2_hh","","Household","Reason refused IRS","http://purl.obolibrary.org/obo/EUPATH_0044134","4, Dangerous for silk production [Em jingma ia ki khniang ryndia]","","value","","","","","","","","","",""
"http://purl.obolibrary.org/obo/EUPATH_0029036","Don't like the smell","5","notsprayedreason___2","khasi_data_2021-01-22_1310visits1_2_hh | jaintia_data_2021-01-22_1315visits1_2_hh","","Household","Reason refused IRS","http://purl.obolibrary.org/obo/EUPATH_0044134","2, Don't like the smell [ym neh chah ia I sma]","","value","","","","","","","","","",""
"http://purl.obolibrary.org/obo/EUPATH_0029040","Other","2","notsprayedreason___5","khasi_data_2021-01-22_1310visits1_2_hh | jaintia_data_2021-01-22_1315visits1_2_hh","","Household","Reason refused IRS","http://purl.obolibrary.org/obo/EUPATH_0044134","5, Other [Kiwi kiwi]","","value","","","","","","","","","",""
"http://purl.obolibrary.org/obo/EUPATH_0029035","Stains the walls","1","notsprayedreason___1","khasi_data_2021-01-22_1310visits1_2_hh | jaintia_data_2021-01-22_1315visits1_2_hh","","Household","Reason refused IRS","http://purl.obolibrary.org/obo/EUPATH_0044134","1, Stains the walls [Pyntngit ki chram]","","value","","","","","","","","","",""
"http://purl.obolibrary.org/obo/EUPATH_0000144","Assets","","","","","Household","Socioeconomic factors","http://purl.obolibrary.org/obo/EUPATH_0000304","","","category","","","","","","","","","",""
"http://purl.obolibrary.org/obo/EUPATH_0000019","Persons living in house count","","numpeopleinhouse","khasi_data_2021-01-22_1310visits1_2_hh | jaintia_data_2021-01-22_1315visits1_2_hh","","Household","Socioeconomic factors","http://purl.obolibrary.org/obo/EUPATH_0000304","7. How many people are usually in the household? [Katno ngut ki briew ki don ha iing?]","","variable","","","","","","","","","",""
"http://purl.obolibrary.org/obo/EUPATH_0000451","Typical healthcare","","healthcare_rad | healthcareother","khasi_data_2021-01-22_1310visits1_2_hh | jaintia_data_2021-01-22_1315visits1_2_hh","","Household","Socioeconomic factors","http://purl.obolibrary.org/obo/EUPATH_0000304","A19. What do you typically use for health care? [Heiwon I thaw juh lai e sumar phi?] | A20. Specify other health care option [Batai shai]","3, Community health worker [U/ka nongkreh wa iatoh wa ka koit ka khiah ha chnong] | 2, Private health clinic [Jaka e sumar chimet] | 1, Public health clinic [Thaw e sumar ha sorkar] | 4, Other [Kiwi kiwi]","variable","","","","","","","","","",""
"http://purl.obolibrary.org/obo/EUPATH_0000335","Human waste facilities","","toilet_rad | toiletother","khasi_data_2021-01-22_1310visits1_2_hh | jaintia_data_2021-01-22_1315visits1_2_hh","","Household","Waste disposal","http://purl.obolibrary.org/obo/EUPATH_0000596","A10. Specify other toilet availability [Batai che] | A9. Is a toilet available? [Ka jingem painkhana?]","1, No toilet for household/open defecation [Ym em thaw lai painkhana ha iung] | 2, Pit latrine available [Dei theh um] | 3, Other [Kiwi kiwi tawon]","variable","","","","","","","","","",""
"http://purl.obolibrary.org/obo/EUPATH_0029001","Human waste facilities use frequency","","toiletuse_rad","khasi_data_2021-01-22_1310visits1_2_hh | jaintia_data_2021-01-22_1315visits1_2_hh","","Household","Waste disposal","http://purl.obolibrary.org/obo/EUPATH_0000596","A11. If there is a toilet, do people in the household use it? [Lada don jaka leit bar, ki briew ha iing ki pyndonkam ne em?]","1, Yes, always [Hooid, barobor] | 2, Yes, sometimes [Hooid, teng-teng] | 3, No [Em]","variable","","","","","","","","","",""
"http://purl.obolibrary.org/obo/EUPATH_0000738","Observation","","","","","Observation","","http://www.w3.org/2002/07/owl#Thing","","","","","","","","","","","","",""
"http://purl.obolibrary.org/obo/EUPATH_0021290","Activites before 6 am","9","pre6activity","khasi_data_2021-01-22_1310visits1_2_part | jaintia_data_2021-01-22_1315visits1_2_part","","Observation","Activity","http://purl.obolibrary.org/obo/EUPATH_0022066","C12. If before 6 o'clock in the morning, what activities do you (/ this child) usually do? [Lada shwa 6 o'clock in the morning, kiei ki jait kam phi leh barobor?]","","variable","","","","","","","","","",""
"http://purl.obolibrary.org/obo/EUPATH_0021291","Activites before 6 am location","10","pre6activity_rad","khasi_data_2021-01-22_1310visits1_2_part | jaintia_data_2021-01-22_1315visits1_2_part","","Observation","Activity","http://purl.obolibrary.org/obo/EUPATH_0022066","C13. Are these activities inside or outside the house? [Kini ki jait kam toh ki wa hapoh iung ne cha lait?]","1, Inside the house [Hapoh iung] | 4, Location changes every time [Man ka por kylla thaw] | 3, Location depending on season inside or outside [Chong ha ka aiom lane shaleit iung] | 2, Outside the house [Shaleit iung] | 5, Other [Kiwi kiwi]","variable","","","","","","","","","",""
"http://purl.obolibrary.org/obo/EUPATH_0021277","Activities before bedtime","3","prebedactivity","khasi_data_2021-01-22_1310visits1_2_part | jaintia_data_2021-01-22_1315visits1_2_part","","Observation","Activity","http://purl.obolibrary.org/obo/EUPATH_0022066","C7. What activities do you (/this child) usually do 1 hour before bedtime? [Kiei ki jait kam baphi ju leh shwa ka por ban thiah?]","","variable","","","","","","","","","",""
"http://purl.obolibrary.org/obo/EUPATH_0021286","Activities before bedtime location","4","prebedactivityplace_rad","khasi_data_2021-01-22_1310visits1_2_part | jaintia_data_2021-01-22_1315visits1_2_part","","Observation","Activity","http://purl.obolibrary.org/obo/EUPATH_0022066","C8. Where are these activities usually? [Heiwon juh leh phi kini ki jaitkam?]","1, Inside the house [Hapoh iung] | 4, Location changes every time [Man ka por kylla thaw] | 3, Location depending on season inside or outside [Chong ha ka aiom lane shaleit iung] | 2, Outside the house [Shaleit iung] | 5, Other [Kiwi kiwi]","variable","","","","","","","","","",""
"http://purl.obolibrary.org/obo/EUPATH_0029013","Child uses toilet","11","childtoiletuse_yn","khasi_data_2021-01-22_1310visits1_2_part | jaintia_data_2021-01-22_1315visits1_2_part","","Observation","Activity","http://purl.obolibrary.org/obo/EUPATH_0022066","C15. Does the child use the toilet? [Ki khun jong phi ki ju pyndonkam ia ka painkhana?]","","variable","","","","","","","","","",""
"http://purl.obolibrary.org/obo/EUPATH_0021276","Dinner location","2","dinnerplace_rad","khasi_data_2021-01-22_1310visits1_2_part | jaintia_data_2021-01-22_1315visits1_2_part","","Observation","Activity","http://purl.obolibrary.org/obo/EUPATH_0022066","C2. Where do you (/this child) usually eat dinner? [Hei won juh bamja miet phi man ka por?]","1, Inside the house [Hapoh iung] | 4, Location changes every time [Man ka por kylla thaw] | 3, Location depending on season inside or outside [Chong ha ka aiom lane shaleit iung] | 2, Outside the house [Shaleit iung] | 5, Other [Kiwi kiwi]","variable","","","","","","","","","",""
"http://purl.obolibrary.org/obo/EUPATH_0021275","Dinner time","1","dinnertime","khasi_data_2021-01-22_1310visits1_2_part | jaintia_data_2021-01-22_1315visits1_2_part","","Observation","Activity","http://purl.obolibrary.org/obo/EUPATH_0022066","C1. At what time do you (/this child) usually eat dinner? [Man ka por, katwon waje juh bamja miet phi (ne u/ka khyah)?]","","variable","","","","","","","","","",""
"http://purl.obolibrary.org/obo/EUPATH_0029003","Ever stay in fields at night","6","farminfield_rad","khasi_data_2021-01-22_1310visits1_2_part | jaintia_data_2021-01-22_1315visits1_2_part","","Observation","Activity","http://purl.obolibrary.org/obo/EUPATH_0022066","A5. Do you stay in the fields for any reason for one night or more? [Juhsah phi cha lum hei por thung por tep chi miet lane chibun miet?]","2, No | 1, Yes | 3, Not applicable","variable","","","","","","","","","",""
"http://purl.obolibrary.org/obo/EUPATH_0021294","Go outside at night to toilet","5","nighttoilet_yn","khasi_data_2021-01-22_1310visits1_2_part | jaintia_data_2021-01-22_1315visits1_2_part","","Observation","Activity","http://purl.obolibrary.org/obo/EUPATH_0022066","C10. Do you (/this child) go out of the house at night to go to the toilet? [Juh mih cha lait hei pormiet ioh u lai painkhana?]","","variable","","","","","","","","","",""
"http://purl.obolibrary.org/obo/EUPATH_0029005","Nights in field (count)","7","farminfieldnights","khasi_data_2021-01-22_1310visits1_2_part | jaintia_data_2021-01-22_1315visits1_2_part","","Observation","Activity","http://purl.obolibrary.org/obo/EUPATH_0022066","A6. If yes, how many nights usually? [Katwon miet juhsah phi?]","","variable","","","","","","","","","",""
"http://purl.obolibrary.org/obo/EUPATH_0029014","Other child feces disposal mechanism","12","childtoiletuse_rad | childtoiletuseother","khasi_data_2021-01-22_1310visits1_2_part | jaintia_data_2021-01-22_1315visits1_2_part","","Observation","Activity","http://purl.obolibrary.org/obo/EUPATH_0022066","C17. Specify other | C16. If no, how are the faeces disposed of? [Lada em, haei ki ju bret ia ki painkhana?]","4, Buried [Tep] | 2, Put/rinsed into drain or ditch [ ha thliew] | 5, Left in the open [Buh khlem tep] | 3,  Thrown into garbage [Bret ha jaka bret niut] | 1, Put/rinsed into toilet or latrine[Painkhana theh um] | 6, Other (specify) [kiwei kiwei batai shai]","variable","","","","","","","","","",""
"http://purl.obolibrary.org/obo/EUPATH_0029006","Take ITN when in fields at night","8","farminfielditn","khasi_data_2021-01-22_1310visits1_2_part | jaintia_data_2021-01-22_1315visits1_2_part","","Observation","Activity","http://purl.obolibrary.org/obo/EUPATH_0022066","A7. If yes, do you take an insecticide treated net ITN with you? [Lada hooid phi shait rah musari ITN?]","","variable","","","","","","","","","",""
"http://purl.obolibrary.org/obo/EUPATH_0029050","Antenatal clinic","2","pregindclinicname","khasi_data_2021-01-22_1310visits1_2_part | jaintia_data_2021-01-22_1315visits1_2_part","","Observation","Antenatal care","http://purl.obolibrary.org/obo/EUPATH_0047002","F23. Which clinic did you visit? [Kam ka won ka clinic lai ko?] (Enter DK if she does not know)","","variable","","","","","","","","","",""
"http://purl.obolibrary.org/obo/EUPATH_0029049","Visited antenatal clinic","1","pregindclinic_rad","khasi_data_2021-01-22_1310visits1_2_part | jaintia_data_2021-01-22_1315visits1_2_part","","Observation","Antenatal care","http://purl.obolibrary.org/obo/EUPATH_0047002","F22. Have you visited the antenatal clinic? [Da juh lai ki cha ante natal clinic?]","3, Don't know | 2, No | 1, Yes","variable","","","","","","","","","",""
"http://purl.obolibrary.org/obo/EUPATH_0010075","Height","1","height","khasi_data_2021-01-22_1310visits1_2_part | jaintia_data_2021-01-22_1315visits1_2_part","","Participant","Anthropometry","http://purl.obolibrary.org/obo/EUPATH_0000649","F12. Height (cm)","","variable","","cm","http://purl.obolibrary.org/obo/UO_0000015","","","","","","",""
"http://purl.obolibrary.org/obo/EUPATH_0029044","Height measurement performed","4","height_yn","khasi_data_2021-01-22_1310visits1_2_part | jaintia_data_2021-01-22_1315visits1_2_part","","Observation","Anthropometry","http://purl.obolibrary.org/obo/EUPATH_0000649","F11. Was the height taken?","","variable","","","","","","","","","",""
"http://purl.obolibrary.org/obo/EUPATH_0010084","MUAC","2","muarmcir","khasi_data_2021-01-22_1310visits1_2_part | jaintia_data_2021-01-22_1315visits1_2_part","","Participant","Anthropometry","http://purl.obolibrary.org/obo/EUPATH_0000649","F14. Mid upper arm circumference (cm)","","variable","","cm","http://purl.obolibrary.org/obo/UO_0000015","","","","","","",""
"http://purl.obolibrary.org/obo/EUPATH_0029047","MUAC measurement performed","5","muarmcir_yn","khasi_data_2021-01-22_1310visits1_2_part | jaintia_data_2021-01-22_1315visits1_2_part","","Observation","Anthropometry","http://purl.obolibrary.org/obo/EUPATH_0000649","F13. Was mid upper arm circumference taken?","","variable","","","","","","","","","",""
"http://purl.obolibrary.org/obo/IAO_0000414","Weight","3","weight","khasi_data_2021-01-22_1310visits1_2_part | jaintia_data_2021-01-22_1315visits1_2_part","","Participant","Anthropometry","http://purl.obolibrary.org/obo/EUPATH_0000649","F10. Weight (kg)","","variable","EUPATH_0000732","kg","http://purl.obolibrary.org/obo/UO_0000009","","","","","","",""
"http://purl.obolibrary.org/obo/EUPATH_0029042","Weight measurement performed","6","weight_yn","khasi_data_2021-01-22_1310visits1_2_part | jaintia_data_2021-01-22_1315visits1_2_part","","Observation","Anthropometry","http://purl.obolibrary.org/obo/EUPATH_0000649","F9. Was the weight taken?","","variable","","","","","","","","","",""
"http://purl.obolibrary.org/obo/EUPATH_0021096","Fever in last 2 weeks","1","fever2wks_rad","khasi_data_2021-01-22_1310visits1_2_part | jaintia_data_2021-01-22_1315visits1_2_part","","Observation","Immediate clinical history","http://purl.obolibrary.org/obo/EUPATH_0021098","F1. Did you have fever in the last 2 weeks? [Phi ioh khieshit myn 2 taiew shwa?]","3, Don't know | 2, No | 1, Yes","variable","","","","","","","","","",""
"http://purl.obolibrary.org/obo/EUPATH_0025135","Received antimalarial treatment in last 2 weeks","2","treat2wks_rad","khasi_data_2021-01-22_1310visits1_2_part | jaintia_data_2021-01-22_1315visits1_2_part","","Observation","Immediate clinical history","http://purl.obolibrary.org/obo/EUPATH_0021098","F2. Did you get malaria treatment in the last 2 weeks? [Da ioh jingsumar phi nei bynta i khai rieh ha kini ki 2 taiaw wa da lai?]","3, Don't know | 2, No | 1, Yes","variable","","","","","","","","","",""
"http://purl.obolibrary.org/obo/EUPATH_0029007","Know malaria symptoms","1","knowmsigns_yn","khasi_data_2021-01-22_1310visits1_2_part | jaintia_data_2021-01-22_1315visits1_2_part","Does the participant know the signs and symptoms of malaria","Observation","Malaria knowledge","http://purl.obolibrary.org/obo/EUPATH_0024033","B1. Do you know the signs and symptoms of malaria? [Lada phi don ki dak ki shin jong ka jingpang khieshoh?]","","variable","","","","","","","","","",""
"http://purl.obolibrary.org/obo/EUPATH_0024032","Malaria symptoms knowledge","2","","","","Observation","Malaria knowledge","http://purl.obolibrary.org/obo/EUPATH_0024033","","","multifilter","","","","","","","","","",""
"http://purl.obolibrary.org/obo/EUPATH_0029008","Other malaria symptoms knowledge","3","msign_ifother","khasi_data_2021-01-22_1310visits1_2_part","","Observation","Malaria knowledge","http://purl.obolibrary.org/obo/EUPATH_0024033","B3. Specify other signs or symptoms known [Batai che]","","variable","","","","","","","","","",""
"http://purl.obolibrary.org/obo/EUPATH_0021268","Proposed malaria treatment source","4","treatment1st_rad","khasi_data_2021-01-22_1310visits1_2_part | jaintia_data_2021-01-22_1315visits1_2_part","Where the participant would seek treatment first if they had signs and symptoms of malaria","Observation","Malaria knowledge","http://purl.obolibrary.org/obo/EUPATH_0024033","B4. If you (/this child) showed signs and symptoms of malaria, where would you seek treatment first? [Lada phi ( I khun jong phi) don ki dak ki shin jong ka jingpang khiehshoh rieh, ha kaba nyngkong eh shano phin leit naka bynta ban ioh jingsumar]?","8, Use medicines I still have at home [Pyndonkam da ki dawai kiba nga dang don ha iing] | 9, Nowhere [Shano shano ruh em] | 3, Private clinic [Jaka ai sumar riew shimet] | 1, Asha | 6, Traditional healer / local practitioner [Nongsumar  khasi/ Nongsumar ba don ha shnong] | 2, Government local health center/clinic [Jaka ai sumar jong ka sorkar] | 7, Use local herbs / home remedies [Pyndonkam da ki kynbat ba ioh ha shnong/kaei kaei kaba shu  shna ha iing] | 10, I don't know [Ngam tip] | 4, Pharmacy | 11, Other [Kiwei kiwei]","variable","","","","","","","","","",""
"http://purl.obolibrary.org/obo/EUPATH_0021271","Proposed malaria treatment source, 2nd","6","treatment2ndother | treatment2nd_rad","khasi_data_2021-01-22_1310visits1_2_part | jaintia_data_2021-01-22_1315visits1_2_part","If the first treatment did not help, where the participant would go next","Observation","Malaria knowledge","http://purl.obolibrary.org/obo/EUPATH_0024033","B7. If the first treatment did not help, where would you go next? [Lada phim ioh jingkoit haka jingsumar ba nyngkong, shano pat phin leit ban ioh jingsumar mynta?] | B8. Specify other second treament option [Batai che]","8, Use medicines I still have at home [Pyndonkam da ki dawai kiba nga dang don ha iing] | 9, Nowhere [Shano shano ruh em] | 3, Private clinic [Jaka ai sumar riew shimet] | 1, Asha | 6, Traditional healer / local practitioner [Nongsumar  khasi/ Nongsumar ba don ha shnong] | 2, Government local health center/clinic [Jaka ai sumar jong ka sorkar] | 7, Use local herbs / home remedies [Pyndonkam da ki kynbat ba ioh ha shnong/kaei kaei kaba shu  shna ha iing] | 10, I don't know [Ngam tip] | 4, Pharmacy | 11, Other [Kiwei kiwei]","variable","","","","","","","","","",""
"http://purl.obolibrary.org/obo/EUPATH_0021270","Proposed time to seek malaria treatment (days)","5","howsoontreat","khasi_data_2021-01-22_1310visits1_2_part | jaintia_data_2021-01-22_1315visits1_2_part","How soon after suspecting malaria the participant would seek treatment","Observation","Malaria knowledge","http://purl.obolibrary.org/obo/EUPATH_0024033","B6. How soon (in days) after suspecting malaria would you seek treatment for yourself (/this child)? [Hadein katno phin long ba la kloi ban wad ia ki lad jingsumar ynda phi sngew ba phi don ia ka jingpang khieshoh rieh?]","","variable","","","","","","","","","",""
"http://purl.obolibrary.org/obo/EUPATH_0024023","Body ache or pain","1","msign_aches_rad","khasi_data_2021-01-22_1310visits1_2_part | jaintia_data_2021-01-22_1315visits1_2_part","","Observation","Malaria symptoms knowledge","http://purl.obolibrary.org/obo/EUPATH_0024032","Body aches mentioned [Ktha met]","2, No | 1, Yes","value","","","","","","","","","",""
"http://purl.obolibrary.org/obo/EUPATH_0024020","Chills","2","msign_chills_rad","khasi_data_2021-01-22_1310visits1_2_part | jaintia_data_2021-01-22_1315visits1_2_part","","Observation","Malaria symptoms knowledge","http://purl.obolibrary.org/obo/EUPATH_0024032","Chills mentioned [ Suh khriat]","2, No | 1, Yes","value","","","","","","","","","",""
"http://purl.obolibrary.org/obo/EUPATH_0024018","Fever","3","msign_fever_rad","khasi_data_2021-01-22_1310visits1_2_part | jaintia_data_2021-01-22_1315visits1_2_part","","Observation","Malaria symptoms knowledge","http://purl.obolibrary.org/obo/EUPATH_0024032","Fever mentioned [indoh]","2, No | 1, Yes","value","","","","","","","","","",""
"http://purl.obolibrary.org/obo/EUPATH_0024019","Headache","4","msign_headache_rad","khasi_data_2021-01-22_1310visits1_2_part | jaintia_data_2021-01-22_1315visits1_2_part","","Observation","Malaria symptoms knowledge","http://purl.obolibrary.org/obo/EUPATH_0024032","Headache mentioned [kjut khlieh]","2, No | 1, Yes","value","","","","","","","","","",""
"http://purl.obolibrary.org/obo/EUPATH_0024031","Other","5","msign_other_rad","khasi_data_2021-01-22_1310visits1_2_part | jaintia_data_2021-01-22_1315visits1_2_part","","Observation","Malaria symptoms knowledge","http://purl.obolibrary.org/obo/EUPATH_0024032","Any other [kiwi kiwi tawan]","2, No | 1, Yes","value","","","","","","","","","",""
"http://purl.obolibrary.org/obo/EUPATH_0022066","Activity","10","","","","Observation","Observation","http://purl.obolibrary.org/obo/EUPATH_0000738","","","category","","","","","","","","","",""
"http://purl.obolibrary.org/obo/EUPATH_0000649","Anthropometry","4","","","","Observation","Observation","http://purl.obolibrary.org/obo/EUPATH_0000738","","","category","","","","","","","","","",""
"http://purl.obolibrary.org/obo/OGMS_0000015","Clinical history","3","","","","Participant","Participant","http://purl.obolibrary.org/obo/EUPATH_0000096","","","category","EUPATH_0021098","","","","","","","","",""
"http://purl.obolibrary.org/obo/EUPATH_0024033","Malaria knowledge","12","","","","Observation","Observation","http://purl.obolibrary.org/obo/EUPATH_0000738","","","category","","","","","","","","","",""
"http://purl.obolibrary.org/obo/EUPATH_0000310","Observation details","2","","","","Observation","Observation","http://purl.obolibrary.org/obo/EUPATH_0000738","","","category","","","","","","","","","",""
"http://purl.obolibrary.org/obo/BFO_0000015","Observation type","1","redcap_repeat_instance","khasi_data_2021-01-22_1310visits1_2_part | jaintia_data_2021-01-22_1315visits1_2_part","","Observation","Observation","http://purl.obolibrary.org/obo/EUPATH_0000738","","","variable","","","","","","","","","",""
"http://purl.obolibrary.org/obo/EUPATH_0042002","Obstetrics","7","","","","Observation","Observation","http://purl.obolibrary.org/obo/EUPATH_0000738","","","category","","","","","","","","","",""
"http://purl.obolibrary.org/obo/EUPATH_0021097","Personal vector intervention","8","","","","Observation","Observation","http://purl.obolibrary.org/obo/EUPATH_0000738","","","category","","","","","","","","","",""
"http://purl.obolibrary.org/obo/OGMS_0000083","Physical examination","5","","","","Observation","Observation","http://purl.obolibrary.org/obo/EUPATH_0000738","","","category","","","","","","","","","",""
"http://purl.obolibrary.org/obo/EUPATH_0000309","Signs and symptoms","6","","","","Observation","Observation","http://purl.obolibrary.org/obo/EUPATH_0000738","","","category","","","","","","","","","",""
"http://purl.obolibrary.org/obo/EUPATH_0020255","Sleeping habits","11","","","","Observation","Observation","http://purl.obolibrary.org/obo/EUPATH_0000738","","","category","","","","","","","","","",""
"http://purl.obolibrary.org/obo/EUPATH_0000340","Travel details","9","","","","Observation","Observation","http://purl.obolibrary.org/obo/EUPATH_0000738","","","category","","","","","","","","","",""
"http://purl.obolibrary.org/obo/OBI_0001169","Age","","age","khasi_data_2021-01-22_1310visits1_2_part | jaintia_data_2021-01-22_1315visits1_2_part","","Observation","Observation details","http://purl.obolibrary.org/obo/EUPATH_0000310","O3. Age","","variable","","","","","","","","","",""
"http://purl.obolibrary.org/obo/EUPATH_0004991","Observation date","","occdate","khasi_data_2021-01-22_1310visits1_2_part | jaintia_data_2021-01-22_1315visits1_2_part","","Observation","Observation details","http://purl.obolibrary.org/obo/EUPATH_0000310","Date of Interview","","variable","","","","","","","","","",""
"http://purl.obolibrary.org/obo/EUPATH_0042004","Pregnancy","2","","","","Observation","Obstetrics","http://purl.obolibrary.org/obo/EUPATH_0042002","","","category","","","","","","","","","",""
"http://purl.obolibrary.org/obo/UBERON_0009097","Pregnant","1","pregind_rad","khasi_data_2021-01-22_1310visits1_2_part | jaintia_data_2021-01-22_1315visits1_2_part","","Observation","Obstetrics","http://purl.obolibrary.org/obo/EUPATH_0042002","F20. (Ask only if the participant is female and in the fertile age range, otherwise choose Not applicable. Choose Yes if she is visibly pregnant. ) Are you pregnant? [Pun khon phi?]","3, Don't know | 2, No | 1, Yes | 4, Not applicable","variable","","","","","","","","","",""
"http://purl.obolibrary.org/obo/EUPATH_0029026","Burn neem leaves or cow dung","4","bitepreventburn_rad","khasi_data_2021-01-22_1310visits1_2_part | jaintia_data_2021-01-22_1315visits1_2_part","","Observation","Personal mosquito repellent","http://purl.obolibrary.org/obo/EUPATH_0000439","D12. Burn material (like neem leaves, cow dung) [Kynbat, Eit Masi]","2, No | 1, Yes","value","","","","","","","","","",""
"http://purl.obolibrary.org/obo/EUPATH_0021062","Coils","1","bitepreventcoil_rad","khasi_data_2021-01-22_1310visits1_2_part | jaintia_data_2021-01-22_1315visits1_2_part","","Observation","Personal mosquito repellent","http://purl.obolibrary.org/obo/EUPATH_0000439","D9. Coil","2, No | 1, Yes","value","","","","","","","","","",""
"http://purl.obolibrary.org/obo/EUPATH_0021065","Mat","3","bitepreventmat_rad","khasi_data_2021-01-22_1310visits1_2_part | jaintia_data_2021-01-22_1315visits1_2_part","","Observation","Personal mosquito repellent","http://purl.obolibrary.org/obo/EUPATH_0000439","D11. Mat","2, No | 1, Yes","value","","","","","","","","","",""
"http://purl.obolibrary.org/obo/EUPATH_0029027","Other","5","bitepreventother_rad","khasi_data_2021-01-22_1310visits1_2_part | jaintia_data_2021-01-22_1315visits1_2_part","","Observation","Personal mosquito repellent","http://purl.obolibrary.org/obo/EUPATH_0000439","D13. Other [Kiwi kiwi,]","2, No | 1, Yes","value","","","","","","","","","",""
"http://purl.obolibrary.org/obo/EUPATH_0021063","Vapor or liquidizer","2","bitepreventvape_rad","khasi_data_2021-01-22_1310visits1_2_part | jaintia_data_2021-01-22_1315visits1_2_part","","Observation","Personal mosquito repellent","http://purl.obolibrary.org/obo/EUPATH_0000439","D10. Vaporizer","2, No | 1, Yes","value","","","","","","","","","",""
"http://purl.obolibrary.org/obo/EUPATH_0025013","Bednet last night","4","netlastnight_yn","khasi_data_2021-01-22_1310visits1_2_part | jaintia_data_2021-01-22_1315visits1_2_part","","Observation","Personal vector intervention","http://purl.obolibrary.org/obo/EUPATH_0021097","D5. Did you use the net last night? [Pynemkam phi ia ka musari hyin I miet?]","","variable","","","","","","","","","",""
"http://purl.obolibrary.org/obo/EUPATH_0029019","Bednet use frequency","3","nightnetitnfreq_rad","khasi_data_2021-01-22_1310visits1_2_part | jaintia_data_2021-01-22_1315visits1_2_part","","Observation","Personal vector intervention","http://purl.obolibrary.org/obo/EUPATH_0021097","D3. How often do you use the net? [Katno sein phi ju pydonkam ia ka?]","4, Rarely [Kham niar] | 5, Only in rainy season [Tang ha ka por slap] | 3, Sometimes [Teng teng] | 1, Every night [Man ka meit] | 6, Other [Kiwei kiwei] | 2, Most of the times [Man ka por]","variable","","","","","","","","","",""
"http://purl.obolibrary.org/obo/EUPATH_0029029","Best personal vector interventions","10","bestprevention","khasi_data_2021-01-22_1310visits1_2_part | jaintia_data_2021-01-22_1315visits1_2_part","","Observation","Personal vector intervention","http://purl.obolibrary.org/obo/EUPATH_0021097","D15. What do you think works best to prevent malaria? (enter 'DK' if don't know) [Dei yi pyrkhat phi toh kawa miat tam ioh u iarap hei iada iaka kjut khaI rieh?]","","variable","","","","","","","","","",""
"http://purl.obolibrary.org/obo/EUPATH_0029020","Cover arms and legs in evening and early morning frequency","7","coverlimbs_rad","khasi_data_2021-01-22_1310visits1_2_part | jaintia_data_2021-01-22_1315visits1_2_part","","Observation","Personal vector intervention","http://purl.obolibrary.org/obo/EUPATH_0021097","D7. Do you cover your arms and legs during evening and early morning to prevent mosquito bites? [Phi ju sop ia ki kti bad ki kjat ha ka por janmeit bad dang step ban iada naka jing shah dait ha u skain pyrjong?]","2, Sometimes [Teng teng] | 3, Rarely [Kham niar] | 4, Never [Da lei ruh em] | 1, Always [Man ka por]","variable","","","","","","","","","",""
"http://purl.obolibrary.org/obo/EUPATH_0029022","Cream or spray frequency","8","creamuse_rad","khasi_data_2021-01-22_1310visits1_2_part | jaintia_data_2021-01-22_1315visits1_2_part","","Observation","Personal vector intervention","http://purl.obolibrary.org/obo/EUPATH_0021097","D8. Do you use insecticide cream to prevent mosquito bites? [Phi ju pyndonkam ia ki dawai tah kiba iarap ban pynduna ia ka jingshah dait ha u skain pyrjong?]","2, Sometimes [Teng teng] | 3, Rarely [Kham niar] | 4, Never [Da lei ruh em] | 1, Always [Man ka por]","variable","","","","","","","","","",""
"http://purl.obolibrary.org/obo/EUPATH_0022169","Other personal vector interventions","9","bitepreventionother","khasi_data_2021-01-22_1310visits1_2_part | jaintia_data_2021-01-22_1315visits1_2_part","","Observation","Personal vector intervention","http://purl.obolibrary.org/obo/EUPATH_0021097","D14. Specify other bite prevention method [Batai che]","","variable","","","","","","","","","",""
"http://purl.obolibrary.org/obo/EUPATH_0000439","Personal mosquito repellent","6","","","","Observation","Personal vector intervention","http://purl.obolibrary.org/obo/EUPATH_0021097","","","multifilter","","","","","","","","","",""
"http://purl.obolibrary.org/obo/EUPATH_0024158","Reason for not using a bednet","5","nonetlastnight_reason","khasi_data_2021-01-22_1310visits1_2_part","","Observation","Personal vector intervention","http://purl.obolibrary.org/obo/EUPATH_0021097","D6. If you do not use a net, what is the reason? [Lada ym em pynem kam phi ka musari hyin miet, nay i daw?]","","variable","","","","","","","","","",""
"http://purl.obolibrary.org/obo/EUPATH_0021296","Use ITN","2","nightnetitn_rad","khasi_data_2021-01-22_1310visits1_2_part | jaintia_data_2021-01-22_1315visits1_2_part","","Observation","Personal vector intervention","http://purl.obolibrary.org/obo/EUPATH_0021097","D2. If yes, is the net treated with insecticide? [Toh hi kini ki musari kiwa da dep wieh dawai?]","3, Don't know | 2, No | 1, Yes","variable","","","","","","","","","",""
"http://purl.obolibrary.org/obo/EUPATH_0024142","Use bednet","1","nightnet_yn","khasi_data_2021-01-22_1310visits1_2_part | jaintia_data_2021-01-22_1315visits1_2_part","","Observation","Personal vector intervention","http://purl.obolibrary.org/obo/EUPATH_0021097","D1. Do you use a net at night? [Juh pynemkam phi ia ka musari hei pormiet?]","","variable","","","","","","","","","",""
"http://purl.obolibrary.org/obo/EUPATH_0000110","Temperature","","temp","khasi_data_2021-01-22_1310visits1_2_part | jaintia_data_2021-01-22_1315visits1_2_part","","Participant","Physical examination","http://purl.obolibrary.org/obo/OGMS_0000083","F8. Body temperature at the time of visit","","variable","","C","http://purl.obolibrary.org/obo/UO_0000027","","","","","","",""
"http://purl.obolibrary.org/obo/EUPATH_0029039","Temperature measurement performed","","temp_yn","khasi_data_2021-01-22_1310visits1_2_part | jaintia_data_2021-01-22_1315visits1_2_part","","Observation","Physical examination","http://purl.obolibrary.org/obo/OGMS_0000083","F7. Was the body temperature taken?","","variable","","","","","","","","","",""
"http://purl.obolibrary.org/obo/EUPATH_0047002","Antenatal care","1","","","","Observation","Pregnancy","http://purl.obolibrary.org/obo/EUPATH_0042004","","","category","","","","","","","","","",""
"http://purl.obolibrary.org/obo/ONTONEO_00000255","Gestational age (weeks)","2","pregind_weeks","khasi_data_2021-01-22_1310visits1_2_part | jaintia_data_2021-01-22_1315visits1_2_part","","Observation","Pregnancy","http://purl.obolibrary.org/obo/EUPATH_0042004","F21. How many weeks pregnant?","","variable","","","","","","","","","",""
"http://purl.obolibrary.org/obo/EUPATH_0021090","Fever in last 48hrs","1","fever48hrs","khasi_data_2021-01-22_1310visits1_2_part | jaintia_data_2021-01-22_1315visits1_2_part","","Observation","Signs and symptoms","http://purl.obolibrary.org/obo/EUPATH_0000309","F3. Have you had fever in the last 48 hours? [Sniaw kjut phi lane em iin doh phi ha kini ki 48 kynta wa da lai?]","3, Don't know | 2, No | 1, Yes","variable","","","","","","","","","",""
"http://purl.obolibrary.org/obo/EUPATH_0033253","Other symptom","3","symptoms_ifother","khasi_data_2021-01-22_1310visits1_2_part | jaintia_data_2021-01-22_1315visits1_2_part","","Observation","Signs and symptoms","http://purl.obolibrary.org/obo/EUPATH_0000309","F6. Specify other symptoms present now [Batai shai]","","variable","","","","","","","","","",""
"http://purl.obolibrary.org/obo/EUPATH_0021002","Symptoms","2","","","","Observation","Signs and symptoms","http://purl.obolibrary.org/obo/EUPATH_0000309","","","multifilter","","","","","","","","","",""
"http://purl.obolibrary.org/obo/NCIT_C64593","Bed time","1","bedtime","khasi_data_2021-01-22_1310visits1_2_part | jaintia_data_2021-01-22_1315visits1_2_part","","Observation","Sleeping habits","http://purl.obolibrary.org/obo/EUPATH_0020255","C4. At what time do you (/this child) go to bed? [Katwon waje juh thiah phi man ka por?]","","variable","","","","","","","","","",""
"http://purl.obolibrary.org/obo/EUPATH_0020163","Out of bed time","3","waketime","khasi_data_2021-01-22_1310visits1_2_part | jaintia_data_2021-01-22_1315visits1_2_part","","Observation","Sleeping habits","http://purl.obolibrary.org/obo/EUPATH_0020255","C11. At what time do you (/this child) wake up and get out of bed? [Katno baje phi ju hiar na jingthiah?]","","variable","","","","","","","","","",""
"http://purl.obolibrary.org/obo/EUPATH_0021289","Sleeping location","2","sleepplace_rad","khasi_data_2021-01-22_1310visits1_2_part | jaintia_data_2021-01-22_1315visits1_2_part","","Observation","Sleeping habits","http://purl.obolibrary.org/obo/EUPATH_0020255","C5. Where do you (/this child) usually sleep? [Heiwon juh thiah phi man ka por?]","1, Inside the house [Hapoh iung] | 4, Location changes every time [Man ka por kylla thaw] | 3, Location depending on season inside or outside [Chong ha ka aiom lane shaleit iung] | 2, Outside the house [Shaleit iung] | 5, Other [Kiwi kiwiKiweikiwei, bataishai]","variable","","","","","","","","","",""
"http://purl.obolibrary.org/obo/HP_0012531","Aches or pains","2","symptoms_aches_rad","khasi_data_2021-01-22_1310visits1_2_part | jaintia_data_2021-01-22_1315visits1_2_part","","Observation","Symptoms","http://purl.obolibrary.org/obo/EUPATH_0021002","Body aches mentioned [kjut doh]","2, No | 1, Yes","value","","","","","","","","","",""
"http://purl.obolibrary.org/obo/EUPATH_0021089","Any symptoms","1","symptoms_yn","khasi_data_2021-01-22_1310visits1_2_part | jaintia_data_2021-01-22_1315visits1_2_part","","Observation","Symptoms","http://purl.obolibrary.org/obo/EUPATH_0021002","F4. Do you have any other symptoms now? [Em ki dak ki chin?]","","value","","","","","","","","","",""
"http://purl.obolibrary.org/obo/SYMP_0019174","Chills","3","symptoms_chills_rad","khasi_data_2021-01-22_1310visits1_2_part | jaintia_data_2021-01-22_1315visits1_2_part","","Observation","Symptoms","http://purl.obolibrary.org/obo/EUPATH_0021002","Chills mentioned [Par kjam]","2, No | 1, Yes","value","","","","","","","","","",""
"http://purl.obolibrary.org/obo/HP_0002315","Headache","4","symptoms_headache_rad","khasi_data_2021-01-22_1310visits1_2_part | jaintia_data_2021-01-22_1315visits1_2_part","","Observation","Symptoms","http://purl.obolibrary.org/obo/EUPATH_0021002","Headache mentioned [Don kthakhlieh]","2, No | 1, Yes","value","","","","","","","","","",""
"http://purl.obolibrary.org/obo/EUPATH_0025173","Other","5","symptoms_other_rad","khasi_data_2021-01-22_1310visits1_2_part | jaintia_data_2021-01-22_1315visits1_2_part","","Observation","Symptoms","http://purl.obolibrary.org/obo/EUPATH_0021002","Any other [kiwi kiwi tawan]","2, No | 1, Yes","value","","","","","","","","","",""
"http://purl.obolibrary.org/obo/EUPATH_0022034","Most recent trip length (days)","4","travel14daysnights","khasi_data_2021-01-22_1310visits1_2_part | jaintia_data_2021-01-22_1315visits1_2_part","","Observation","Travel details","http://purl.obolibrary.org/obo/EUPATH_0000340","A4. If yes, how many nights? [Lada hooid, katno miet?]","","variable","","","","","","","","","",""
"http://purl.obolibrary.org/obo/EUPATH_0049007","Place visited","3","travel14dayswhere","khasi_data_2021-01-22_1310visits1_2_part | jaintia_data_2021-01-22_1315visits1_2_part","","Observation","Travel details","http://purl.obolibrary.org/obo/EUPATH_0000340","A3. If yes, where? [Lada hooid, shaei?]","","variable","","","","","","","","","",""
"http://purl.obolibrary.org/obo/EUPATH_0024198","Reason for travel","2","travel14daysreason","khasi_data_2021-01-22_1310visits1_2_part | jaintia_data_2021-01-22_1315visits1_2_part","","Observation","Travel details","http://purl.obolibrary.org/obo/EUPATH_0000340","A2. If yes, what was the reason? [Lada hooid, kaei ka daw?]","","variable","","","","","","","","","",""
"http://purl.obolibrary.org/obo/EUPATH_0000450","Traveled in last 2 weeks","1","travel14days_yn","khasi_data_2021-01-22_1310visits1_2_part | jaintia_data_2021-01-22_1315visits1_2_part","","Observation","Travel details","http://purl.obolibrary.org/obo/EUPATH_0000340","A1. Travel in the past 14 days? (spent a night somewhere else, hunting, farming, travel within or outside district) [Juh lai sah miet phi sha leit ha kini ki 14 sngi wad a dep?( sahmiet phi cheiwon cheiwon,lai siat doh/lai lum lai wah/lane hapoh ka district phi)]","","variable","","","","","","","","","",""
"http://purl.obolibrary.org/obo/EUPATH_0000096","Participant","","","","","Participant","","http://www.w3.org/2002/07/owl#Thing","","","","","","","","","","yes","","",""
"http://purl.obolibrary.org/obo/EUPATH_0021266","Answered household questions","","respondent_yn","khasi_data_2021-01-22_1310visits1_2_part | jaintia_data_2021-01-22_1315visits1_2_part","","Participant","Administrative information","http://purl.obolibrary.org/obo/EUPATH_0010035","O1. Is this Occupant the person who answered the Household questions? [Toh hi phi wa jubab ia ki jingkylli iong iung?]","","variable","","","","","","","","","",""
"http://purl.obolibrary.org/obo/EUPATH_0000427","Days since last malaria diagnosis","3","mlasttime | mlasttimeunit","khasi_data_2021-01-22_1310visits1_2_part | jaintia_data_2021-01-22_1315visits1_2_part","","Participant","Clinical history","http://purl.obolibrary.org/obo/OGMS_0000015","E4. unit | E3. How long ago was the last time you had malaria in the last 12 months? [Ha kini ki 12 bnai wada dep, nu ka sien khatduh wa ioh phi ia ka jingkjut khairieh ?]","2, weeks | 3, days | 1, months","variable","","","","","","","","","",""
"http://purl.obolibrary.org/obo/EUPATH_0000426","Malaria diagnoses in the past year (count)","2","mpastyearfreq","khasi_data_2021-01-22_1310visits1_2_part | jaintia_data_2021-01-22_1315visits1_2_part","","Participant","Clinical history","http://purl.obolibrary.org/obo/OGMS_0000015","E2. If yes, how many times in the last 12 months? [Katwon sien ha kini ki 12 bnai wa da lai?]","","variable","","","","","","","","","",""
"http://purl.obolibrary.org/obo/EUPATH_0021301","Malaria in past year","1","mpastyear_yn | malarialast12mos_yn","khasi_data_2021-01-22_1310visits1_2_part | jaintia_data_2021-01-22_1315visits1_2_part","","Participant","Clinical history","http://purl.obolibrary.org/obo/OGMS_0000015","E1. Have you been ill with malaria in the past 12 months? [Phi lah ju ioh pang khiehshoh rieh ha kine ki 12 bnai ba lah dep?] | O10. Malaria in last 12 months [Da juh em khairieh phi ha ki 12 bnai wa da dep?]","","variable","","","","","","","","","",""
"http://purl.obolibrary.org/obo/EUPATH_0021302","Days from fever onset to treatment seeking","3","mtreatseekdays","khasi_data_2021-01-22_1310visits1_2_part | jaintia_data_2021-01-22_1315visits1_2_part","","Participant","Days since last malaria diagnosis","http://purl.obolibrary.org/obo/EUPATH_0000427","E7. How many days after the fever began did you seek first treatment? (If same day, enter ""00"") [Hadien katno sngi ba phi ioh ia ka khieshit ba phi sa leit wad jingsumar?]","","variable","","","","","","","","","",""
"http://purl.obolibrary.org/obo/EUPATH_0021305","Days from malaria test until treatment started","6","mpostreatdays","khasi_data_2021-01-22_1310visits1_2_part | jaintia_data_2021-01-22_1315visits1_2_part","","Participant","Days since last malaria diagnosis","http://purl.obolibrary.org/obo/EUPATH_0000427","E10. If yes, how many days did it take before you started treatment after the positive test result? (If same day enter ""00"") [Katwon bam por ia phi u sdang phi ia ka jing sumar hadien wa test positive ki ia phi?] (If same day enter 00)","","variable","","","","","","","","","",""
"http://purl.obolibrary.org/obo/EUPATH_0021304","Malaria test result","5","mtestpos_rad","khasi_data_2021-01-22_1310visits1_2_part | jaintia_data_2021-01-22_1315visits1_2_part","","Participant","Days since last malaria diagnosis","http://purl.obolibrary.org/obo/EUPATH_0000427","E9. If yes, was the test positive? [Ka test iong phi pynioo ka wa em rieh phi?]","2, No | 1, Yes | 3, Unknown","variable","","","","","","","","","",""
"http://purl.obolibrary.org/obo/EUPATH_0021303","Tested for malaria","4","mtest_rad","khasi_data_2021-01-22_1310visits1_2_part | jaintia_data_2021-01-22_1315visits1_2_part","","Participant","Days since last malaria diagnosis","http://purl.obolibrary.org/obo/EUPATH_0000427","E8. Were you tested for malaria? [Da dep leh test phi ia ka jingkhai rieh ?]","2, No | 1, Yes | 3, Unknown","variable","","","","","","","","","",""
"http://purl.obolibrary.org/obo/EUPATH_0000428","Treated with antimalarials","1","mlasttimetreat_yn","khasi_data_2021-01-22_1310visits1_2_part | jaintia_data_2021-01-22_1315visits1_2_part","","Participant","Days since last malaria diagnosis","http://purl.obolibrary.org/obo/EUPATH_0000427","E5. During the last time, did you seek advice or treatment for malaria from any source? [Naka bynta kato ka sein ba khatduh ba phi ioh ia ka khiehshoh rieh, phi leit wad jingiarap lymne jingsumar nagno nangno?]","","variable","","","","","","","","","",""
"http://purl.obolibrary.org/obo/EUPATH_0000431","Where treated","2","mlasttimetreatplace_rad","khasi_data_2021-01-22_1310visits1_2_part | jaintia_data_2021-01-22_1315visits1_2_part","","Participant","Days since last malaria diagnosis","http://purl.obolibrary.org/obo/EUPATH_0000427","E6. If yes, where did you go? [Lada hooid, shano phi leit?]","8, Use medicines I still have at home [Pyndonkam da ki dawai kiba nga dang don ha iing] | 9, Nowhere [Shano shano ruh em] | 3, Private clinic [Jaka ai sumar riew shimet] | 1, Asha | 6, Traditional healer / local practitioner [Nongsumar  khasi/ Nongsumar ba don ha shnong] | 2, Government local health center/clinic [Jaka ai sumar jong ka sorkar] | 7, Use local herbs / home remedies [Pyndonkam da ki kynbat ba ioh ha shnong/kaei kaei kaba shu  shna ha iing] | 10, I don't know [Ngam tip] | 4, Pharmacy | 11, Other [Kiwei kiwei]","variable","","","","","","","","","",""
"http://purl.obolibrary.org/obo/EUPATH_0000345","Education level","2","edulevel_rad","khasi_data_2021-01-22_1310visits1_2_part | jaintia_data_2021-01-22_1315visits1_2_part","","Participant","Demographics","http://purl.obolibrary.org/obo/EUPATH_0010981","O5. Highest education level [Kyrdan Pure]","5, Secondayr/matric (class X) [Secondary/matric(class X)] | 6, Higher secondary (class XII) [Higher Secondary (class XII)] | 7, Graduate [Graduate] | 3, Primary [Primary (1-5)] | 2, Below primary [Hapoh Primary] | 4, Middle [Middle (6-8)] | 9, Diploma, [Diploma] | 8, Post graduate [Post Graduate] | 10, Other | 1, None [Ym em lai skur]","variable","","","","","","","","","",""
"http://purl.obolibrary.org/obo/PATO_0000047","Sex","1","sex","khasi_data_2021-01-22_1310visits1_2_part | jaintia_data_2021-01-22_1315visits1_2_part","","Participant","Demographics","http://purl.obolibrary.org/obo/EUPATH_0010981","O4. Gender","3, Other | 1, Male | 2, Female | 999, Unknown","variable","","","","","","","","","",""
"http://purl.obolibrary.org/obo/EUPATH_0000359","Occupation","","occupationother | occupation_rad","khasi_data_2021-01-22_1310visits1_2_part | jaintia_data_2021-01-22_1315visits1_2_part","","Participant","Employment","http://purl.obolibrary.org/obo/EUPATH_0000342","O7. Occupation [Jingtrei/ Kam] | O8. Specify other occupation [Batai shai ]","6, Housewife [Shong iing] | 10, Other [Kiwei] | 1, Cultivator (independent farmer) [Nongrep] | 2, Agricultural laborer [Bylla rep] | 4, Salaried service [Trei kam sorkar] | 9, None [ym don] | 8, Child, not schooling [Khynnah, khlem pule] | 5, Self-employed/trade [Trei kam lajong] | 7, Student [Khynnah pule] | 3, Daily wage/labor [Trei bylla/sngi]","variable","","","","","","","","","",""
"http://purl.obolibrary.org/obo/EUPATH_0026005","Interviewee household head","","headofhh_yn","khasi_data_2021-01-22_1310visits1_2_part | jaintia_data_2021-01-22_1315visits1_2_part","","Participant","Individuals related to participant","http://purl.obolibrary.org/obo/EUPATH_0010037","O9. Is this Occupant the head of the household? [Toh hi u/ka ka khlieh duh iong ka iung?]","","variable","","","","","","","","","",""
"http://purl.obolibrary.org/obo/EUPATH_0010035","Administrative information","5","","","","Participant","Participant","http://purl.obolibrary.org/obo/EUPATH_0000096","","","category","","","","","","","","","",""
"http://purl.obolibrary.org/obo/OGMS_0000015","Clinical history","2","","","","Participant","Participant","http://purl.obolibrary.org/obo/EUPATH_0000096","","","category","","","","","","","","","",""
"http://purl.obolibrary.org/obo/EUPATH_0010981","Demographics","1","","","","Participant","Participant","http://purl.obolibrary.org/obo/EUPATH_0000096","","","category","","","","","","","","","",""
"http://purl.obolibrary.org/obo/EUPATH_0000342","Employment","3","","","","Participant","Participant","http://purl.obolibrary.org/obo/EUPATH_0000096","","","category","","","","","","","","","",""
"http://purl.obolibrary.org/obo/EUPATH_0010037","Individuals related to participant","4","","","","Participant","Participant","http://purl.obolibrary.org/obo/EUPATH_0000096","","","category","","","","","","","","","",""
"http://purl.obolibrary.org/obo/EUPATH_0000609","Sample","","","","","Sample","","http://www.w3.org/2002/07/owl#Thing","","","","","","","","","","yes","","",""
"http://purl.obolibrary.org/obo/EUPATH_0027004","RDT performed","","rdt_yn","khasi_data_2021-01-22_1310visits1_2_part | jaintia_data_2021-01-22_1315visits1_2_part","","Sample","Blood eukaryote testing","http://purl.obolibrary.org/obo/EUPATH_0021130","F15. Was an RDT done?","","variable","","","","","","","","","",""
"http://purl.obolibrary.org/obo/EUPATH_0020125","Blood microbiology tests procedures","2","","","","Sample","Blood microbiology test","http://purl.obolibrary.org/obo/OBI_0002649","","","category","","","","","","","","","",""
"http://purl.obolibrary.org/obo/EUPATH_0033307","Eukaryota in blood","1","","","","Sample","Blood microbiology test","http://purl.obolibrary.org/obo/OBI_0002649","","","category","","","","","","","","","",""
"http://purl.obolibrary.org/obo/EUPATH_0021130","Blood eukaryote testing","","","","","Sample","Blood microbiology tests procedures","http://purl.obolibrary.org/obo/EUPATH_0020125","","","category","","","","","","","","","",""
"http://purl.obolibrary.org/obo/EUPATH_0021081","Blood smear sample","1","samplesmear","khasi_data_2021-01-22_1310visits1_2_part | jaintia_data_2021-01-22_1315visits1_2_part","","Sample","Blood sample","http://purl.obolibrary.org/obo/OBI_0000655","Blood smear","2, No | 1, Yes","value","","","","","","","","","",""
"http://purl.obolibrary.org/obo/EUPATH_0000127","Filter paper sample","2","samplefilt","khasi_data_2021-01-22_1310visits1_2_part | jaintia_data_2021-01-22_1315visits1_2_part","","Sample","Blood sample","http://purl.obolibrary.org/obo/OBI_0000655","Filter paper","2, No | 1, Yes","value","","","","","","","","","",""
"http://purl.obolibrary.org/obo/EUPATH_0021082","Microvette sample (100 uL)","3","samplevette","khasi_data_2021-01-22_1310visits1_2_part | jaintia_data_2021-01-22_1315visits1_2_part","","Sample","Blood sample","http://purl.obolibrary.org/obo/OBI_0000655","Microvette","2, No | 1, Yes","value","","","","","","","","","",""
"http://purl.obolibrary.org/obo/EUPATH_0021083","Vacutainer sample (5 mL)","4","samplevac","khasi_data_2021-01-22_1310visits1_2_part | jaintia_data_2021-01-22_1315visits1_2_part","","Sample","Blood sample","http://purl.obolibrary.org/obo/OBI_0000655","Vacutainer","2, No | 1, Yes","value","","","","","","","","","",""
"http://purl.obolibrary.org/obo/EUPATH_0027019","Blood tests performed","2","","","","Sample","Blood test","http://purl.obolibrary.org/obo/EUPATH_0011795","","","category","","","","","","","","","",""
"http://purl.obolibrary.org/obo/EUPATH_0000047","Hemoglobin","1","hgb","khasi_data_2021-01-22_1310visits1_2_part | jaintia_data_2021-01-22_1315visits1_2_part","","Sample","Blood test","http://purl.obolibrary.org/obo/EUPATH_0011795","F18. Hemoglobin (g/dl)","","variable","","g/dL","http://purl.obolibrary.org/obo/UO_0000208","","","","","","",""
"http://purl.obolibrary.org/obo/EUPATH_0027005","Hemoglobin measurement performed","2","hgb_yn","khasi_data_2021-01-22_1310visits1_2_part | jaintia_data_2021-01-22_1315visits1_2_part","","Sample","Blood tests performed","http://purl.obolibrary.org/obo/EUPATH_0027019","F17. Was hemoglobin measured?","","variable","","","","","","","","","",""
"http://purl.obolibrary.org/obo/EUPATH_0033308","Plasmodium in blood","","","","","Sample","Eukaryota in blood","http://purl.obolibrary.org/obo/EUPATH_0033307","","","category","","","","","","","","","",""
"http://purl.obolibrary.org/obo/OBI_0002649","Blood microbiology test","1","","","","Sample","Laboratory test","http://purl.obolibrary.org/obo/OGMS_0000056","","","category","","","","","","","","","",""
"http://purl.obolibrary.org/obo/EUPATH_0011795","Blood test","2","","","","Sample","Laboratory test","http://purl.obolibrary.org/obo/OGMS_0000056","","","category","","","","","","","","","",""
"http://purl.obolibrary.org/obo/EUPATH_0021306","Plasmodium species, by RDT","","rdt_rad","khasi_data_2021-01-22_1310visits1_2_part | jaintia_data_2021-01-22_1315visits1_2_part","","Sample","Plasmodium in blood","http://purl.obolibrary.org/obo/EUPATH_0033308","F16. RDT result","1, Pf | 3, Pf + Pv | 4, Negative | 2, Pv","variable","","","","","","","","","",""
"http://purl.obolibrary.org/obo/EUPATH_0025125","Plasmodium, by qPCR","","pcr_pos","khasi_data_2021-01-22_1310visits1_2_part | jaintia_data_2021-01-22_1315visits1_2_part","","Sample","Plasmodium in blood","http://purl.obolibrary.org/obo/EUPATH_0033308","","","variable","","","","","","","","","",""
"http://purl.obolibrary.org/obo/OBI_0000655","Blood sample","2","","","","Sample","Sample","http://purl.obolibrary.org/obo/EUPATH_0000609","","","multifilter","","","","","","","","","",""
"http://purl.obolibrary.org/obo/OGMS_0000056","Laboratory test","1","","","","Sample","Sample","http://purl.obolibrary.org/obo/EUPATH_0000609","","","category","","","","","","","","","",""
