IRI,label,display_Order,variable,dataFile,definition,category,parentLabel,parentIRI,codebookDescription,cookbookValues,termType,notesforOnt,notesforProvider,notesForDL
http://purl.obolibrary.org/obo/EUPATH_0047389,Child age (months),,SHINE_Infant_Birth_m18_m18Split::age_m18,SHINE_Infant_Birth_m18_m18Split,,Observation,Observation,http://purl.obolibrary.org/obo/EUPATH_0000738,infant age at M18 visit,,,,,
http://purl.obolibrary.org/obo/OBI_0001169,Age,,SHINE_Maternal_Baseline_baselineSplit::age_mother_years,SHINE_Maternal_Baseline_baselineSplit,,Observation,Observation details,http://purl.obolibrary.org/obo/EUPATH_0000310,Age of mother in years,,,,,
http://purl.obolibrary.org/obo/EUPATH_0048051,Anemia (hemoglobin less than 105g/dL),,SHINE_Infant_Birth_m18_m18Split::anaemic_m18,SHINE_Infant_Birth_m18_m18Split,,Sample,Child blood test,http://purl.obolibrary.org/obo/EUPATH_0042245,M18 Anaemic HB<105g/L,,,,,
http://purl.obolibrary.org/obo/EUPATH_0000374,Marital status,,SHINE_Maternal_Baseline_baselineSplit::b06mom_marital_status,SHINE_Maternal_Baseline_baselineSplit,,Participant,Demographics,http://purl.obolibrary.org/obo/EUPATH_0010981,b06: Marital status,"1. Married,
2. Cohabitating partner,
3. Divorced/separated,
4. Widowed,
5. Never married",,,,
http://purl.obolibrary.org/obo/EUPATH_0048085,Religion,,SHINE_Maternal_Baseline_baselineSplit::b08religion_mult_cat,SHINE_Maternal_Baseline_baselineSplit,,Participant,Demographics,http://purl.obolibrary.org/obo/EUPATH_0010981,b08: Religion,"1. Protestant,
2. Apostolic,
3. Catholic,
4. Other Christian,
5. Muslim,
6. Pentecostal,
7. Other religion,
8. No religion",,,,
http://purl.obolibrary.org/obo/EUPATH_0022103,Total education (years),,SHINE_Maternal_Baseline_baselineSplit::b09maternal_educ_yrs,SHINE_Maternal_Baseline_baselineSplit,,Participant,Demographics,http://purl.obolibrary.org/obo/EUPATH_0010981,b09:Mternal Education(years),,,,,
http://purl.obolibrary.org/obo/EUPATH_0047251,Baseline date,,SHINE_Study_level_factors_baselineSplit::base_visitdate,SHINE_Study_level_factors_baselineSplit,,Observation,Observation details,http://purl.obolibrary.org/obo/EUPATH_0000310,Date of baseline visit,,,,,
http://purl.obolibrary.org/obo/EUPATH_0048053,Birth outcome,,SHINE_Study_level_factors_Split::birth_outcome,SHINE_Study_level_factors_Split,,Participant,Obstetric history,http://purl.obolibrary.org/obo/ONTONEO_00000225,"Birth Outcome (miscarriage,stillbirth,livebirth)",,,,,
http://purl.obolibrary.org/obo/EUPATH_0035114,Birth order,,SHINE_ECD_Data::birthorder,SHINE_ECD_Data,,Observation,Obstetrics,http://purl.obolibrary.org/obo/EUPATH_0042002,,,,,,
http://purl.obolibrary.org/obo/EUPATH_0035114,Birth order,,SHINE_Infant_Birth_m18_birthSplit::birthorder,SHINE_Infant_Birth_m18_birthSplit,,Observation,Obstetrics,http://purl.obolibrary.org/obo/EUPATH_0042002,,,,,,
http://purl.obolibrary.org/obo/EUPATH_0035114,Birth order,,SHINE_Infant_EBF_moduleSplit::birthorder,SHINE_Infant_EBF_moduleSplit,,Observation,Obstetrics,http://purl.obolibrary.org/obo/EUPATH_0042002,,,,,,
http://purl.obolibrary.org/obo/EUPATH_0035114,Birth order,,SHINE_Month12_Intervention_Uptake::birthorder,SHINE_Month12_Intervention_Uptake,,Observation,Obstetrics,http://purl.obolibrary.org/obo/EUPATH_0042002,,,,,,
http://purl.obolibrary.org/obo/EUPATH_0035114,Birth order,,SHINE_Study_level_factors_baselineSplit::birthorder,SHINE_Study_level_factors_baselineSplit,,Observation,Obstetrics,http://purl.obolibrary.org/obo/EUPATH_0042002,,,,,,
http://purl.obolibrary.org/obo/EUPATH_0035114,Birth order,,SHINE_Study_level_factors_Split::birthorder,SHINE_Study_level_factors_Split,,Observation,Obstetrics,http://purl.obolibrary.org/obo/EUPATH_0042002,,,,,,
http://purl.obolibrary.org/obo/EUPATH_0048163,Infant birth weight (kg),,SHINE_Infant_Birth_m18_birthSplit::birthweight,SHINE_Infant_Birth_m18_birthSplit,,Observation,Obstetrics,http://purl.obolibrary.org/obo/EUPATH_0042002,infant birth weight kg,,,,,
http://purl.obolibrary.org/obo/EUPATH_0011048,Breastfeeding status,,SHINE_Month12_Intervention_Uptake::cc01,SHINE_Month12_Intervention_Uptake,,Observation,Breastfeeding,http://purl.obolibrary.org/obo/EUPATH_0011730,cc01:Are you breastfeeding your baby now?,"1. yes,
2. no",,,,
http://purl.obolibrary.org/obo/EUPATH_0048164,Child ingests soil,,SHINE_Month12_Intervention_Uptake::cc11,SHINE_Month12_Intervention_Uptake,,Observation,Observation,http://purl.obolibrary.org/obo/EUPATH_0000738,cc11: Have you seen your child eat soil?,"1. yes,
2. no,
99. dont know",,,,
http://purl.obolibrary.org/obo/EUPATH_0048165,Child injects chicken feces,,SHINE_Month12_Intervention_Uptake::cc15,SHINE_Month12_Intervention_Uptake,,Observation,Observation,http://purl.obolibrary.org/obo/EUPATH_0000738,cc15: Have you ever seen your child eat chicken poop?,"1. yes,
2. no,
99. dont know",,,,
http://purl.obolibrary.org/obo/EUPATH_0011652,Feedings yesterday,,SHINE_Month12_Intervention_Uptake::cc21,SHINE_Month12_Intervention_Uptake,,Observation,Diet,http://purl.obolibrary.org/obo/EUPATH_0011732,"cc21:From sunrise yesterday till sunrise today,how many times did you feed<INDEX",,,,,
http://purl.obolibrary.org/obo/EUPATH_0048117,CD4 result at baseline,,SHINE_Maternal_Baseline_baselineSplit::cd4result,SHINE_Maternal_Baseline_baselineSplit,,Sample,Maternal blood test,http://purl.obolibrary.org/obo/EUPATH_0036022,CD4 result at baseline,,,,,
http://purl.obolibrary.org/obo/EUPATH_0048056,"Dietary diversity, animal- source foods",,SHINE_Month12_Intervention_Uptake::ch_dd_animal,SHINE_Month12_Intervention_Uptake,,Observation,Child diet,http://purl.obolibrary.org/obo/EUPATH_0048162,Dietary Diversity: Animal-source foods,"0. No,
1. Yes",,"Need to move to a new parent called ""Child Diet""",,
http://purl.obolibrary.org/obo/EUPATH_0048057,"Dietary diversity, iron-rich foods",,SHINE_Month12_Intervention_Uptake::ch_dd_iron,SHINE_Month12_Intervention_Uptake,,Observation,Child diet,http://purl.obolibrary.org/obo/EUPATH_0048162,Dietary Diversity: Iron-rich foods,"0. No,
1. Yes",,"Need to move to a new parent called ""Child Diet""",,
http://purl.obolibrary.org/obo/EUPATH_0048058,"Dietary diversity, vitiamn A fruits and vegetables",,SHINE_Month12_Intervention_Uptake::ch_dds_vitafv,SHINE_Month12_Intervention_Uptake,,Observation,Child diet,http://purl.obolibrary.org/obo/EUPATH_0048162,Dietary Diversity Score food groups: vit A fruits and vegetables,"0. no,
1. yes",,"Need to move to a new parent called ""Child Diet""",,
http://purl.obolibrary.org/obo/EUPATH_0048077,Minimum dietary diversity,,SHINE_Month12_Intervention_Uptake::ch_mdds,SHINE_Month12_Intervention_Uptake,,Observation,Child diet,http://purl.obolibrary.org/obo/EUPATH_0048162,Child meets minimum dietary diversity,"0. Doesn't meet,
1. Meets",,"Need to move to a new parent called ""Child Diet""",,
http://purl.obolibrary.org/obo/EUPATH_0042043,Delivery date,,SHINE_Study_level_factors_Split::child_dob,SHINE_Study_level_factors_Split,,Observation,Labor and delivery,http://purl.obolibrary.org/obo/EUPATH_0042001,child date of birth,,,,,
http://purl.obolibrary.org/obo/EUPATH_0042354,Child death date,,SHINE_Study_level_factors_Split::child_dod,SHINE_Study_level_factors_Split,,Participant,Child death information,http://purl.obolibrary.org/obo/EUPATH_0042389,Infant date of death,,,,,
http://purl.obolibrary.org/obo/EUPATH_0048166,Coping strategy index,,SHINE_Baseline_Household_Data::csi,SHINE_Baseline_Household_Data,,Observation,Observation,http://purl.obolibrary.org/obo/EUPATH_0000738,Coping strategy index,,,,,
http://purl.obolibrary.org/obo/EUPATH_0000152,Last date observed,,SHINE_Study_level_factors_Split::dateofexit,SHINE_Study_level_factors_Split,,Participant,Participant study details,http://purl.obolibrary.org/obo/EUPATH_0000307,Date of exit or last contact,,,,,
http://purl.obolibrary.org/obo/EUPATH_0048167,Deceased,,SHINE_Infant_Birth_m18_m18Split::death_by_m18,SHINE_Infant_Birth_m18_m18Split,,Participant,Child death information,http://purl.obolibrary.org/obo/EUPATH_0042389,Infant Death by month 18 visit,,,,,
http://purl.obolibrary.org/obo/EUPATH_0048168,"Child self-control
task (unhidden)",,SHINE_ECD_Data::di_direct,SHINE_ECD_Data,,Observation,Child primary dichotomous outcomes,http://purl.obolibrary.org/obo/EUPATH_0048255,Delayed inhibition - direct view,,,,What specific measurement tool,
http://purl.obolibrary.org/obo/EUPATH_0048169,Child A-not-B score,,SHINE_ECD_Data::anotb_score,SHINE_ECD_Data,,Observation,Child primary dichotomous outcomes,http://purl.obolibrary.org/obo/EUPATH_0048255,A not B score,,,,,
http://purl.obolibrary.org/obo/EUPATH_0048170,"Child self-control
task (hidden)",,SHINE_ECD_Data::di_hidden,SHINE_ECD_Data,,Observation,Child primary dichotomous outcomes,http://purl.obolibrary.org/obo/EUPATH_0048255,Delayed inhibition - hidden view,,,,What specific measurement tool,
http://purl.obolibrary.org/obo/EUPATH_0048171,Child disabled ,,SHINE_ECD_Data::disability,SHINE_ECD_Data,,Observation,Child primary dichotomous outcomes,http://purl.obolibrary.org/obo/EUPATH_0048255,Disability,"1. Yes,
2. No",,,"Was this determined by Washington Group
questionnaire?",
http://purl.obolibrary.org/obo/EUPATH_0000407,District,,SHINE_Study_level_factors_Split::district,SHINE_Study_level_factors_Split,,Household,Geographic location,http://purl.obolibrary.org/obo/GAZ_00000448,District,"1. Chirumhanzu,
2. Shurugwi",,,,
http://purl.obolibrary.org/obo/EUPATH_0048172,Decision making autonomy scale,,SHINE_Maternal_Baseline_baselineSplit::dma,SHINE_Maternal_Baseline_baselineSplit,,Observation,Observation,http://purl.obolibrary.org/obo/EUPATH_0000738,Maternal decision making autonomy,,,,,
http://purl.obolibrary.org/obo/EUPATH_0048173,Early breast feeding module 1,,SHINE_Infant_EBF_moduleSplit::ebf_module1,SHINE_Infant_EBF_moduleSplit,,Household,Household SHINE intervention,http://purl.obolibrary.org/obo/EUPATH_0048256,EBF module 1,,,,,
http://purl.obolibrary.org/obo/EUPATH_0048174,Early breast feeding module 2,,SHINE_Infant_EBF_moduleSplit::ebf_module2,SHINE_Infant_EBF_moduleSplit,,Household,Household SHINE intervention,http://purl.obolibrary.org/obo/EUPATH_0048256,EBF module 2,,,,,
http://purl.obolibrary.org/obo/EUPATH_0048175,Early breast feeding module 3,,SHINE_Infant_EBF_moduleSplit::ebf_module3,SHINE_Infant_EBF_moduleSplit,,Household,Household SHINE intervention,http://purl.obolibrary.org/obo/EUPATH_0048256,EBF module 3,,,,,
http://purl.obolibrary.org/obo/EUPATH_0011023,Exclusively breastfed at last visit,,SHINE_Infant_EBF_m1Split::ebf24hr_m01,SHINE_Infant_EBF_m1Split,,Observation,Breastfeeding,http://purl.obolibrary.org/obo/EUPATH_0011730,EBF at 1 month visit using 24 hour recall,,,,,
http://purl.obolibrary.org/obo/EUPATH_0011023,Exclusively breastfed at last visit,,SHINE_Infant_EBF_m3Split::ebf24hr_m03,SHINE_Infant_EBF_m3Split,,Observation,Breastfeeding,http://purl.obolibrary.org/obo/EUPATH_0011730,EBF at 3 months visit using 24 hour recall,,,,,
http://purl.obolibrary.org/obo/EUPATH_0048176,Ever exclusively breastfed at last visit,,SHINE_Infant_EBF_m1Split::ebfever_m01,SHINE_Infant_EBF_m1Split,,Observation,Breastfeeding,http://purl.obolibrary.org/obo/EUPATH_0011730,Ever EBF at 1 month visit,,,,,
http://purl.obolibrary.org/obo/EUPATH_0048176,Ever exclusively breastfed at last visit,,SHINE_Infant_EBF_m3Split::ebfever_m03,SHINE_Infant_EBF_m3Split,,Observation,Breastfeeding,http://purl.obolibrary.org/obo/EUPATH_0011730,Ever EBF at 3 months visit,,,,,
http://purl.obolibrary.org/obo/EUPATH_0048178,Knowledge of feeding during illness,,SHINE_Month12_Intervention_Uptake::ec03_04_cat,SHINE_Month12_Intervention_Uptake,,Observation,Observation,http://purl.obolibrary.org/obo/EUPATH_0000738,Knowledge of feeding during illness,"1. Yes,
2. No",,,,
http://purl.obolibrary.org/obo/EUPATH_0021084,Electricity,,SHINE_Baseline_Household_Data::electricity,SHINE_Baseline_Household_Data,,Household,Assets,http://purl.obolibrary.org/obo/EUPATH_0000144,p16:Electricity from mains?,"1. yes,
2. no",,,,
http://purl.obolibrary.org/obo/EUPATH_0000151,Enrollment date,,SHINE_Study_level_factors_Split::enroll_date,SHINE_Study_level_factors_Split,,Participant,Participant study details,http://purl.obolibrary.org/obo/EUPATH_0000307,Date of enrollment,,,,,
http://purl.obolibrary.org/obo/EUPATH_0036091,Edinburgh Postnatal Depression Scale score,,SHINE_Maternal_Baseline_baselineSplit::epds,SHINE_Maternal_Baseline_baselineSplit,,Observation,Edinburgh postnatal depression scale,http://purl.obolibrary.org/obo/NCIT_C131844,Maternal EPDS,,,,,
http://purl.obolibrary.org/obo/EUPATH_0048179,Expected intervention modules delivered,,SHINE_Month12_Intervention_Uptake::exp_modules_done,SHINE_Month12_Intervention_Uptake,,Household,Household SHINE intervention,http://purl.obolibrary.org/obo/EUPATH_0048256,Expected modules delivered,,,,,
http://purl.obolibrary.org/obo/EUPATH_0048180,Child combines two words,,SHINE_ECD_Data::fci_gc14_1,SHINE_ECD_Data,,Observation,Child MacArthur Bates CDI,http://purl.obolibrary.org/obo/EUPATH_0048257,Has your child started to combine two words together?,,,"If the provider confirms - these are CDI inventory - they should be placed under ""Child MacArthur Bates CDI""",Is this the MacArthur Bates CDI questions?,
http://purl.obolibrary.org/obo/EUPATH_0048181,Child uses plurals,,SHINE_ECD_Data::fci_gc14_2,SHINE_ECD_Data,,Observation,Child MacArthur Bates CDI,http://purl.obolibrary.org/obo/EUPATH_0048257,Has your child started to use plurals?,,,"If the provider confirms - these are CDI inventory - they should be placed under ""Child MacArthur Bates CDI""",Is this the MacArthur Bates CDI questions?,
http://purl.obolibrary.org/obo/EUPATH_0048182,Child uses progressive/imperative words,,SHINE_ECD_Data::fci_gc14_3,SHINE_ECD_Data,,Observation,Child MacArthur Bates CDI,http://purl.obolibrary.org/obo/EUPATH_0048257,Has your child started to use progressive/imperative words?,,,"If the provider confirms - these are CDI inventory - they should be placed under ""Child MacArthur Bates CDI""",Is this the MacArthur Bates CDI questions?,
http://purl.obolibrary.org/obo/EUPATH_0047385,Child weight (kg),,SHINE_ECD_Data::fci_sc12,SHINE_ECD_Data,Observation,Observation,Child anthropometry,http://purl.obolibrary.org/obo/EUPATH_0047388,M24 Weight (Kg),,,,,
http://purl.obolibrary.org/obo/EUPATH_0048183,Recumbent length or height used for stature,,SHINE_ECD_Data::fci_sc13,SHINE_ECD_Data,,Observation,Child anthropometry,http://purl.obolibrary.org/obo/EUPATH_0047388,M24 Length (cm),,,,,
http://purl.obolibrary.org/obo/EUPATH_0042288,Child head circumference (cm),,SHINE_ECD_Data::fci_sc14,SHINE_ECD_Data,,Observation,Child anthropometry,http://purl.obolibrary.org/obo/EUPATH_0047388,M24 Head circumference (cm),,,,,
http://purl.obolibrary.org/obo/EUPATH_0048184,Child MUAC-for-age z-score,,SHINE_ECD_Data::fci_sc15,SHINE_ECD_Data,,Observation,Child anthropometry,http://purl.obolibrary.org/obo/EUPATH_0047388,M24 MUAC (mm),,,,,
http://purl.obolibrary.org/obo/EUPATH_0042236,Child sex,,SHINE_Infant_Birth_m18_birthSplit::female,SHINE_Infant_Birth_m18_birthSplit,,Observation,Obstetrics,http://purl.obolibrary.org/obo/EUPATH_0042002,Is infant female?,,,,,
http://purl.obolibrary.org/obo/EUPATH_0048001,Brick or cement,,SHINE_Baseline_Household_Data::ext_wall_brickCement,SHINE_Baseline_Household_Data,,Household,External wall material,http://purl.obolibrary.org/obo/EUPATH_0022002,,,,,,
http://purl.obolibrary.org/obo/EUPATH_0048002,Concrete,,SHINE_Baseline_Household_Data::ext_wall_concrete,SHINE_Baseline_Household_Data,,Household,External wall material,http://purl.obolibrary.org/obo/EUPATH_0022002,,,,,,
http://purl.obolibrary.org/obo/EUPATH_0048003,Earth,,SHINE_Baseline_Household_Data::ext_wall_earth,SHINE_Baseline_Household_Data,,Household,External wall material,http://purl.obolibrary.org/obo/EUPATH_0022002,,,,,,
http://purl.obolibrary.org/obo/EUPATH_0048004,Grass or straw,,SHINE_Baseline_Household_Data::ext_wall_grassStraw,SHINE_Baseline_Household_Data,,Household,External wall material,http://purl.obolibrary.org/obo/EUPATH_0022002,,,,,,
http://purl.obolibrary.org/obo/EUPATH_0010108,Drinking water treatment,,SHINE_Month12_Intervention_Uptake::gb27,SHINE_Month12_Intervention_Uptake,,Household,Household water,http://purl.obolibrary.org/obo/EUPATH_0000731,gb27: Do you treat your water in any way to make it safer to drink?,"1. Yes,
2. No,
88. NA,
99. DK",,,,
http://purl.obolibrary.org/obo/EUPATH_0011611,Toilet or latrine,,SHINE_Month12_Intervention_Uptake::gb38,SHINE_Month12_Intervention_Uptake,,Household,Waste disposal,http://purl.obolibrary.org/obo/EUPATH_0000596,gb38: Is there a toilet or latrine of any type at the homestead?,"1. Yes,
2. No,
88. NA,
99. DK",,,,
http://purl.obolibrary.org/obo/EUPATH_0048088,Persons sharing toliet,,SHINE_Month12_Intervention_Uptake::gb40,SHINE_Month12_Intervention_Uptake,,Household,Waste disposal,http://purl.obolibrary.org/obo/EUPATH_0000596,gb40a: How many HHs share this toilet facility?,,,,,
http://purl.obolibrary.org/obo/EUPATH_0048185,Empty waste water,,SHINE_Month12_Intervention_Uptake::gb44_3,SHINE_Month12_Intervention_Uptake,,Household,Hygiene,http://purl.obolibrary.org/obo/EUPATH_0000686,gb44.3: Where did you empty the wash/rinse water?,"1. Did not wash/rinse,
2. Toilet/latrine,
3. Rubbish pit,
4. Yard,
5. Don't remember,
9. Other",,,,
http://purl.obolibrary.org/obo/EUPATH_0048062,Gestational age (days),,SHINE_Infant_Birth_m18_birthSplit::gest_age_days,SHINE_Infant_Birth_m18_birthSplit,,Participant,Gestational age assessment,http://purl.obolibrary.org/obo/EUPATH_0036006,Gestational age in days,,,,,
http://purl.obolibrary.org/obo/EUPATH_0048186,Gender norms multiple score,,SHINE_Maternal_Baseline_baselineSplit::gna,SHINE_Maternal_Baseline_baselineSplit,,Observation,Observation,http://purl.obolibrary.org/obo/EUPATH_0000738,Maternal gender norms multiple score,,,,,
http://purl.obolibrary.org/obo/EUPATH_0048005,Mud,,SHINE_Baseline_Household_Data::ext_wall_mud,SHINE_Baseline_Household_Data,,Household,External wall material,http://purl.obolibrary.org/obo/EUPATH_0022002,,,,,,
http://purl.obolibrary.org/obo/EUPATH_0048006,Stick or wood,,SHINE_Baseline_Household_Data::ext_wall_stickWood,SHINE_Baseline_Household_Data,,Household,External wall material,http://purl.obolibrary.org/obo/EUPATH_0022002,,,,,,
http://purl.obolibrary.org/obo/EUPATH_0042292,Hemoglobin (g/dL),,SHINE_Infant_Birth_m18_m18Split::hb_m18,SHINE_Infant_Birth_m18_m18Split,,Sample,Child blood test,http://purl.obolibrary.org/obo/EUPATH_0042245,infant M18 HB-level,,,,,
http://purl.obolibrary.org/obo/EUPATH_0042288,Child head circumference (cm),,SHINE_Infant_Birth_m18_m18Split::hc_m18,SHINE_Infant_Birth_m18_m18Split,,Observation,Child anthropometry,http://purl.obolibrary.org/obo/EUPATH_0047388,bj17: m18 Head circumference (cm),,,,,
http://purl.obolibrary.org/obo/EUPATH_0048187,Child head circumference-for-age z-score,,SHINE_Infant_Birth_m18_m18Split::hcz_m18,SHINE_Infant_Birth_m18_m18Split,,Observation,Child anthropometry,http://purl.obolibrary.org/obo/EUPATH_0047388,infant M18 HCZ-score,,,,,
http://purl.obolibrary.org/obo/EUPATH_0048007,Tile,,SHINE_Baseline_Household_Data::ext_wall_tile,SHINE_Baseline_Household_Data,,Household,External wall material,http://purl.obolibrary.org/obo/EUPATH_0022002,,,,,,
http://purl.obolibrary.org/obo/EUPATH_0048008,Tin,,SHINE_Baseline_Household_Data::ext_wall_tin,SHINE_Baseline_Household_Data,,Household,External wall material,http://purl.obolibrary.org/obo/EUPATH_0022002,,,,,,
http://purl.obolibrary.org/obo/EUPATH_0048068,Hub,,SHINE_Study_level_factors_Split::hub,SHINE_Study_level_factors_Split,,Household,Geographic location,http://purl.obolibrary.org/obo/GAZ_00000448,Hub,"2. Mvuma,
3. Shurugwi,
5. St Theresa,
6. Tongogara",,,,
http://purl.obolibrary.org/obo/EUPATH_0035008,Improved floor material,,SHINE_Baseline_Household_Data::floor_type,SHINE_Baseline_Household_Data,,Household,Dwelling characteristics,http://purl.obolibrary.org/obo/EUPATH_0000303,Type of floor,"0. improved floor,
1. unimproved floor,
2. mixed",,,,
http://purl.obolibrary.org/obo/ENVO_00003064,Drinking water source,,SHINE_Baseline_Household_Data::g02_drinking_water_source,SHINE_Baseline_Household_Data,,Household,Household water,http://purl.obolibrary.org/obo/EUPATH_0000731,g02:Type of water source used for drinking,"1. Piped into dwelling,
2. Piped into yard or plot,
3. Piped into public tap or standpipe,
4. Borehole,
5. Deep well, protected,
6. Deep well, unprotected,
7. Shallow well, protected,
8. Shallow well, unprotected,
9. Improvised shallow well,
10. Protected spring,
11. Unprotected spring,
12. Surface water (river/dam/stream/lake),
13. River bank/bed,
14. Rainwater harvester,
15. Water trucking/Bowser,
16. Bottled,
17. Other",,,,
http://purl.obolibrary.org/obo/EUPATH_0037013,Time to water source (min),,SHINE_Baseline_Household_Data::g04_timeto_drinkingwater,SHINE_Baseline_Household_Data,,Household,Household water,http://purl.obolibrary.org/obo/EUPATH_0000731,g04: How long does it take to walk to the water point? Minutes,,,,,
http://purl.obolibrary.org/obo/EUPATH_0025150,Toilet type,,SHINE_Baseline_Household_Data::g39_toilet_type,SHINE_Baseline_Household_Data,,Household,Waste disposal,http://purl.obolibrary.org/obo/EUPATH_0000596,g39:Latrine/Toilet type,"1. flush,
2. Blair (VIP),
3. Pit with slab (non VIP),
4. Pit latrine without slab,
5. Composting",,,,
http://purl.obolibrary.org/obo/EUPATH_0048010,Water,,SHINE_Baseline_Household_Data::handwash_water,SHINE_Baseline_Household_Data,Household,Household,Item at handwashing station,http://purl.obolibrary.org/obo/EUPATH_0048012,water available @ handwashing_baseline,"1. yes,
2. no",,,,
http://purl.obolibrary.org/obo/EUPATH_0010112,Hand washing location,,SHINE_Baseline_Household_Data::handwashing_b0,SHINE_Baseline_Household_Data,,Household,Hygiene,http://purl.obolibrary.org/obo/EUPATH_0000686,availability of handwashing @ baseline,"1. yes,
2. no",,,,
http://purl.obolibrary.org/obo/EUPATH_0048188,Child HIV status,,SHINE_Infant_Birth_m18_m18Split::inf_m18_hivstatus,SHINE_Infant_Birth_m18_m18Split,,Participant,Child clinical history,http://purl.obolibrary.org/obo/EUPATH_0042304,Infant M18 HIV status,"1. HIV +ve,
2. HIV -ve,
3. HIV status unknown",,,,
http://purl.obolibrary.org/obo/EUPATH_0048090,Shared latrine,,SHINE_Month12_Intervention_Uptake::latrine_shared,SHINE_Month12_Intervention_Uptake,,Household,Human waste facilities,http://purl.obolibrary.org/obo/EUPATH_0000335,Is latrine shared?,"0. no,
1. yes",,,,
http://purl.obolibrary.org/obo/EUPATH_0048189,Child length- or height-for-age z-score,,SHINE_Infant_Birth_m18_m18Split::laz_m18,SHINE_Infant_Birth_m18_m18Split,Observation,Observation,Child anthropometry,http://purl.obolibrary.org/obo/EUPATH_0047388,infant M18 LAZ-score,,,,,
http://purl.obolibrary.org/obo/EUPATH_0048183,Recumbent length or height used for stature,,SHINE_Infant_Birth_m18_m18Split::length_m18,SHINE_Infant_Birth_m18_m18Split,,Observation,Child anthropometry,http://purl.obolibrary.org/obo/EUPATH_0047388,bj16: m18 Length (cm),,,,,
http://purl.obolibrary.org/obo/EUPATH_0048191,Expected count lipid-based nutrient supplement deliveries,,SHINE_Month12_Intervention_Uptake::LNS_no_of_Expect_deliv,SHINE_Month12_Intervention_Uptake,,Household,Household SHINE intervention,http://purl.obolibrary.org/obo/EUPATH_0048256,Number of expected LNS deliveries,,,,,
http://purl.obolibrary.org/obo/EUPATH_0048192,Expected count liquid soap deliveries,,SHINE_Month12_Intervention_Uptake::LS_no_of_Expect_deliv,SHINE_Month12_Intervention_Uptake,,Household,Household SHINE intervention,http://purl.obolibrary.org/obo/EUPATH_0048256,Number of expected liquid soap deliveris,,,,,
http://purl.obolibrary.org/obo/EUPATH_0048193,Child Loose or watery stools,,SHINE_Morbidity_Recall_m1Split::m01_diarrhea,SHINE_Morbidity_Recall_m1Split,,Observation,Child signs and symptoms,http://purl.obolibrary.org/obo/EUPATH_0042273,AG01_a_M01: Did your child experience 'loose stool' at all in the last 7 days?,"1. Yes,
2. No,
88. Don't know",,,,
http://purl.obolibrary.org/obo/EUPATH_0000091,Visit date,,SHINE_Study_level_factors_m1Split::m01_visitdate,SHINE_Study_level_factors_m1Split,,Observation,Observation details,http://purl.obolibrary.org/obo/EUPATH_0000310,Date of 1 month visit,,,,,
http://purl.obolibrary.org/obo/EUPATH_0048193,Child Loose or watery stools,,SHINE_Morbidity_Recall_m3Split::m03_diarrhea,SHINE_Morbidity_Recall_m3Split,,Observation,Child signs and symptoms,http://purl.obolibrary.org/obo/EUPATH_0042273,AG01_a_M03: Did your child experience 'loose stool' at all in the last 7 days?,"1. Yes,
2. No,
88. Don't know",,,,
http://purl.obolibrary.org/obo/EUPATH_0000091,Visit date,,SHINE_Study_level_factors_m3Split::m03_visitdate,SHINE_Study_level_factors_m3Split,,Observation,Observation details,http://purl.obolibrary.org/obo/EUPATH_0000310,Date of 3 months visit,,,,,
http://purl.obolibrary.org/obo/EUPATH_0048193,Child Loose or watery stools,,SHINE_Morbidity_Recall_m6Split::m06_diarrhea,SHINE_Morbidity_Recall_m6Split,,Observation,Child signs and symptoms,http://purl.obolibrary.org/obo/EUPATH_0042273,AG01_a_M06: Did your child experience 'loose stool' at all in the last 7 days?,"1. Yes,
2. No,
88. Don't know",,,,
http://purl.obolibrary.org/obo/EUPATH_0000091,Visit date,,SHINE_Study_level_factors_m6Split::m06_visitdate,SHINE_Study_level_factors_m6Split,,Observation,Observation details,http://purl.obolibrary.org/obo/EUPATH_0000310,Date of 6 months visit,,,,,
http://purl.obolibrary.org/obo/EUPATH_0048196,Child difficulty breathing,,SHINE_Morbidity_Recall_m12Split::m12_ari,SHINE_Morbidity_Recall_m12Split,,Observation,Child signs and symptoms,http://purl.obolibrary.org/obo/EUPATH_0042273,ARI_M12 004 ag01_a fast/difficult breathing,"1. Yes,
2. No,
88. Don't know",,,,
http://purl.obolibrary.org/obo/EUPATH_0048196,Child difficulty breathing,,SHINE_Infant_Birth_m18_m12Split::m12_ari_in_last_7days,SHINE_Infant_Birth_m18_m12Split,,Observation,Child signs and symptoms,http://purl.obolibrary.org/obo/EUPATH_0042273,ARI_M12 004 ag01_a fast/difficult breathing,"1. Yes,
2. No,
88. Don't know",,,,
http://purl.obolibrary.org/obo/EUPATH_0048193,Child Loose or watery stools,,SHINE_Morbidity_Recall_m12Split::m12_diarrhea,SHINE_Morbidity_Recall_m12Split,,Observation,Child signs and symptoms,http://purl.obolibrary.org/obo/EUPATH_0042273,Diarrhea_M12 001 ag01_a loosestool,"1. Yes,
2. No,
88. Don't know",,,,
http://purl.obolibrary.org/obo/EUPATH_0048193,Child Loose or watery stools,,SHINE_Infant_Birth_m18_m12Split::m12_diarrhea_in_last_7days,SHINE_Infant_Birth_m18_m12Split,,Observation,Child signs and symptoms,http://purl.obolibrary.org/obo/EUPATH_0042273,Diarrhea_M12 001 ag01_a loosestool,"1. Yes,
2. No,
88. Don't know",,,,
http://purl.obolibrary.org/obo/EUPATH_0048200,Child blood in stool,,SHINE_Morbidity_Recall_m12Split::m12_dysentery,SHINE_Morbidity_Recall_m12Split,,Observation,Child signs and symptoms,http://purl.obolibrary.org/obo/EUPATH_0042273,Dysentery_M12 077 ag01_a_blood in stool,"1. Yes,
2. No,
88. Don't know",,,,
http://purl.obolibrary.org/obo/EUPATH_0048201,SHINE Latrine,,SHINE_Month12_Intervention_Uptake::m12_latrine_present,SHINE_Month12_Intervention_Uptake,,Household,Household SHINE intervention,http://purl.obolibrary.org/obo/EUPATH_0048256,M12 SHINE latrine present?,"1. yes,
2. no",,,,
http://purl.obolibrary.org/obo/EUPATH_0048202,Liquid soap deliveries,,SHINE_Month12_Intervention_Uptake::m12_liquidsoap_deliveries,SHINE_Month12_Intervention_Uptake,,Household,Household SHINE intervention,http://purl.obolibrary.org/obo/EUPATH_0048256,Number of liquid soap deliveries by M12,,,,,
http://purl.obolibrary.org/obo/EUPATH_0048203,Lipid-based nutrient supplement deliveries,,SHINE_Month12_Intervention_Uptake::m12_LNS_no_of_deliveries,SHINE_Month12_Intervention_Uptake,,Household,Household SHINE intervention,http://purl.obolibrary.org/obo/EUPATH_0048256,Number of LNS deliveries by M12,,,,,
http://purl.obolibrary.org/obo/EUPATH_0048204,SHINE playmat,,SHINE_Month12_Intervention_Uptake::m12_playmat_received,SHINE_Month12_Intervention_Uptake,,Household,Household SHINE intervention,http://purl.obolibrary.org/obo/EUPATH_0048256,M12 SHINE playmat recieved?,"1. yes,
2. no",,,,
http://purl.obolibrary.org/obo/EUPATH_0048205,SHINE playyard,,SHINE_Month12_Intervention_Uptake::m12_playyard_received,SHINE_Month12_Intervention_Uptake,,Household,Household SHINE intervention,http://purl.obolibrary.org/obo/EUPATH_0048256,M12 SHINE playyard received?,"1. yes,
2. no",,,,
http://purl.obolibrary.org/obo/EUPATH_0048206,SHINE tippy tap,,SHINE_Month12_Intervention_Uptake::m12_tippytape_present,SHINE_Month12_Intervention_Uptake,,Household,Household SHINE intervention,http://purl.obolibrary.org/obo/EUPATH_0048256,M12 SHINE tippy tape present?,"1. yes,
2. no",,,,
http://purl.obolibrary.org/obo/EUPATH_0048207,Intervention modules delivered,,SHINE_Month12_Intervention_Uptake::m12_total_modules_done,SHINE_Month12_Intervention_Uptake,,Household,Household SHINE intervention,http://purl.obolibrary.org/obo/EUPATH_0048256,Total modules delivered by M12,,,,,
http://purl.obolibrary.org/obo/EUPATH_0000091,Visit date,,SHINE_Study_level_factors_m12Split::m12_visitdate,SHINE_Study_level_factors_m12Split,,Observation,Observation details,http://purl.obolibrary.org/obo/EUPATH_0000310,Date of 12 months visit,,,,,
http://purl.obolibrary.org/obo/EUPATH_0048208,Water guard deliveries,,SHINE_Month12_Intervention_Uptake::m12_waterguard_deliveries,SHINE_Month12_Intervention_Uptake,,Household,Household SHINE intervention,http://purl.obolibrary.org/obo/EUPATH_0048256,Number on water guard deliveries by M12,,,,,
http://purl.obolibrary.org/obo/EUPATH_0048209,"Open defecation, adults over 70yrs",,SHINE_Month12_Intervention_Uptake::m12opendef_age_70plus,SHINE_Month12_Intervention_Uptake,,Household,Waste disposal,http://purl.obolibrary.org/obo/EUPATH_0000596,Members age 70 + yrs who use open defecation at M12,,,,,
http://purl.obolibrary.org/obo/EUPATH_0048210,"Open defecation, children under 3yrs",,SHINE_Month12_Intervention_Uptake::m12opendef_age0_less3,SHINE_Month12_Intervention_Uptake,,Household,Waste disposal,http://purl.obolibrary.org/obo/EUPATH_0000596,Members age <3 yrs who use open defecation at M12,,,,,
http://purl.obolibrary.org/obo/EUPATH_0048211,"Open defecation, adults 18-70yrs",,SHINE_Month12_Intervention_Uptake::m12opendef_age18_less70,SHINE_Month12_Intervention_Uptake,,Household,Waste disposal,http://purl.obolibrary.org/obo/EUPATH_0000596,Members age 18 to <70yrs who use open defecation at M12,,,,,
http://purl.obolibrary.org/obo/EUPATH_0048212,"Open defecation, children under 3-6yrs",,SHINE_Month12_Intervention_Uptake::m12opendef_age3_less6,SHINE_Month12_Intervention_Uptake,,Household,Waste disposal,http://purl.obolibrary.org/obo/EUPATH_0000596,Members age 3 to <6yrs who use open defecation at M12,,,,,
http://purl.obolibrary.org/obo/EUPATH_0048213,"Open defecation, children under 6-18yrs",,SHINE_Month12_Intervention_Uptake::m12opendef_age6_less18,SHINE_Month12_Intervention_Uptake,,Household,Waste disposal,http://purl.obolibrary.org/obo/EUPATH_0000596,Members age 6 to <18yrs who use open defecation at M12,,,,,
http://purl.obolibrary.org/obo/EUPATH_0048214,Total count open defecation,,SHINE_Month12_Intervention_Uptake::m12opendef_hhtotal,SHINE_Month12_Intervention_Uptake,,Household,Waste disposal,http://purl.obolibrary.org/obo/EUPATH_0000596,Total HH members who use open defecation at M12,,,,,
http://purl.obolibrary.org/obo/EUPATH_0048196,Child difficulty breathing,,SHINE_Morbidity_Recall_m18Split::m18_ari,SHINE_Morbidity_Recall_m18Split,,Observation,Child signs and symptoms,http://purl.obolibrary.org/obo/EUPATH_0042273,ARI_M18 004 ag01_a fast/difficult breathing,"1. Yes,
2. No,
88. Don't know",,,,
http://purl.obolibrary.org/obo/EUPATH_0048196,Child difficulty breathing,,SHINE_Infant_Birth_m18_m18Split::m18_ari_in_last_7days,SHINE_Infant_Birth_m18_m18Split,,Observation,Child signs and symptoms,http://purl.obolibrary.org/obo/EUPATH_0042273,ARI_M18 004 ag01_a fast/difficult breathing,"1. Yes,
2. No,
88. Don't know",,,,
http://purl.obolibrary.org/obo/EUPATH_0048193,Child Loose or watery stools,,SHINE_Morbidity_Recall_m18Split::m18_diarrhea,SHINE_Morbidity_Recall_m18Split,,Observation,Child signs and symptoms,http://purl.obolibrary.org/obo/EUPATH_0042273,Diarrhea_M18 001 ag01_a loosestool,"1. Yes,
2. No,
88. Don't know",,,,
http://purl.obolibrary.org/obo/EUPATH_0048193,Child Loose or watery stools,,SHINE_Infant_Birth_m18_m18Split::m18_diarrhea_in_last_7days,SHINE_Infant_Birth_m18_m18Split,,Observation,Child signs and symptoms,http://purl.obolibrary.org/obo/EUPATH_0042273,Diarrhea_M18 001 ag01_a loosestool,"1. Yes,
2. No,
88. Don't know",,,,
http://purl.obolibrary.org/obo/EUPATH_0048200,Child blood in stool,,SHINE_Morbidity_Recall_m18Split::m18_dysentery,SHINE_Morbidity_Recall_m18Split,,Observation,Child signs and symptoms,http://purl.obolibrary.org/obo/EUPATH_0042273,Dysentery_M18 077 ag01_a_blood in stool,"1. Yes,
2. No,
88. Don't know",,,,
http://purl.obolibrary.org/obo/EUPATH_0033193,HIV status,,SHINE_Maternal_Baseline_m18Split::m18_hiv_status,SHINE_Maternal_Baseline_m18Split,,Participant,Clinical history,http://purl.obolibrary.org/obo/OGMS_0000015,Maternal HIV status at M18,"0. HIV-Unknown,
1. HIV-positive,
2. HIV-negative",,,,
http://purl.obolibrary.org/obo/EUPATH_0000091,Visit date,,SHINE_Study_level_factors_Split::m18_visitdate,SHINE_Study_level_factors_Split,,Observation,Observation details,http://purl.obolibrary.org/obo/EUPATH_0000310,Date of 18 months visit,,,,,
http://purl.obolibrary.org/obo/EUPATH_0047389,Child age (months),,SHINE_ECD_Data::m24_age_in_months,SHINE_ECD_Data,Observation,Observation,Observation,http://purl.obolibrary.org/obo/EUPATH_0000738,Age in months,,,,,
http://purl.obolibrary.org/obo/EUPATH_0048187,Child head circumference-for-age z-score,,SHINE_ECD_Data::m24_hcz,SHINE_ECD_Data,,Observation,Child anthropometry,http://purl.obolibrary.org/obo/EUPATH_0047388,infant M24 HCZ-score,,,,,
http://purl.obolibrary.org/obo/EUPATH_0048189,Child length- or height-for-age z-score,,SHINE_ECD_Data::m24_laz,SHINE_ECD_Data,,Observation,Child anthropometry,http://purl.obolibrary.org/obo/EUPATH_0047388,infant M24 LAZ-score,,,,,
http://purl.obolibrary.org/obo/EUPATH_0048184,Child MUAC-for-age z-score,,SHINE_ECD_Data::m24_muacz,SHINE_ECD_Data,,Observation,Child anthropometry,http://purl.obolibrary.org/obo/EUPATH_0047388,infant M24 MUACZ-score,,,,,
http://purl.obolibrary.org/obo/EUPATH_0048224,Child weight-for-age z-score,,SHINE_ECD_Data::m24_waz,SHINE_ECD_Data,,Observation,Child anthropometry,http://purl.obolibrary.org/obo/EUPATH_0047388,infant M24 WAZ-score,,,,,
http://purl.obolibrary.org/obo/EUPATH_0048225,Child weight-for-height z-score,,SHINE_ECD_Data::m24_wlz,SHINE_ECD_Data,,Observation,Child anthropometry,http://purl.obolibrary.org/obo/EUPATH_0047388,infant M24 WHZ-score,,,,,
http://purl.obolibrary.org/obo/EUPATH_0048054,Cortisol concentration,,SHINE_Maternal_Baseline_baselineSplit::maternal_cortisol_conc,SHINE_Maternal_Baseline_baselineSplit,,Sample,Maternal saliva test,http://purl.obolibrary.org/obo/EUPATH_0048072,Maternal salivary cortisol concentration at baseline,,,,,
http://purl.obolibrary.org/obo/EUPATH_0048065,Hematuria,,SHINE_Maternal_Baseline_baselineSplit::maternal_haematuria,SHINE_Maternal_Baseline_baselineSplit,,Sample,Maternal urine test,http://purl.obolibrary.org/obo/EUPATH_0048074,wa07_06 Maternal haematuria,,,,,
http://purl.obolibrary.org/obo/EUPATH_0048159,Mean maximum temperature,,SHINE_Study_level_factors_Split::max_temp,SHINE_Study_level_factors_Split,,Household,Weather,http://purl.obolibrary.org/obo/EUPATH_0048160,mean_max,,,,,
http://purl.obolibrary.org/obo/EUPATH_0048226,Child MCB score,,SHINE_ECD_Data::mcb_score,SHINE_ECD_Data,,Observation,Observation,http://purl.obolibrary.org/obo/EUPATH_0000738,MCB score,,,,,
http://purl.obolibrary.org/obo/EUPATH_0048071,Child Malawi Developmental Assessment Tool,,,,,Observation,Observation,http://purl.obolibrary.org/obo/EUPATH_0000738,,,,need to change the label of this parent,,
http://purl.obolibrary.org/obo/EUPATH_0048061,Fine motor score,,SHINE_ECD_Data::mdat_finemotor,SHINE_ECD_Data,,Observation,Child Malawi Developmental Assessment Tool,http://purl.obolibrary.org/obo/EUPATH_0048071,MDAT Finemotor score,,,,,
http://purl.obolibrary.org/obo/EUPATH_0048063,Gross motor score,,SHINE_ECD_Data::mdat_grossmotor,SHINE_ECD_Data,,Observation,Child Malawi Developmental Assessment Tool,http://purl.obolibrary.org/obo/EUPATH_0048071,MDAT Grossmotor score,,,,,
http://purl.obolibrary.org/obo/EUPATH_0048069,Language score,,SHINE_ECD_Data::mdat_language,SHINE_ECD_Data,,Observation,Child Malawi Developmental Assessment Tool,http://purl.obolibrary.org/obo/EUPATH_0048071,MDAT Language score,,,,,
http://purl.obolibrary.org/obo/EUPATH_0048092,Social Score,,SHINE_ECD_Data::mdat_social,SHINE_ECD_Data,,Observation,Child Malawi Developmental Assessment Tool,http://purl.obolibrary.org/obo/EUPATH_0048071,MDAT Social score,,,,,
http://purl.obolibrary.org/obo/EUPATH_0048093,Total MDAT score,,SHINE_ECD_Data::mdat_totalscore,SHINE_ECD_Data,,Observation,Child Malawi Developmental Assessment Tool,http://purl.obolibrary.org/obo/EUPATH_0048071,MDAT Total score,,,,,
http://purl.obolibrary.org/obo/EUPATH_0048075,Mean rainfall,,SHINE_Study_level_factors_Split::mean_rainfall,SHINE_Study_level_factors_Split,,Household,Weather,http://purl.obolibrary.org/obo/EUPATH_0048160,mean_rainfall,,,,,
http://purl.obolibrary.org/obo/EUPATH_0048076,Mean minimum temperature,,SHINE_Study_level_factors_Split::min_temp,SHINE_Study_level_factors_Split,,Household,Weather,http://purl.obolibrary.org/obo/EUPATH_0048160,mean_min,,,,,
http://purl.obolibrary.org/obo/EUPATH_0048227,Mode of birth,,SHINE_Infant_Birth_m18_birthSplit::mode_of_delivery,SHINE_Infant_Birth_m18_birthSplit,,Observation,Obstetrics,http://purl.obolibrary.org/obo/EUPATH_0042001,AC38: Mode of delivery_new,"1. normal vaginal,
2. Caesarean section,
3. forceps_vacuum",,,,
http://purl.obolibrary.org/obo/EUPATH_0000150,Death date,,SHINE_Study_level_factors_Split::mom_dod,SHINE_Study_level_factors_Split,,Participant,Death information,http://purl.obolibrary.org/obo/EUPATH_0000671,Mother's date of death,,,,,
http://purl.obolibrary.org/obo/EUPATH_0048228,Antiretroviral therapy during pregnancy,,SHINE_Maternal_Baseline_baselineSplit::mom_evertook_art,SHINE_Maternal_Baseline_baselineSplit,,Participant,Obstetric history,http://purl.obolibrary.org/obo/ONTONEO_00000225,Ever took any ART during pregnancy,"1. no,
2. yes,
88. N/A,
99. DK",,,,
http://purl.obolibrary.org/obo/EUPATH_0048229,Cotrimoxazole therapy during pregnancy,,SHINE_Maternal_Baseline_baselineSplit::mom_evertook_ctx,SHINE_Maternal_Baseline_baselineSplit,,Participant,Obstetric history,http://purl.obolibrary.org/obo/ONTONEO_00000225,Ever took any Cotrimoxazole during pregnancy,"1. no,
2. yes,
88. N/A,
99. DK",,,,
http://purl.obolibrary.org/obo/EUPATH_0048230,Self-efficacy core,,SHINE_Maternal_Baseline_baselineSplit::mse,SHINE_Maternal_Baseline_baselineSplit,,Observation,Observation,http://purl.obolibrary.org/obo/EUPATH_0000738,Maternal self-efficacy score,,,,,
http://purl.obolibrary.org/obo/EUPATH_0048231,Child MUAC (mm),,SHINE_Infant_Birth_m18_m18Split::muac_m18,SHINE_Infant_Birth_m18_m18Split,,Observation,Child anthropometry,http://purl.obolibrary.org/obo/EUPATH_0047388,bj18: m18 MUAC (mm),,,,,
http://purl.obolibrary.org/obo/EUPATH_0048184,Child MUAC-for-age z-score,,SHINE_Infant_Birth_m18_m18Split::muacz_m18,SHINE_Infant_Birth_m18_m18Split,,Observation,Child anthropometry,http://purl.obolibrary.org/obo/EUPATH_0047388,MUACZ,,,,,
http://purl.obolibrary.org/obo/EUPATH_0048233,Minimum dietary diversity,,SHINE_Baseline_Household_Data::hh_mdds,SHINE_Baseline_Household_Data,,Household,Diet,http://purl.obolibrary.org/obo/EUPATH_0011732,Household meets minimum dietary diversity,"0. no,
1. yes,
88. N/A,
99. DK",,,,
http://purl.obolibrary.org/obo/EUPATH_0000019,Persons living in house,,SHINE_Baseline_Household_Data::hhsize,SHINE_Baseline_Household_Data,,Household,Socioeconomic factors,http://purl.obolibrary.org/obo/EUPATH_0000304,HH size - HH members/HH,,,,,
http://purl.obolibrary.org/obo/EUPATH_0048012,Item at handwashing station,,SHINE_Baseline_Household_Data::hwstation_items_b0,SHINE_Baseline_Household_Data,,Household,Hygiene,http://purl.obolibrary.org/obo/EUPATH_0000686,b0: Items observed @ HW station,"1. yes,
2. no",,,,
http://purl.obolibrary.org/obo/EUPATH_0037007,Improved latrine,,SHINE_Baseline_Household_Data::Improve_Latrine,SHINE_Baseline_Household_Data,,Household,Waste disposal,http://purl.obolibrary.org/obo/EUPATH_0000596,improved latrine only,"1. yes,
2. no",,,,
http://purl.obolibrary.org/obo/EUPATH_0031228,Improved drinking water source,,SHINE_Baseline_Household_Data::improved_water,SHINE_Baseline_Household_Data,,Household,Household water,http://purl.obolibrary.org/obo/EUPATH_0000731,Improved drinking water source,"1. yes,
2. no",,,,
http://purl.obolibrary.org/obo/EUPATH_0035008,Improved floor material,,SHINE_Baseline_Household_Data::improvedfloorcat,SHINE_Baseline_Household_Data,,Household,Dwelling characteristics,http://purl.obolibrary.org/obo/EUPATH_0000303,Improved floor,"0. no,
1. yes,
88. N/A,
99. DK",,,,
http://purl.obolibrary.org/obo/EUPATH_0048234,Ova seen,,SHINE_Maternal_Baseline_baselineSplit::ovaseen,SHINE_Maternal_Baseline_baselineSplit,,Observation,Physical examination,http://purl.obolibrary.org/obo/OGMS_0000083,Ova seen,"0. no,
1. yes,
88. N/A,
99. DK",,,,
http://purl.obolibrary.org/obo/EUPATH_0048013,Imporoved latrine path,,SHINE_Baseline_Household_Data::improvedlatrinepath_b0,SHINE_Baseline_Household_Data,,Household,Human waste facilities,http://purl.obolibrary.org/obo/EUPATH_0000335,improved latrine_well troden path,"1. yes,
2. no",,,,
http://purl.obolibrary.org/obo/EUPATH_0048014,Shared latrine path,,SHINE_Baseline_Household_Data::improvedlatrinepath_share_b0,SHINE_Baseline_Household_Data,,Household,Human waste facilities,http://purl.obolibrary.org/obo/EUPATH_0000335,b0:_well troden path & sharing,"1. yes,
2. no",,,,
http://purl.obolibrary.org/obo/EUPATH_0048015,Bathing,,SHINE_Baseline_Household_Data::latrine_use_bathing,SHINE_Baseline_Household_Data,,Household,Latrine Use,http://purl.obolibrary.org/obo/EUPATH_0048009,,,,,,
http://purl.obolibrary.org/obo/EUPATH_0048016,Defecation,,SHINE_Baseline_Household_Data::latrine_use_defecation,SHINE_Baseline_Household_Data,,Household,Latrine Use,http://purl.obolibrary.org/obo/EUPATH_0048009,,,,,,
http://purl.obolibrary.org/obo/EUPATH_0048017,Other,,SHINE_Baseline_Household_Data::latrine_use_other,SHINE_Baseline_Household_Data,,Household,Latrine Use,http://purl.obolibrary.org/obo/EUPATH_0048009,,,,,,
http://purl.obolibrary.org/obo/EUPATH_0048018,Storage,,SHINE_Baseline_Household_Data::latrine_use_storage,SHINE_Baseline_Household_Data,,Household,Latrine Use,http://purl.obolibrary.org/obo/EUPATH_0048009,,,,,,
http://purl.obolibrary.org/obo/EUPATH_0048019,Urinating,,SHINE_Baseline_Household_Data::latrine_use_urinating,SHINE_Baseline_Household_Data,,Household,Latrine Use,http://purl.obolibrary.org/obo/EUPATH_0048009,,,,,,
http://purl.obolibrary.org/obo/EUPATH_0048235,Physical health score,,SHINE_Maternal_Baseline_baselineSplit::phs,SHINE_Maternal_Baseline_baselineSplit,,Observation,Observation,http://purl.obolibrary.org/obo/EUPATH_0000738,Maternal physical health score,,,,,
http://purl.obolibrary.org/obo/EUPATH_0042060,Delivery location,,SHINE_Infant_Birth_m18_birthSplit::place_of_delivery,SHINE_Infant_Birth_m18_birthSplit,,Observation,Labor and delivery,http://purl.obolibrary.org/obo/EUPATH_0042001,AC02: Place of delivery_new,"1. Institution,
2.  Non Institution",,,,
http://purl.obolibrary.org/obo/EUPATH_0033193,HIV status,,SHINE_Maternal_Baseline_baselineSplit::preg_hiv_status,SHINE_Maternal_Baseline_baselineSplit,,Participant,Clinical history,http://purl.obolibrary.org/obo/OGMS_0000015,Maternal pregnancy HIV status,"0. HIV-Unknown,
1. HIV-positive,
2. HIV-negative",,,,
http://purl.obolibrary.org/obo/EUPATH_0048236,Perceived social support score,,SHINE_Maternal_Baseline_baselineSplit::pss,SHINE_Maternal_Baseline_baselineSplit,,Observation,Observation,http://purl.obolibrary.org/obo/EUPATH_0000738,Maternal perceived social support score,,,,,
http://purl.obolibrary.org/obo/EUPATH_0048237,Perceived time stress score,,SHINE_Maternal_Baseline_baselineSplit::pts,SHINE_Maternal_Baseline_baselineSplit,,Observation,Observation,http://purl.obolibrary.org/obo/EUPATH_0000738,Maternal perceived time stress score,,,,,
http://purl.obolibrary.org/obo/EUPATH_0048209,"Open defecation, adults over 70yrs",,SHINE_Baseline_Household_Data::opendef_age_70plus,SHINE_Baseline_Household_Data,,Household,Waste disposal,http://purl.obolibrary.org/obo/EUPATH_0000596,Members age 70 + yrs who use open defecation,,,,,
http://purl.obolibrary.org/obo/EUPATH_0048210,"Open defecation, children under 3yrs",,SHINE_Baseline_Household_Data::opendef_age0_less3,SHINE_Baseline_Household_Data,,Household,Waste disposal,http://purl.obolibrary.org/obo/EUPATH_0000596,Members age <3 yrs who use open defecation,,,,,
http://purl.obolibrary.org/obo/EUPATH_0048211,"Open defecation, adults 18-70yrs",,SHINE_Baseline_Household_Data::opendef_age18_less70,SHINE_Baseline_Household_Data,,Household,Waste disposal,http://purl.obolibrary.org/obo/EUPATH_0000596,Members age 18 to <70yrs who use open defecation,,,,,
http://purl.obolibrary.org/obo/EUPATH_0048212,"Open defecation, children under 3-6yrs",,SHINE_Baseline_Household_Data::opendef_age3_less6,SHINE_Baseline_Household_Data,,Household,Waste disposal,http://purl.obolibrary.org/obo/EUPATH_0000596,Members age 3 to <6yrs who use open defecation,,,,,
http://purl.obolibrary.org/obo/EUPATH_0048213,"Open defecation, children under 6-18yrs",,SHINE_Baseline_Household_Data::opendef_age6_less18,SHINE_Baseline_Household_Data,,Household,Waste disposal,http://purl.obolibrary.org/obo/EUPATH_0000596,Members age 6 to <18yrs who use open defecation,,,,,
http://purl.obolibrary.org/obo/EUPATH_0048214,Total count open defecation,,SHINE_Baseline_Household_Data::opendef_hhtotal,SHINE_Baseline_Household_Data,,Household,Waste disposal,http://purl.obolibrary.org/obo/EUPATH_0000596,Total HH members who use open defecation,,,,,
http://purl.obolibrary.org/obo/EUPATH_0048020,Livestock,,SHINE_Baseline_Household_Data::owns_livestock,SHINE_Baseline_Household_Data,,Household,Assets,http://purl.obolibrary.org/obo/EUPATH_0000144,Owns any livestock?,,,,,
http://purl.obolibrary.org/obo/EUPATH_0048021,Generator,,SHINE_Baseline_Household_Data::p17_generator,SHINE_Baseline_Household_Data,,Household,Electric power,http://purl.obolibrary.org/obo/EUPATH_0048059,Type of electric power: Generator (p17==1),,,,,
http://purl.obolibrary.org/obo/EUPATH_0048022,Solar,,SHINE_Baseline_Household_Data::p17_solar,SHINE_Baseline_Household_Data,,Household,Electric power,http://purl.obolibrary.org/obo/EUPATH_0048059,Type of electric power: Solar     (p17==2),,,,,
http://purl.obolibrary.org/obo/EUPATH_0000023,Cooking fuel,,SHINE_Baseline_Household_Data::p18_cooking_fuel_type,SHINE_Baseline_Household_Data,,Household,Dwelling facilities,http://purl.obolibrary.org/obo/EUPATH_0000302,p18: What type of fuel does your household mainly use for cooking?,"1. Kerosene/Paraffin,
2. Charcoal,
3. Wood,
4. Straw/Grass/Leaves,
5. Animal dung,
6. Electricity,
7. Gas,
8. Other",,,,
http://purl.obolibrary.org/obo/EUPATH_0048023,"Income all sources (CPI adjusted, USD)",,SHINE_Baseline_Household_Data::p24_income_total,SHINE_Baseline_Household_Data,,Household,Income,http://purl.obolibrary.org/obo/EUPATH_0011680,p24: REAL (cpi-adjusted) HH Income all sources (US$),,,,,
http://purl.obolibrary.org/obo/EUPATH_0048024,"Expenditure (CPI adjusted, USD)",,SHINE_Baseline_Household_Data::p25_expend_r,SHINE_Baseline_Household_Data,,Household,Socioeconomic status,http://purl.obolibrary.org/obo/EUPATH_0011932,p25: REAL (cpi-adjusted) HH expenditure amount/equivalent (US$),,,,,
http://purl.obolibrary.org/obo/EUPATH_0048025,Water volume collected per capita,,SHINE_Baseline_Household_Data::per_capita_volume,SHINE_Baseline_Household_Data,,Household,Household,http://purl.obolibrary.org/obo/PCO_0000024,:Per capita volume of water collected for the households,,,,,
http://purl.obolibrary.org/obo/ENVO_00000501,Bed,,SHINE_Baseline_Household_Data::r01_bed,SHINE_Baseline_Household_Data,,Household,Assets,http://purl.obolibrary.org/obo/EUPATH_0000144,r01_06_01: Owns bed,"0. no,
1. yes,
88. N/A,
99. DK",,,,
http://purl.obolibrary.org/obo/ENVO_01000614,Bicycle,,SHINE_Baseline_Household_Data::r01_bicycle,SHINE_Baseline_Household_Data,,Household,Assets,http://purl.obolibrary.org/obo/EUPATH_0000144,r01_25_01: Owns bicycle,"0. no,
1. yes,
88. N/A,
99. DK",,,,
http://purl.obolibrary.org/obo/EUPATH_0000171,Car or truck,,SHINE_Baseline_Household_Data::r01_car,SHINE_Baseline_Household_Data,,Household,Assets,http://purl.obolibrary.org/obo/EUPATH_0000144,r01_27_01: Owns car/truck,"0. no,
1. yes,
88. N/A,
99. DK",,,,
http://purl.obolibrary.org/obo/EUPATH_0022015,Cows,,SHINE_Baseline_Household_Data::r01_cattle,SHINE_Baseline_Household_Data,,Household,Assets,http://purl.obolibrary.org/obo/EUPATH_0000144,r01_31_01: Owns cattle,"0. no,
1. yes,
88. N/A,
99. DK",,,,
http://purl.obolibrary.org/obo/EUPATH_0048026,CD player,,SHINE_Baseline_Household_Data::r01_cdplayer,SHINE_Baseline_Household_Data,,Household,Assets,http://purl.obolibrary.org/obo/EUPATH_0000144,r01_16_01: Owns audio cassette/cd/dvd/mp3 player,"0. no,
1. yes,
88. N/A,
99. DK",,,,
http://purl.obolibrary.org/obo/ENVO_01000586,Chair,,SHINE_Baseline_Household_Data::r01_chair,SHINE_Baseline_Household_Data,,Household,Assets,http://purl.obolibrary.org/obo/EUPATH_0000144,r01_10_01: Owns chairs,"0. no,
1. yes,
88. N/A,
99. DK",,,,
http://purl.obolibrary.org/obo/EUPATH_0048027,Chickens,,SHINE_Baseline_Household_Data::r01_chicken,SHINE_Baseline_Household_Data,,Household,Assets,http://purl.obolibrary.org/obo/EUPATH_0000144,r01_33_01: Owns chickens and any other poultry,"0. no,
1. yes,
88. N/A,
99. DK",,,,
http://purl.obolibrary.org/obo/EUPATH_0048028,Clay pot,,SHINE_Baseline_Household_Data::r01_claypot,SHINE_Baseline_Household_Data,,Household,Assets,http://purl.obolibrary.org/obo/EUPATH_0000144,r01_50_01: Owns clay pot,"0. no,
1. yes,
88. N/A,
99. DK",,,,
http://purl.obolibrary.org/obo/EUPATH_0048029,Cultivator,,SHINE_Baseline_Household_Data::r01_cultivator,SHINE_Baseline_Household_Data,,Household,Assets,http://purl.obolibrary.org/obo/EUPATH_0000144,r01_37_01: Owns cultivator,"0. no,
1. yes,
88. N/A,
99. DK",,,,
http://purl.obolibrary.org/obo/EUPATH_0048030,Goat and sheep,,SHINE_Baseline_Household_Data::r01_goat_sheep,SHINE_Baseline_Household_Data,,Household,Assets,http://purl.obolibrary.org/obo/EUPATH_0000144,r01_32_01: Owns goat and sheep,"0. no,
1. yes,
88. N/A,
99. DK",,,,
http://purl.obolibrary.org/obo/EUPATH_0048031,Hoe,,SHINE_Baseline_Household_Data::r01_hoe,SHINE_Baseline_Household_Data,,Household,Assets,http://purl.obolibrary.org/obo/EUPATH_0000144,r01_38_01: Owns hoe,"0. no,
1. yes,
88. N/A,
99. DK",,,,
http://purl.obolibrary.org/obo/EUPATH_0048032,Iron,,SHINE_Baseline_Household_Data::r01_iron,SHINE_Baseline_Household_Data,,Household,Assets,http://purl.obolibrary.org/obo/EUPATH_0000144,r01_14_01: Owns iron (electric or otherwise),"0. no,
1. yes,
88. N/A,
99. DK",,,,
http://purl.obolibrary.org/obo/EUPATH_0048033,Lamp,,SHINE_Baseline_Household_Data::r01_lamp,SHINE_Baseline_Household_Data,,Household,Assets,http://purl.obolibrary.org/obo/EUPATH_0000144,r01_13_01: Owns table lamp,"0. no,
1. yes,
88. N/A,
99. DK",,,,
http://purl.obolibrary.org/obo/EUPATH_0048034,Mattress,,SHINE_Baseline_Household_Data::r01_mattress,SHINE_Baseline_Household_Data,,Household,Assets,http://purl.obolibrary.org/obo/EUPATH_0000144,r01_07_01: Owns mattress,"0. no,
1. yes,
88. N/A,
99. DK",,,,
http://purl.obolibrary.org/obo/ENVO_01000615,Motorcycle or scooter,,SHINE_Baseline_Household_Data::r01_motorcycle,SHINE_Baseline_Household_Data,,Household,Assets,http://purl.obolibrary.org/obo/EUPATH_0000144,r01_26_01: Owns motorcycle,"0. no,
1. yes,
88. N/A,
99. DK",,,,
http://purl.obolibrary.org/obo/EUPATH_0048035,Ox cart,,SHINE_Baseline_Household_Data::r01_ox_cart,SHINE_Baseline_Household_Data,,Household,Assets,http://purl.obolibrary.org/obo/EUPATH_0000144,r01_28_01: Owns scotch cart,"0. no,
1. yes,
88. N/A,
99. DK",,,,
http://purl.obolibrary.org/obo/EUPATH_0048036,Mortar and pestle,,SHINE_Baseline_Household_Data::r01_pestle_mortar,SHINE_Baseline_Household_Data,,Household,Assets,http://purl.obolibrary.org/obo/EUPATH_0000144,r01_46_01: Owns pestle and mortar,"0. no,
1. yes,
88. N/A,
99. DK",,,,
http://purl.obolibrary.org/obo/ENVO_01000580,Telephone (mobile or non-mobile),,SHINE_Baseline_Household_Data::r01_phone,SHINE_Baseline_Household_Data,,Household,Assets,http://purl.obolibrary.org/obo/EUPATH_0000144,r01_17_01: Owns phone/mobile phone,"0. no,
1. yes,
88. N/A,
99. DK",,,,
http://purl.obolibrary.org/obo/EUPATH_0048037,Plough,,SHINE_Baseline_Household_Data::r01_plough,SHINE_Baseline_Household_Data,,Household,Assets,http://purl.obolibrary.org/obo/EUPATH_0000144,r01_36_01: Owns plough,"0. no,
1. yes,
88. N/A,
99. DK",,,,
http://purl.obolibrary.org/obo/ENVO_01000577,Radio,,SHINE_Baseline_Household_Data::r01_radio,SHINE_Baseline_Household_Data,,Household,Assets,http://purl.obolibrary.org/obo/EUPATH_0000144,r01_15_01: Owns radio,"0. no,
1. yes,
88. N/A,
99. DK",,,,
http://purl.obolibrary.org/obo/EUPATH_0048038,Reed basket,,SHINE_Baseline_Household_Data::r01_reed_basket,SHINE_Baseline_Household_Data,,Household,Assets,http://purl.obolibrary.org/obo/EUPATH_0000144,r01_48_01: Owns reed basket e.g. winnowing basket,"0. no,
1. yes,
88. N/A,
99. DK",,,,
http://purl.obolibrary.org/obo/EUPATH_0048039,Reed mat,,SHINE_Baseline_Household_Data::r01_reed_mat,SHINE_Baseline_Household_Data,,Household,Assets,http://purl.obolibrary.org/obo/EUPATH_0000144,r01_47_01: Owns reed mat,"0. no,
1. yes,
88. N/A,
99. DK",,,,
http://purl.obolibrary.org/obo/ENVO_01000583,Refrigerator,,SHINE_Baseline_Household_Data::r01_refrig,SHINE_Baseline_Household_Data,,Household,Assets,http://purl.obolibrary.org/obo/EUPATH_0000144,r01_20_01: Owns refrigerator,"0. no,
1. yes,
88. N/A,
99. DK",,,,
http://purl.obolibrary.org/obo/EUPATH_0048244,Severe anemia (hemoglobin less than 70g/dL),,SHINE_Infant_Birth_m18_m18Split::severe_anaemic_m18,SHINE_Infant_Birth_m18_m18Split,,Sample,Child blood test,http://purl.obolibrary.org/obo/EUPATH_0042245,M18 Severe anaemic HB<70g/L,,,,,
http://purl.obolibrary.org/obo/EUPATH_0048245,Child stunted,,SHINE_Infant_Birth_m18_m18Split::stunted_m18,SHINE_Infant_Birth_m18_m18Split,,Observation,Child anthropometry,http://purl.obolibrary.org/obo/EUPATH_0047388,M18 stunting LAZ<-2,,,,,
http://purl.obolibrary.org/obo/EUPATH_0048246,Suicidal ideation,,SHINE_Maternal_Baseline_baselineSplit::suic,SHINE_Maternal_Baseline_baselineSplit,,Observation,Signs and symptoms,http://purl.obolibrary.org/obo/EUPATH_0000309,Maternal suicidal ideation?,"0. no,
1. yes,
88. N/A,
99. DK",,,,
http://purl.obolibrary.org/obo/EUPATH_0035003,Sewing machine,,SHINE_Baseline_Household_Data::r01_sewing,SHINE_Baseline_Household_Data,,Household,Assets,http://purl.obolibrary.org/obo/EUPATH_0000144,r01_22_01: Owns sewing machine,"0. no,
1. yes,
88. N/A,
99. DK",,,,
http://purl.obolibrary.org/obo/EUPATH_0010075,Height (cm),,SHINE_Maternal_Baseline_baselineSplit::v01mother_height,SHINE_Maternal_Baseline_baselineSplit,,Observation,Anthropometry,http://purl.obolibrary.org/obo/EUPATH_0000649,v01: Height of mother,,,,,
http://purl.obolibrary.org/obo/EUPATH_0010084,MUAC (cm),,SHINE_Maternal_Baseline_baselineSplit::v03mother_muac,SHINE_Maternal_Baseline_baselineSplit,,Observation,Anthropometry,http://purl.obolibrary.org/obo/EUPATH_0000649,v03: MUAC of mother,,,,,
http://purl.obolibrary.org/obo/EUPATH_0048247,Child wasted,,SHINE_Infant_Birth_m18_m18Split::wasted_m18,SHINE_Infant_Birth_m18_m18Split,,Observation,Child anthropometry,http://purl.obolibrary.org/obo/EUPATH_0047388,M18 wasting WHZ<-2,,,,,
http://purl.obolibrary.org/obo/EUPATH_0048224,Child weight-for-age z-score,,SHINE_Infant_Birth_m18_m18Split::waz_m18,SHINE_Infant_Birth_m18_m18Split,,Observation,Child anthropometry,http://purl.obolibrary.org/obo/EUPATH_0047388,infant M18 WAZ-score,,,,,
http://purl.obolibrary.org/obo/EUPATH_0042292,Hemoglobin (g/dL),,SHINE_Maternal_Baseline_baselineSplit::wb10_mom_hb,SHINE_Maternal_Baseline_baselineSplit,,Sample,Maternal blood test,http://purl.obolibrary.org/obo/EUPATH_0036022,wb10 hemoglobin level,,,,,
http://purl.obolibrary.org/obo/EUPATH_0047385,Child weight (kg),,SHINE_Infant_Birth_m18_m18Split::weight_m18,SHINE_Infant_Birth_m18_m18Split,,Observation,Child anthropometry,http://purl.obolibrary.org/obo/EUPATH_0047388,bj15: m18 Weight (kg),,,,,
http://purl.obolibrary.org/obo/EUPATH_0048249,Expected count water guard deliveries,,SHINE_Month12_Intervention_Uptake::WG_no_of_Expect_deliv,SHINE_Month12_Intervention_Uptake,,Household,Household SHINE intervention,http://purl.obolibrary.org/obo/EUPATH_0048256,Number of expected water guard deliveries,,,,,
http://purl.obolibrary.org/obo/EUPATH_0048225,Child weight-for-height z-score,,SHINE_Infant_Birth_m18_m18Split::whz_m18,SHINE_Infant_Birth_m18_m18Split,,Observation,Child anthropometry,http://purl.obolibrary.org/obo/EUPATH_0047388,infant M18 WHZ-score,,,,,
http://purl.obolibrary.org/obo/EUPATH_0048040,Peanut butter smoothing stone,,SHINE_Baseline_Household_Data::r01_smoothing_stone,SHINE_Baseline_Household_Data,,Household,Assets,http://purl.obolibrary.org/obo/EUPATH_0000144,r01_49_01: Owns peanut butter smoothing stone,"0. no,
1. yes,
88. N/A,
99. DK",,,,
http://purl.obolibrary.org/obo/EUPATH_0048041,Spade,,SHINE_Baseline_Household_Data::r01_spade,SHINE_Baseline_Household_Data,,Household,Assets,http://purl.obolibrary.org/obo/EUPATH_0000144,r01_39_01: Owns spade,"0. no,
1. yes,
88. N/A,
99. DK",,,,
http://purl.obolibrary.org/obo/EUPATH_0048042,Stove stand,,SHINE_Baseline_Household_Data::r01_stovestand,SHINE_Baseline_Household_Data,,Household,Assets,http://purl.obolibrary.org/obo/EUPATH_0000144,r01_04_01: Owns stove stand,"0. no,
1. yes,
88. N/A,
99. DK",,,,
http://purl.obolibrary.org/obo/ENVO_01000584,Table,,SHINE_Baseline_Household_Data::r01_table,SHINE_Baseline_Household_Data,,Household,Assets,http://purl.obolibrary.org/obo/EUPATH_0000144,r01_09_01: Owns tables,"0. no,
1. yes,
88. N/A,
99. DK",,,,
http://purl.obolibrary.org/obo/EUPATH_0048018,Storage,,SHINE_Month12_Intervention_Uptake::xb07,SHINE_Month12_Intervention_Uptake,,Household,Latrine Use,http://purl.obolibrary.org/obo/EUPATH_0048009,xb07: Is the latrine being used as a storage facility?,"1. Yes,
2. No,
88. NA,
99. DK",,,,
http://purl.obolibrary.org/obo/EUPATH_0048064,Hand washing location within 10 m,,SHINE_Month12_Intervention_Uptake::xb08,SHINE_Month12_Intervention_Uptake,,Household,Hygiene,http://purl.obolibrary.org/obo/EUPATH_0000686,xb08: Place for handwashing in the toilet facility or w/i 10 meters,"1. Yes,
2. No,
88. NA,
99. DK",,,,
http://purl.obolibrary.org/obo/EUPATH_0048087,Other hand washing locations,,SHINE_Month12_Intervention_Uptake::xb09,SHINE_Month12_Intervention_Uptake,,Household,Hygiene,http://purl.obolibrary.org/obo/EUPATH_0000686,xb09: Is there any other hand washing area/facility at the homestead?,"1. Yes,
2. No,
88. NA,
99. DK",,,,
http://purl.obolibrary.org/obo/EUPATH_0048010,Water,,SHINE_Month12_Intervention_Uptake::xb10,SHINE_Month12_Intervention_Uptake,,Household,Item at handwashing station,http://purl.obolibrary.org/obo/EUPATH_0048012,xb10: Water at the hand washing area/facility,"1. Yes,
2. No,
88. NA,
99. DK",,,,
http://purl.obolibrary.org/obo/EUPATH_0048251,Appearance of child play space,,SHINE_Month12_Intervention_Uptake::xb44,SHINE_Month12_Intervention_Uptake,,Observation,Observation,http://purl.obolibrary.org/obo/EUPATH_0000738,xb44: OBSERVE and record the general appearance of the play space (relative to h,"1. Visibly clean,
2. Visibly dirty,
3. Visibly dusty,
88. Unable to observe,
99. Don't know",,,,
http://purl.obolibrary.org/obo/EUPATH_0048043,Trunk or suitcase,,SHINE_Baseline_Household_Data::r01_trunk,SHINE_Baseline_Household_Data,,Household,Assets,http://purl.obolibrary.org/obo/EUPATH_0000144,r01_11_01: Owns trunk/suitcase,"0. no,
1. yes,
88. N/A,
99. DK",,,,
http://purl.obolibrary.org/obo/ENVO_01000579,Television,,SHINE_Baseline_Household_Data::r01_tv,SHINE_Baseline_Household_Data,,Household,Assets,http://purl.obolibrary.org/obo/EUPATH_0000144,r01_18_01: Owns TV (color/black-white),"0. no,
1. yes,
88. N/A,
99. DK",,,,
http://purl.obolibrary.org/obo/EUPATH_0036225,Watch or clock,,SHINE_Baseline_Household_Data::r01_watch,SHINE_Baseline_Household_Data,,Household,Assets,http://purl.obolibrary.org/obo/EUPATH_0000144,r01_23_01: Owns wall clock/wrist watch,"0. no,
1. yes,
88. N/A,
99. DK",,,,
http://purl.obolibrary.org/obo/EUPATH_0048044,Wheelbarrow,,SHINE_Baseline_Household_Data::r01_wheelbarrow,SHINE_Baseline_Household_Data,,Household,Assets,http://purl.obolibrary.org/obo/EUPATH_0000144,r01_42_01: Owns wheel barrow,"0. no,
1. yes,
88. N/A,
99. DK",,,,
http://purl.obolibrary.org/obo/EUPATH_0025047,Roof material type,,SHINE_Baseline_Household_Data::roof_type,SHINE_Baseline_Household_Data,,Household,Dwelling characteristics,http://purl.obolibrary.org/obo/EUPATH_0000303,Roof type,,,,,
http://purl.obolibrary.org/obo/EUPATH_0048045,Salary,,SHINE_Baseline_Household_Data::salary,SHINE_Baseline_Household_Data,,Household,Socioeconomic status,http://purl.obolibrary.org/obo/EUPATH_0011932,p24: (1) if HH has formal salary/wages,"0. no,
1. yes,
88. N/A,
99. DK",,,,
http://purl.obolibrary.org/obo/EUPATH_0048046,Wealth index quantiles,,SHINE_Baseline_Household_Data::ses_quintile1,SHINE_Baseline_Household_Data,,Household,Socioeconomic status,http://purl.obolibrary.org/obo/EUPATH_0011932,5 quantiles of ses_score1,"1. 1 Low,
2. 2 Low Mid,
3. 3 Mid,
4. 4 Upper Mid,
5. 5 Upper",,,,
http://purl.obolibrary.org/obo/EUPATH_0048047,"SHINE Wealth index, categorical",,SHINE_Baseline_Household_Data::ses_score1,SHINE_Baseline_Household_Data,,Household,Socioeconomic status,http://purl.obolibrary.org/obo/EUPATH_0011932,SHINE Wealth Index,,,,,
http://purl.obolibrary.org/obo/EUPATH_0044122,Study timepoint for household assessment,,SHINE_Baseline_Household_Data::studyTimepoint,SHINE_Baseline_Household_Data,,Household,Household,http://purl.obolibrary.org/obo/PCO_0000024,,,,,,
http://purl.obolibrary.org/obo/OBI_0001508,Study timepoint,,SHINE_Baseline_Household_Data::studyTimepoint,SHINE_Baseline_Household_Data,,Observation,Observation,http://purl.obolibrary.org/obo/EUPATH_0000738,,,,,,
http://purl.obolibrary.org/obo/EUPATH_0048048,Water volume collected per day,,SHINE_Baseline_Household_Data::tot_vol,SHINE_Baseline_Household_Data,,Household,Household,http://purl.obolibrary.org/obo/PCO_0000024,:Total volume of water collected per HH per day,,,,,
http://purl.obolibrary.org/obo/EUPATH_0048018,Storage,,SHINE_Baseline_Household_Data::x07_latrine_storage_use,SHINE_Baseline_Household_Data,Household,Household,Latrine Use,http://purl.obolibrary.org/obo/EUPATH_0048009,x07:Is latrine used for storage?,"1. no,
2. yes,
88. N/A,
99. DK",,,,
http://purl.obolibrary.org/obo/EUPATH_0035035,Soap at hand washing location,,SHINE_Baseline_Household_Data::x11_02_soap_at_handwashing,SHINE_Baseline_Household_Data,,Household,Hygiene,http://purl.obolibrary.org/obo/EUPATH_0000686,x11: Observe hw facility_items present - 02 soap/detergent,"0. no,
1. yes",,,,
http://purl.obolibrary.org/obo/EUPATH_0000418,Animals indoors,,SHINE_Baseline_Household_Data::x26_livestock_inside_house,SHINE_Baseline_Household_Data,,Household,Dwelling environment,http://purl.obolibrary.org/obo/EUPATH_0010032,X26: Are any livestock kept inside living quarters?,"1. Yes,
2. No,
99. DK",,,,
http://purl.obolibrary.org/obo/EUPATH_0048252,Visible feces inyard,,SHINE_Baseline_Household_Data::x28_feaces_in_yard,SHINE_Baseline_Household_Data,,Household,Dwelling environment,http://purl.obolibrary.org/obo/EUPATH_0010032,X28: Feces(human/animal) visible in the yard,"1. Yes,
2. No,
99. cannot observe",,,,
http://purl.obolibrary.org/obo/OBI_0001508,Study timepoint,,SHINE_ECD_Data::studyTimepoint,SHINE_ECD_Data,Observation,Observation,Observation,http://purl.obolibrary.org/obo/EUPATH_0000738,,,,,,
http://purl.obolibrary.org/obo/OBI_0001508,Study timepoint,,SHINE_Infant_Birth_m18_m12Split::studyTimepoint,SHINE_Infant_Birth_m18_m12Split,,Observation,Observation,http://purl.obolibrary.org/obo/EUPATH_0000738,,,,,,
http://purl.obolibrary.org/obo/OBI_0001508,Study timepoint,,SHINE_Infant_Birth_m18_m18Split::studyTimepoint,SHINE_Infant_Birth_m18_m18Split,,Observation,Observation,http://purl.obolibrary.org/obo/EUPATH_0000738,,,,,,
http://purl.obolibrary.org/obo/EUPATH_0048253,Sample timepoint,,SHINE_Infant_Birth_m18_m18Split::studyTimepoint,SHINE_Infant_Birth_m18_m18Split,,Sample,Sample details,http://purl.obolibrary.org/obo/EUPATH_0011996,,,,,,
http://purl.obolibrary.org/obo/OBI_0001508,Study timepoint,,SHINE_Infant_EBF_m1Split::studyTimepoint,SHINE_Infant_EBF_m1Split,,Observation,Observation,http://purl.obolibrary.org/obo/EUPATH_0000738,,,,,,
http://purl.obolibrary.org/obo/OBI_0001508,Study timepoint,,SHINE_Infant_EBF_m3Split::studyTimepoint,SHINE_Infant_EBF_m3Split,,Observation,Observation,http://purl.obolibrary.org/obo/EUPATH_0000738,,,,,,
http://purl.obolibrary.org/obo/OBI_0001508,Study timepoint,,SHINE_Maternal_Baseline_baselineSplit::studyTimepoint,SHINE_Maternal_Baseline_baselineSplit,,Observation,Observation,http://purl.obolibrary.org/obo/EUPATH_0000738,,,,,,
http://purl.obolibrary.org/obo/EUPATH_0048253,Sample timepoint,,SHINE_Maternal_Baseline_baselineSplit::studyTimepoint,SHINE_Maternal_Baseline_baselineSplit,,Sample,Sample details,http://purl.obolibrary.org/obo/EUPATH_0011996,,,,,,
http://purl.obolibrary.org/obo/EUPATH_0048086,None,,SHINE_Month12_Intervention_Uptake::handwash_items_none,SHINE_Month12_Intervention_Uptake,,Household,Item at handwashing station,http://purl.obolibrary.org/obo/EUPATH_0048012,,,,,,
http://purl.obolibrary.org/obo/EUPATH_0048089,Sand or ash,,SHINE_Month12_Intervention_Uptake::handwash_items_sandAsh,SHINE_Month12_Intervention_Uptake,,Household,Item at handwashing station,http://purl.obolibrary.org/obo/EUPATH_0048012,,,,,,
http://purl.obolibrary.org/obo/EUPATH_0048091,Soap,,SHINE_Month12_Intervention_Uptake::handwash_items_soap,SHINE_Month12_Intervention_Uptake,,Household,Item at handwashing station,http://purl.obolibrary.org/obo/EUPATH_0048012,,,,,,
http://purl.obolibrary.org/obo/EUPATH_0048055,Dense vegetation,,SHINE_Month12_Intervention_Uptake::latrine_access_denseVeg,SHINE_Month12_Intervention_Uptake,,Household,Latrine Access,http://purl.obolibrary.org/obo/EUPATH_0048070,,,,,,
http://purl.obolibrary.org/obo/EUPATH_0048094,Waste or debris in path,,SHINE_Month12_Intervention_Uptake::latrine_access_obstructed,SHINE_Month12_Intervention_Uptake,,Household,Latrine Access,http://purl.obolibrary.org/obo/EUPATH_0048070,,,,,,
http://purl.obolibrary.org/obo/EUPATH_0048060,Entrance obstructed,,SHINE_Month12_Intervention_Uptake::latrine_access_wasteDebris,SHINE_Month12_Intervention_Uptake,,Household,Latrine Access,http://purl.obolibrary.org/obo/EUPATH_0048070,,,,,,
http://purl.obolibrary.org/obo/EUPATH_0048095,Well-trodden,,SHINE_Month12_Intervention_Uptake::latrine_access_wellTrodden,SHINE_Month12_Intervention_Uptake,,Household,Latrine Access,http://purl.obolibrary.org/obo/EUPATH_0048070,,,,,,
http://purl.obolibrary.org/obo/EUPATH_0044122,Study timepoint for household assessment,,SHINE_Month12_Intervention_Uptake::studyTimepoint,SHINE_Month12_Intervention_Uptake,,Household,Household,http://purl.obolibrary.org/obo/PCO_0000024,,,,,,
http://purl.obolibrary.org/obo/OBI_0001508,Study timepoint,,SHINE_Month12_Intervention_Uptake::studyTimepoint,SHINE_Month12_Intervention_Uptake,,Observation,Observation,http://purl.obolibrary.org/obo/EUPATH_0000738,,,,,,
http://purl.obolibrary.org/obo/OBI_0001508,Study timepoint,,SHINE_Morbidity_Recall_m12Split::studyTimepoint,SHINE_Morbidity_Recall_m12Split,,Observation,Observation,http://purl.obolibrary.org/obo/EUPATH_0000738,,,,,,
http://purl.obolibrary.org/obo/OBI_0001508,Study timepoint,,SHINE_Morbidity_Recall_m18Split::studyTimepoint,SHINE_Morbidity_Recall_m18Split,,Observation,Observation,http://purl.obolibrary.org/obo/EUPATH_0000738,,,,,,
http://purl.obolibrary.org/obo/OBI_0001508,Study timepoint,,SHINE_Morbidity_Recall_m6Split::studyTimepoint,SHINE_Morbidity_Recall_m6Split,,Observation,Observation,http://purl.obolibrary.org/obo/EUPATH_0000738,,,,,,
http://purl.obolibrary.org/obo/OBI_0001508,Study timepoint,,SHINE_Morbidity_Recall_m3Split::studyTimepoint,SHINE_Morbidity_Recall_m3Split,,Observation,Observation,http://purl.obolibrary.org/obo/EUPATH_0000738,,,,,,
http://purl.obolibrary.org/obo/OBI_0001508,Study timepoint,,SHINE_Morbidity_Recall_m1Split::studyTimepoint,SHINE_Morbidity_Recall_m1Split,,Observation,Observation,http://purl.obolibrary.org/obo/EUPATH_0000738,,,,,,
http://purl.obolibrary.org/obo/OBI_0001508,Study timepoint,,SHINE_Study_level_factors_m6Split::studyTimepoint,SHINE_Study_level_factors_m6Split,,Observation,Observation,http://purl.obolibrary.org/obo/EUPATH_0000738,,,,,,
http://purl.obolibrary.org/obo/OBI_0001508,Study timepoint,,SHINE_Study_level_factors_m1Split::studyTimepoint,SHINE_Study_level_factors_m1Split,,Observation,Observation,http://purl.obolibrary.org/obo/EUPATH_0000738,,,,,,
http://purl.obolibrary.org/obo/OBI_0001508,Study timepoint,,SHINE_Study_level_factors_baselineSplit::studyTimepoint,SHINE_Study_level_factors_baselineSplit,,Observation,Observation,http://purl.obolibrary.org/obo/EUPATH_0000738,,,,,,
http://purl.obolibrary.org/obo/OBI_0001508,Study timepoint,,SHINE_Study_level_factors_m3Split::studyTimepoint,SHINE_Study_level_factors_m3Split,,Observation,Observation,http://purl.obolibrary.org/obo/EUPATH_0000738,,,,,,
http://purl.obolibrary.org/obo/OBI_0001508,Study timepoint,,SHINE_Study_level_factors_m12Split::studyTimepoint,SHINE_Study_level_factors_m12Split,,Observation,Observation,http://purl.obolibrary.org/obo/EUPATH_0000738,,,,,,
http://purl.obolibrary.org/obo/EUPATH_0048255,Child primary dichotomous outcomes,,,,,Observation,Observation,http://purl.obolibrary.org/obo/EUPATH_0000738,,,,,,
http://purl.obolibrary.org/obo/EUPATH_0048256,Household SHINE intervention,,,,,Household,Household,http://purl.obolibrary.org/obo/PCO_0000024,,,,,,
http://purl.obolibrary.org/obo/EUPATH_0048257,Child MacArthur Bates CDI,,,,,Observation,Observation,http://purl.obolibrary.org/obo/EUPATH_0000738,,,,,,
http://purl.obolibrary.org/obo/EUPATH_0042304,Child clinical history,,,,,Participant,Participant,http://purl.obolibrary.org/obo/EUPATH_0000096,,,,,,
http://purl.obolibrary.org/obo/EUPATH_0000144,Assets,,,,,Household,Socioeconomic factors,http://purl.obolibrary.org/obo/EUPATH_0000304,,,,,,
http://purl.obolibrary.org/obo/EUPATH_0000731,Household water,,,,,Household,Household,http://purl.obolibrary.org/obo/PCO_0000024,,,,,,
http://purl.obolibrary.org/obo/EUPATH_0000304,Socioeconomic factors,,,,,Household,Household,http://purl.obolibrary.org/obo/PCO_0000024,,,,,,
http://purl.obolibrary.org/obo/EUPATH_0000302,Dwelling facilities,,,,,Household,Household,http://purl.obolibrary.org/obo/PCO_0000024,,,,,,
http://purl.obolibrary.org/obo/EUPATH_0000310,Observation details,,,,,Observation,Observation,http://purl.obolibrary.org/obo/EUPATH_0000738,,,,,,
http://purl.obolibrary.org/obo/EUPATH_0000671,Death information,,,,,Participant,Demographics,http://purl.obolibrary.org/obo/EUPATH_0010981,,,,,,
http://purl.obolibrary.org/obo/EUPATH_0000307,Participant study details,,,,,Participant,Participant,http://purl.obolibrary.org/obo/EUPATH_0000096,,,,,,
http://purl.obolibrary.org/obo/EUPATH_0010981,Demographics,,,,,Participant,Participant,http://purl.obolibrary.org/obo/EUPATH_0000096,,,,,,
http://purl.obolibrary.org/obo/GAZ_00000448,Geographic location,,,,,Household,Household,http://purl.obolibrary.org/obo/PCO_0000024,,,,,,
http://purl.obolibrary.org/obo/EUPATH_0010032,Dwelling environment,,,,,Household,Household,http://purl.obolibrary.org/obo/PCO_0000024,,,,,,
http://purl.obolibrary.org/obo/EUPATH_0000649,Anthropometry,,,,,Observation,Observation,http://purl.obolibrary.org/obo/EUPATH_0000738,,,,,,
http://purl.obolibrary.org/obo/EUPATH_0000686,Hygiene,,,,,Household,Household,http://purl.obolibrary.org/obo/PCO_0000024,,,,,,
http://purl.obolibrary.org/obo/EUPATH_0011730,Breastfeeding,,,,,Observation,Observation,http://purl.obolibrary.org/obo/EUPATH_0000738,,,,,,
http://purl.obolibrary.org/obo/EUPATH_0000596,Waste disposal,,,,,Household,Dwelling facilities,http://purl.obolibrary.org/obo/EUPATH_0000302,,,,,,
http://purl.obolibrary.org/obo/EUPATH_0011732,Diet,,,,,Observation,Observation,http://purl.obolibrary.org/obo/EUPATH_0000738,,,,,,
http://purl.obolibrary.org/obo/EUPATH_0000303,Dwelling characteristics,,,,,Household,Household,http://purl.obolibrary.org/obo/PCO_0000024,,,,,,
http://purl.obolibrary.org/obo/OGMS_0000015,Clinical history,,,,,Participant,Participant,http://purl.obolibrary.org/obo/EUPATH_0000096,,,,,,
http://purl.obolibrary.org/obo/EUPATH_0000738,Observation,,,,,Observation,,,,,,,,
http://purl.obolibrary.org/obo/NCIT_C131844,Edinburgh postnatal depression scale,,,,,Observation,Observation,http://purl.obolibrary.org/obo/EUPATH_0000738,,,,,,
http://purl.obolibrary.org/obo/EUPATH_0042001,Labor and delivery,,,,,Observation,Obstetrics,http://purl.obolibrary.org/obo/EUPATH_0042002,,,,,,
http://purl.obolibrary.org/obo/EUPATH_0042002,Obstetrics,,,,,Observation,Observation,http://purl.obolibrary.org/obo/EUPATH_0000738,,,,,,
http://purl.obolibrary.org/obo/EUPATH_0047388,Child anthropometry,,,,,Observation,Observation,http://purl.obolibrary.org/obo/EUPATH_0000738,,,,,,
http://purl.obolibrary.org/obo/EUPATH_0042245,Child blood test,,,,,Sample,Laboratory test,http://purl.obolibrary.org/obo/OGMS_0000056,,,,,,
http://purl.obolibrary.org/obo/EUPATH_0042389,Child death information,,,,,Participant,Demographics,http://purl.obolibrary.org/obo/EUPATH_0010981,,,,,,
http://purl.obolibrary.org/obo/PCO_0000024,Household,,,,,Household,,,,,,,,
http://purl.obolibrary.org/obo/EUPATH_0022002,External wall material,,,,,Household,Dwelling characteristics,http://purl.obolibrary.org/obo/EUPATH_0000303,,,,,,
http://purl.obolibrary.org/obo/EUPATH_0048012,Item at handwashing station,,,,,Household,Hygiene,http://purl.obolibrary.org/obo/EUPATH_0000686,,,,,,
http://purl.obolibrary.org/obo/EUPATH_0000335,Human waste facilities,,,,,Household,Waste disposal,http://purl.obolibrary.org/obo/EUPATH_0000596,,,,,,
http://purl.obolibrary.org/obo/EUPATH_0048009,Latrine Use,,,,,Household,Waste disposal,http://purl.obolibrary.org/obo/EUPATH_0000596,,,,,,
http://purl.obolibrary.org/obo/EUPATH_0048059,Electric power,,,,,Household,Dwelling characteristics,http://purl.obolibrary.org/obo/EUPATH_0000303,,,,,,
http://purl.obolibrary.org/obo/EUPATH_0011680,Income,,,,,Household,Socioeconomic factors,http://purl.obolibrary.org/obo/EUPATH_0000304,,,,,,
http://purl.obolibrary.org/obo/EUPATH_0011932,Socioeconomic status,,,,,Household,Socioeconomic factors,http://purl.obolibrary.org/obo/EUPATH_0000304,,,,,,
http://purl.obolibrary.org/obo/EUPATH_0048072,Maternal saliva test,,,,,Sample,Laboratory test,http://purl.obolibrary.org/obo/OGMS_0000056,,,,,,
http://purl.obolibrary.org/obo/EUPATH_0048070,Latrine Access,,,,,Household,Human waste facilities,http://purl.obolibrary.org/obo/EUPATH_0000335,,,,,,
http://purl.obolibrary.org/obo/EUPATH_0036006,Gestational age assessment,,,,,Participant,Clinical history,http://purl.obolibrary.org/obo/OGMS_0000015,,,,,,
http://purl.obolibrary.org/obo/EUPATH_0048074,Maternal urine test,,,,,Sample,Laboratory test,http://purl.obolibrary.org/obo/OGMS_0000056,,,,,,
http://purl.obolibrary.org/obo/EUPATH_0036022,Maternal blood test,,,,,Sample,Laboratory test,http://purl.obolibrary.org/obo/OGMS_0000056,,,,,,
http://purl.obolibrary.org/obo/EUPATH_0048160,Weather,,,,,Household,Household,http://purl.obolibrary.org/obo/PCO_0000024,,,,,,
http://purl.obolibrary.org/obo/EUPATH_0048162,Child diet,,,,,Participant,Participant,http://purl.obolibrary.org/obo/EUPATH_0000096,,,,,,
http://purl.obolibrary.org/obo/EUPATH_0042273,Child signs and symptoms,,,,,Observation,Observation,http://purl.obolibrary.org/obo/EUPATH_0000738,,,,,,
http://purl.obolibrary.org/obo/ONTONEO_00000225,Obstetric history,,,,,Observation,Observation,http://purl.obolibrary.org/obo/EUPATH_0000738,,,,,,
http://purl.obolibrary.org/obo/OGMS_0000083,Physical examination,,,,,Observationhttp://purl.obolibrary.org/obo/OGMS_0000083,Observation,http://purl.obolibrary.org/obo/EUPATH_0000738,,,,,,
http://purl.obolibrary.org/obo/EUPATH_0000309,Signs and symptoms,,,,,Observationhttp://purl.obolibrary.org/obo/EUPATH_0000309,Observation,http://purl.obolibrary.org/obo/EUPATH_0000738,,,,,,
http://purl.obolibrary.org/obo/EUPATH_0011996,Sample details,,,,,Sample,Sample,http://purl.obolibrary.org/obo/EUPATH_0000609,,,,,,
http://purl.obolibrary.org/obo/EUPATH_0000096,Participant,,,,,Participant,,,,,,,,
http://purl.obolibrary.org/obo/OGMS_0000056,Laboratory test,,,,,Sample,Sample,http://purl.obolibrary.org/obo/EUPATH_0000609,,,,,,
http://purl.obolibrary.org/obo/EUPATH_0000609,Sample,,,,,Sample,,,,,,,,