IRI,label,displayOrder,variable,dataFile,definition,category,parentLabel,parentIRI,codebookDescription,codebookValues,termType,replaces,unitLabel,unitIRI,dataSet,repeated,is_featured,hidden,scale,is_temporal,mergeKey,defaultDisplayRangeMin,defaultDisplayRangeMax,defaultBinWidth
http://purl.obolibrary.org/obo/OBI_0001169,Age,17,age_years | age_months,hhmembers_CS_for_upload,Age in months in addition to Age at visit (years) if the participant is less than 5 years old,Participant,Observation details,http://purl.obolibrary.org/obo/EUPATH_0000310,"Age - years | Age - months (In addition to the years listed. Enter ONLY if child is < 5 years old) Months entered should be in addition to years. For example: 3 YEARS, 9 MONTHS",,"variable, derived",,,,SouthernAfrica,,yes,,,,,,,
http://purl.obolibrary.org/obo/EUPATH_0004991,Observation date,2,today,hhmembers_CS_for_upload,,Participant,Observation details,http://purl.obolibrary.org/obo/EUPATH_0000310,,,variable,,,,SouthernAfrica,,yes,,,,yes,,,
http://purl.obolibrary.org/obo/PCO_0000024,Household,,,,,Household,,http://www.w3.org/2002/07/owl#Thing,,,category,,,,SouthernAfrica,,,yes,,,,,,
http://purl.obolibrary.org/obo/EUPATH_0000096,Participant,,,,,Participant,,http://www.w3.org/2002/07/owl#Thing,,,category,,,,SouthernAfrica,,,yes,,,,,,
http://purl.obolibrary.org/obo/EUPATH_0000609,Sample,,,,,Sample,,http://www.w3.org/2002/07/owl#Thing,,,category,,,,SouthernAfrica,,,yes,,,,,,
http://purl.obolibrary.org/obo/IAO_0000414,Weight,,weight_results | chld_weight_results,hhmembers_CS_for_upload,,Participant,Anthropometry,http://purl.obolibrary.org/obo/EUPATH_0000649,Measure and record participant?s weight: (kg),,variable,EUPATH_0000732,kg,http://purl.obolibrary.org/obo/UO_0000009,SouthernAfrica,,,,,,,,,
http://purl.obolibrary.org/obo/EUPATH_0024112,Don't know,8,chld_mal_meds_source___8 | mal_meds_source___8,hhmembers_CS_for_upload,,Participant,Antimalarial medication source,http://purl.obolibrary.org/obo/EUPATH_0024114,"Q10. If yes, where did you get the medications for malaria? 8. Do not know",,value,,,,SouthernAfrica,,,,,,,,,
http://purl.obolibrary.org/obo/EUPATH_0024109,Had it in the home,5,mal_meds_source___5 | chld_mal_meds_source___5,hhmembers_CS_for_upload,,Participant,Antimalarial medication source,http://purl.obolibrary.org/obo/EUPATH_0024114,"Q10. If yes, where did you get the medications for malaria? 5. Had it in the home",,value,,,,SouthernAfrica,,,,,,,,,
http://purl.obolibrary.org/obo/EUPATH_0024106,Health center,2,mal_meds_source___2 | chld_mal_meds_source___2,hhmembers_CS_for_upload,,Participant,Antimalarial medication source,http://purl.obolibrary.org/obo/EUPATH_0024114,"Q10. If yes, where did you get the medications for malaria? 2. Health center",,value,,,,SouthernAfrica,,,,,,,,,
http://purl.obolibrary.org/obo/EUPATH_0024105,Health post,1,mal_meds_source___1 | chld_mal_meds_source___1,hhmembers_CS_for_upload,,Participant,Antimalarial medication source,http://purl.obolibrary.org/obo/EUPATH_0024114,"Q10. If yes, where did you get the medications for malaria? 1. Health post",,value,,,,SouthernAfrica,,,,,,,,,
http://purl.obolibrary.org/obo/EUPATH_0024107,Hospital,3,mal_meds_source___3 | chld_mal_meds_source___3,hhmembers_CS_for_upload,,Participant,Antimalarial medication source,http://purl.obolibrary.org/obo/EUPATH_0024114,"Q10. If yes, where did you get the medications for malaria? 3. Hospital",,value,,,,SouthernAfrica,,,,,,,,,
http://purl.obolibrary.org/obo/EUPATH_0024111,"Local chemist, shop or market",7,chld_mal_meds_source___7 | mal_meds_source___7,hhmembers_CS_for_upload,,Participant,Antimalarial medication source,http://purl.obolibrary.org/obo/EUPATH_0024114,"Q10. If yes, where did you get the medications for malaria? 7. Local chemist, shop or market",,value,,,,SouthernAfrica,,,,,,,,,
http://purl.obolibrary.org/obo/EUPATH_0024113,Other,9,chld_mal_meds_source___9 | mal_meds_source___9,hhmembers_CS_for_upload,,Participant,Antimalarial medication source,http://purl.obolibrary.org/obo/EUPATH_0024114,"Q10. If yes, where did you get the medications for malaria? 9. Other",,value,,,,SouthernAfrica,,,,,,,,,
http://purl.obolibrary.org/obo/EUPATH_0024110,Relative or friend,6,mal_meds_source___6 | chld_mal_meds_source___6,hhmembers_CS_for_upload,,Participant,Antimalarial medication source,http://purl.obolibrary.org/obo/EUPATH_0024114,"Q10. If yes, where did you get the medications for malaria? 6. Relative or friend",,value,,,,SouthernAfrica,,,,,,,,,
http://purl.obolibrary.org/obo/EUPATH_0024108,Traditional healer,4,chld_mal_meds_source___4 | mal_meds_source___4,hhmembers_CS_for_upload,,Participant,Antimalarial medication source,http://purl.obolibrary.org/obo/EUPATH_0024114,"Q10. If yes, where did you get the medications for malaria? 4. Traditional healer",,value,,,,SouthernAfrica,,,,,,,,,
http://purl.obolibrary.org/obo/EUPATH_0024098,Chloroquine,2,meds_month___2 | chld_meds_month___2,hhmembers_CS_for_upload,,Participant,Antimalarial medications in past month,http://purl.obolibrary.org/obo/EUPATH_0024104,"Q9. If YES, what medications for malaria did you take? 2. Chloroquine",,value,,,,SouthernAfrica,,,,,,,,,
http://purl.obolibrary.org/obo/EUPATH_0024099,Coartem,3,meds_month___3 | chld_meds_month___3,hhmembers_CS_for_upload,,Participant,Antimalarial medications in past month,http://purl.obolibrary.org/obo/EUPATH_0024104,"Q9. If YES, what medications for malaria did you take? 3. Coartem",,value,,,,SouthernAfrica,,,,,,,,,
http://purl.obolibrary.org/obo/EUPATH_0024102,Don't know,6,meds_month___6 | chld_meds_month___6,hhmembers_CS_for_upload,,Participant,Antimalarial medications in past month,http://purl.obolibrary.org/obo/EUPATH_0024104,"Q9. If YES, what medications for malaria did you take? 6. Don't know",,value,,,,SouthernAfrica,,,,,,,,,
http://purl.obolibrary.org/obo/EUPATH_0024097,Herbal or traditional medicine,1,meds_month___1 | chld_meds_month___1,hhmembers_CS_for_upload,,Participant,Antimalarial medications in past month,http://purl.obolibrary.org/obo/EUPATH_0024104,"Q9. If YES, what medications for malaria did you take? 1. Herbal or traditional medicine",,value,,,,SouthernAfrica,,,,,,,,,
http://purl.obolibrary.org/obo/EUPATH_0024103,Other,7,meds_month___7 | chld_meds_month___7,hhmembers_CS_for_upload,,Participant,Antimalarial medications in past month,http://purl.obolibrary.org/obo/EUPATH_0024104,"Q9. If YES, what medications for malaria did you take? 7. Other",,value,,,,SouthernAfrica,,,,,,,,,
http://purl.obolibrary.org/obo/EUPATH_0024100,Quinine,4,chld_meds_month___4 | meds_month___4,hhmembers_CS_for_upload,,Participant,Antimalarial medications in past month,http://purl.obolibrary.org/obo/EUPATH_0024104,"Q9. If YES, what medications for malaria did you take? 4. Quinine",,value,,,,SouthernAfrica,,,,,,,,,
http://purl.obolibrary.org/obo/EUPATH_0024101,Sulphadoxine/pyrimethamine (Fansidar),5,chld_meds_month___5 | meds_month___5,hhmembers_CS_for_upload,,Participant,Antimalarial medications in past month,http://purl.obolibrary.org/obo/EUPATH_0024104,"Q9. If YES, what medications for malaria did you take? 5. SP/Fansidar",,value,,,,SouthernAfrica,,,,,,,,,
http://purl.obolibrary.org/obo/EUPATH_0033307,Eukaryota in blood,,,,,Sample,Blood microbiology test,http://purl.obolibrary.org/obo/OBI_0002649,,,category,,,,SouthernAfrica,,,,,,,,,
http://purl.obolibrary.org/obo/EUPATH_0000047,Hemoglobin,1,chld_hemo_results | hemo_results,hhmembers_CS_for_upload,,Sample,Blood test,http://purl.obolibrary.org/obo/EUPATH_0011795,Document hemoglobin result:,,variable,,g/dL,http://purl.obolibrary.org/obo/UO_0000208,SouthernAfrica,,,,,,,,,
http://purl.obolibrary.org/obo/EUPATH_0024317,"White blood cell count, by microscopy",2,num_wbc_ex1,hhmembers_CS_for_upload,Number of white blood cells counted (1st slide reading),Sample,Blood test,http://purl.obolibrary.org/obo/EUPATH_0011795,Number of WBC counted,,variable,,,,SouthernAfrica,,,,,,,,,
http://purl.obolibrary.org/obo/EUPATH_0024319,"White blood cell count, by microscopy, 2nd",3,num_wbc_ex2,hhmembers_CS_for_upload,Number of white blood cells counted (2nd slide reading),Sample,Blood test,http://purl.obolibrary.org/obo/EUPATH_0011795,Number of WBC counted,,variable,IAO_0000697,,,SouthernAfrica,,,,,,,,,
http://purl.obolibrary.org/obo/EUPATH_0024320,"White blood cell count, by microscopy, 3rd",4,num_wbc_ex3,hhmembers_CS_for_upload,Number of white blood cells counted (3rd slide reading),Sample,Blood test,http://purl.obolibrary.org/obo/EUPATH_0011795,Number of WBC counted,,variable,IAO_0000698,,,SouthernAfrica,,,,,,,,,
http://purl.obolibrary.org/obo/PATO_0000047,Sex,,gender,hhmembers_CS_for_upload,,Participant,Demographics,http://purl.obolibrary.org/obo/EUPATH_0010981,,,variable,,,,SouthernAfrica,,,,,,,,,
http://purl.obolibrary.org/obo/EUPATH_0024206,Malaria diagnosed after traveling,,chld_mv_mal_diag_return | mv_mal_diag_return,hhmembers_CS_for_upload,"If slept elsewhere in last 4 weeks, diagnosed with malaria following return from most recent trip",Participant,Diagnosis,http://purl.obolibrary.org/obo/OGMS_0000073,"After returning from your most recent trip, were you diagnosed with malaria?",,value,,,,SouthernAfrica,,,,,,,,,
http://purl.obolibrary.org/obo/EUPATH_0024207,Time to diagnosis,,mv_mal_diag_after_days | chld_mv_mal_diag_after_days,hhmembers_CS_for_upload,"If diagnosed with malaria following return from most recent trip, the number of days between returning home and being diagnosed",Participant,Diagnosis,http://purl.obolibrary.org/obo/OGMS_0000073,"If yes, how many days after returning home were you diagnosed with malaria?",,variable,,days,,SouthernAfrica,,,,,,,,,
http://purl.obolibrary.org/obo/EUPATH_0024210,Diarrhea stopped,2,dia_stop | chld_dia_stop,hhmembers_CS_for_upload,"If the participant had diarrhea in the past 2 weeks, did it stop",Participant,Diarrheal episodes,http://purl.obolibrary.org/obo/EUPATH_0010016,Did the diarrhea stop?,,variable,,,,SouthernAfrica,,,,,,,,,
http://purl.obolibrary.org/obo/EUPATH_0024309,Fluid intake,3,chld_dia_drink,hhmembers_CS_for_upload,"If the participant had diarrhea within the past 2 weeks, how much did they drink. Asked only of participants <16 years old",Participant,Diarrheal episodes,http://purl.obolibrary.org/obo/EUPATH_0010016,Q31. How much did the child drink during this illness?,,variable,,,,SouthernAfrica,,,,,,,,,
http://purl.obolibrary.org/obo/EUPATH_0024310,Food intake,4,chld_dia_food,hhmembers_CS_for_upload,"If the participant had diarrhea within the past 2 weeks, how much did the participant eat. Asked only of participants <16 years old",Participant,Diarrheal episodes,http://purl.obolibrary.org/obo/EUPATH_0010016,Q32. Did you offer the child food and did the child eat during this illness?,,variable,,,,SouthernAfrica,,,,,,,,,
http://purl.obolibrary.org/obo/EUPATH_0010240,Max loose stools at episode count,1,dia_loose_num | chld_dia_loose_num,hhmembers_CS_for_upload,"If the participant had diarrhea in the past 2 weeks, the highest number of loose or watery stools passed on any day during the illness",Participant,Diarrheal episodes,http://purl.obolibrary.org/obo/EUPATH_0010016,What was the highest number of loose or watery stools passed on any day during the illness? | Participant DOES NOT KNOW highest number of loose or watery stools passed on any day during the,,variable,,,,SouthernAfrica,,,,,,,,,
http://purl.obolibrary.org/obo/EUPATH_0024209,Time since diarrhea onset,5,chld_dia_start | dia_start,hhmembers_CS_for_upload,"If the participant had diarrhea in the past 2 weeks, how many days ago it started",Participant,Diarrheal episodes,http://purl.obolibrary.org/obo/EUPATH_0010016,How many days ago did the diarrhea start?,,variable,,,,SouthernAfrica,,,,,,,,,
http://purl.obolibrary.org/obo/EUPATH_0024211,Time since diarrhea stopped,6,chld_dia_stop_days | dia_stop_days,hhmembers_CS_for_upload,"If the participant's diarrhea stopped, how many days ago it stopped",Participant,Diarrheal episodes,http://purl.obolibrary.org/obo/EUPATH_0010016,"If yes, how many days ago did the diarrhea stop?",,variable,,,,SouthernAfrica,,,,,,,,,
http://purl.obolibrary.org/obo/EUPATH_0033308,Plasmodium in blood,,,,,Sample,Eukaryota in blood,http://purl.obolibrary.org/obo/EUPATH_0033307,,,category,,,,SouthernAfrica,,,,,,,,,
http://purl.obolibrary.org/obo/ENVO_00000004,Country,,country,,,Household,Geographic location,http://purl.obolibrary.org/obo/GAZ_00000448,,,"variable, derived",,,,SouthernAfrica,,,,,,,,,
http://purl.obolibrary.org/obo/EUPATH_0021094,Study site,,icemr_site,hhdata_CS_for_upload,,Household,Geographic location,http://purl.obolibrary.org/obo/GAZ_00000448,,,variable,,,,SouthernAfrica,,,,,,,,,
http://purl.obolibrary.org/obo/GAZ_00000448,Geographic location,,,,,Household,Household,http://purl.obolibrary.org/obo/PCO_0000024,,,category,,,,SouthernAfrica,,,,,,,,,
http://purl.obolibrary.org/obo/EUPATH_0024182,Household relocation,,,,,Household,Household,http://purl.obolibrary.org/obo/PCO_0000024,,,category,,,,SouthernAfrica,,,,,,,,,
http://purl.obolibrary.org/obo/EUPATH_0024013,Visitor in last 4 weeks,,mv_visitors,hhdata_CS_for_upload,Visitor stayed in household at least one night in the past 4 weeks,Household,Household,http://purl.obolibrary.org/obo/PCO_0000024,Have visitors stayed at least one night in your home during the past 4 weeks?,,variable,,,,SouthernAfrica,,,,,,,,,
http://purl.obolibrary.org/obo/EUPATH_0024225,Bicycle,,hh_transport___1,hhmembers_CS_for_upload,,Participant,Household assets,http://purl.obolibrary.org/obo/EUPATH_0024220,Q31. Does any member of your household own any of the following? 1. Bicycle,,value,,,,SouthernAfrica,,,,,,,,,
http://purl.obolibrary.org/obo/EUPATH_0024226,Car or truck,,hh_transport___3,hhmembers_CS_for_upload,,Participant,Household assets,http://purl.obolibrary.org/obo/EUPATH_0024220,Q31. Does any member of your household own any of the following? 3. Car or truck,,value,,,,SouthernAfrica,,,,,,,,,
http://purl.obolibrary.org/obo/EUPATH_0024227,Mobile phone,,hh_appliance___4,hhmembers_CS_for_upload,,Participant,Household assets,http://purl.obolibrary.org/obo/EUPATH_0024220,Q30. Does your household have any of the following? 4. Mobile phone,,value,,,,SouthernAfrica,,,,,,,,,
http://purl.obolibrary.org/obo/EUPATH_0024228,Motorcycle or scooter,,hh_transport___2,hhmembers_CS_for_upload,,Participant,Household assets,http://purl.obolibrary.org/obo/EUPATH_0024220,Q31. Does any member of your household own any of the following? 2. Motorcycle/scooter,,value,,,,SouthernAfrica,,,,,,,,,
http://purl.obolibrary.org/obo/EUPATH_0024229,Radio,,hh_appliance___1,hhmembers_CS_for_upload,,Participant,Household assets,http://purl.obolibrary.org/obo/EUPATH_0024220,Q30. Does your household have any of the following? 1. Radio,,value,,,,SouthernAfrica,,,,,,,,,
http://purl.obolibrary.org/obo/EUPATH_0024230,Refrigerator,,hh_appliance___3,hhmembers_CS_for_upload,,Participant,Household assets,http://purl.obolibrary.org/obo/EUPATH_0024220,Q30. Does your household have any of the following? 3. Refrigerator,,value,,,,SouthernAfrica,,,,,,,,,
http://purl.obolibrary.org/obo/EUPATH_0024183,Solar panels,,hh_appliance___5,hhmembers_CS_for_upload,,Participant,Household assets,http://purl.obolibrary.org/obo/EUPATH_0024220,Q30. Does your household have any of the following? 5. Solar panels,,value,,,,SouthernAfrica,,,,,,,,,
http://purl.obolibrary.org/obo/EUPATH_0024231,Television,,hh_appliance___2,hhmembers_CS_for_upload,,Participant,Household assets,http://purl.obolibrary.org/obo/EUPATH_0024220,Q30. Does your household have any of the following? 2. Television,,value,,,,SouthernAfrica,,,,,,,,,
http://purl.obolibrary.org/obo/EUPATH_0024223,Dwelling floor material,6,hhloor_matl,hhmembers_CS_for_upload,Main material making up the floor of the house,Participant,Household knowledge,http://purl.obolibrary.org/obo/EUPATH_0024219,Q29. What is the main material of the floor of your home?,,variable,,,,SouthernAfrica,,,,,,,,,
http://purl.obolibrary.org/obo/EUPATH_0024184,Household appliances,1,hh_appliance___0,hhmembers_CS_for_upload,"Participant reports whether their household has a radio, TV, mobile phone, or refrigerator.",Participant,Household knowledge,http://purl.obolibrary.org/obo/EUPATH_0024219,Q30. Does your household have any of the following? None of these items,,variable,,,,SouthernAfrica,,,,,,,,,
http://purl.obolibrary.org/obo/EUPATH_0024220,Household assets,3,,,Does the household have any of the following:,Participant,Household knowledge,http://purl.obolibrary.org/obo/EUPATH_0024219,,,multifilter,,,,SouthernAfrica,,,,,,,,,
http://purl.obolibrary.org/obo/EUPATH_0024221,Household cooking fuel,4,hh_cook_energy,hhmembers_CS_for_upload,Main source of energy for cooking. Asked only of participants >= 16 years old,Participant,Household knowledge,http://purl.obolibrary.org/obo/EUPATH_0024219,Q28. What is the main source of energy used for cooking?,,variable,,,,SouthernAfrica,,,,,,,,,
http://purl.obolibrary.org/obo/EUPATH_0024222,Household drinking water source,5,hh_water_src,hhmembers_CS_for_upload,Main source of drinking water for the household,Participant,Household knowledge,http://purl.obolibrary.org/obo/EUPATH_0024219,Q27. What is the main source of drinking water for your household?,,variable,,,,SouthernAfrica,,,,,,,,,
http://purl.obolibrary.org/obo/EUPATH_0024185,Household vehicles,2,hh_transport___0,hhmembers_CS_for_upload,"Participant reports whether anyone in their household has a bicycle, motercycle or scooter, or car or truck.",Participant,Household knowledge,http://purl.obolibrary.org/obo/EUPATH_0024219,Q31. Does any member of your household own any of the following? None of these items,,variable,,,,SouthernAfrica,,,,,,,,,
http://purl.obolibrary.org/obo/EUPATH_0021085,Household data collection date,,today,hhdata_CS_for_upload,,Household,Household observation details,http://purl.obolibrary.org/obo/EUPATH_0011995,,,variable,,,,SouthernAfrica,,,,,,yes,,,
http://purl.obolibrary.org/obo/EUPATH_0024001,Always stay at location,1,mv_same_location,hhdata_CS_for_upload,Does the family always reside at this location,Household,Household relocation,http://purl.obolibrary.org/obo/EUPATH_0024182,Has your family always lived at this location?,,variable,,,,SouthernAfrica,,,,,,,,,
http://purl.obolibrary.org/obo/EUPATH_0024004,Move regularly,4,mv_regularly_move,hhdata_CS_for_upload,Does the family regularly move to another location during the year,Household,Household relocation,http://purl.obolibrary.org/obo/EUPATH_0024182,Does your family regularly move to another location during the year?,,variable,,,,SouthernAfrica,,,,,,,,,
http://purl.obolibrary.org/obo/EUPATH_0024005,Normal month to move out,5,mv_leave_month,hhdata_CS_for_upload,What month does the family usually leave the current location,Household,Household relocation,http://purl.obolibrary.org/obo/EUPATH_0024182,What month does your family usually leave this location?,,variable,,,,SouthernAfrica,,,,,,,,,
http://purl.obolibrary.org/obo/EUPATH_0024006,Normal month to return,6,mv_return_month,hhdata_CS_for_upload,What month does the family normally return to the current location,Household,Household relocation,http://purl.obolibrary.org/obo/EUPATH_0024182,What month does your family usually return to this location?,,variable,,,,SouthernAfrica,,,,,,,,,
http://purl.obolibrary.org/obo/EUPATH_0024012,Reason for moving,7,,,The family moves due to,Household,Household relocation,http://purl.obolibrary.org/obo/EUPATH_0024182,,,multifilter,,,,SouthernAfrica,,,,,,,,,
http://purl.obolibrary.org/obo/EUPATH_0024003,Time at current location,3,mv_location_mon,hhdata_CS_for_upload,"If the family does not always reside at this location, the number of months they have lived there.",Household,Household relocation,http://purl.obolibrary.org/obo/EUPATH_0024182,"If not, how long has your family lived here?",,variable,,months,,SouthernAfrica,,,,,,,,,
http://purl.obolibrary.org/obo/EUPATH_0024002,Time at current location,2,mv_location_yrs,hhdata_CS_for_upload,"If the family does not always reside at this location, the number of years they have lived there.",Household,Household relocation,http://purl.obolibrary.org/obo/EUPATH_0024182,"If not, how long has your family lived here?",,variable,,years,,SouthernAfrica,,,,,,,,,
http://purl.obolibrary.org/obo/EUPATH_0024293,Cause of cough,3,chld_cough_nose,hhmembers_CS_for_upload,"If the participant had a cough within the past 2 weeks, what caused it. Asked only of participants <16 years old",Participant,Clinical history,http://purl.obolibrary.org/obo/OGMS_0000015,Q18. Was the difficult breathing due to a problem in the chest or to a blocked or runny nose?,,variable,,,,SouthernAfrica,,,,,,,,,
http://purl.obolibrary.org/obo/EUPATH_0024295,Cough care source,5,chld_cough_treat_where,hhmembers_CS_for_upload,"If the participant sought advice or treatment for cough, where they sought treatment. Asked only of participants <16 years old",Participant,Clinical history,http://purl.obolibrary.org/obo/OGMS_0000015,Q20. Where did you seek advice or treatment?,,variable,,,,SouthernAfrica,,,,,,,,,
http://purl.obolibrary.org/obo/EUPATH_0024292,Fast breathing and cough,2,chld_cough_fast,hhmembers_CS_for_upload,"If the participant had a cough within the past 2 weeks, did they breathe faster than usual with short, fast breaths. Asked only of participants <16 years old",Participant,Clinical history,http://purl.obolibrary.org/obo/OGMS_0000015,"Q17. When your child had a cough, did your child breathe faster than usual with short, fast breaths?",,variable,,,,SouthernAfrica,,,,,,,,,
http://purl.obolibrary.org/obo/EUPATH_0010013,Previous diarrheal care,1,,,,Participant,Clinical history,http://purl.obolibrary.org/obo/OGMS_0000015,,,category,,,,SouthernAfrica,,,,,,,,,
http://purl.obolibrary.org/obo/EUPATH_0024294,Seek cough care,4,chld_cough_treat,hhmembers_CS_for_upload,"If the participant had a cough in the past 2 weeks, did they seek advice or treatment from outside the home. Asked only of participants <16 years old",Participant,Clinical history,http://purl.obolibrary.org/obo/OGMS_0000015,Q19. Did you seek advice or treatment for the cough?,,variable,,,,SouthernAfrica,,,,,,,,,
http://purl.obolibrary.org/obo/EUPATH_0024017,Caregiver ID,,chld_caregiver_id,hhmembers_CS_for_upload,,Participant,Individuals related to participant,http://purl.obolibrary.org/obo/EUPATH_0010037,Caregiver Identification Number:,,variable,,,,SouthernAfrica,,,,,,,,,
http://purl.obolibrary.org/obo/EUPATH_0000720,Caregiver relationship to participant,,chld_relationship_to_child,hhmembers_CS_for_upload,,Participant,Individuals related to participant,http://purl.obolibrary.org/obo/EUPATH_0010037,Relationship of Caregiver to Child:,,variable,,,,SouthernAfrica,,,,,,,,,
http://purl.obolibrary.org/obo/EUPATH_0024180,Household head employed,,hh_currently_emp,hhmembers_CS_for_upload,Head of household has permanent employment. Asked only of participants >= 16 years old,Participant,Individuals related to participant,http://purl.obolibrary.org/obo/EUPATH_0010037,Q25. Is the head of your household in permanent employment?,,variable,,,,SouthernAfrica,,,,,,,,,
http://purl.obolibrary.org/obo/EUPATH_0024181,Household head's education level,,hh_educ_level,hhmembers_CS_for_upload,Asked only of participants >= 16 years old,Participant,Individuals related to participant,http://purl.obolibrary.org/obo/EUPATH_0010037,Q26. What is the highest level of school the head of household attended?,,variable,,,,SouthernAfrica,,,,,,,,,
http://purl.obolibrary.org/obo/OBI_0002649,Blood microbiology test,,,,,Sample,Laboratory test,http://purl.obolibrary.org/obo/OGMS_0000056,,,category,,,,SouthernAfrica,,,,,,,,,
http://purl.obolibrary.org/obo/EUPATH_0011795,Blood test,,,,,Sample,Laboratory test,http://purl.obolibrary.org/obo/OGMS_0000056,,,category,,,,SouthernAfrica,,,,,,,,,
http://purl.obolibrary.org/obo/EUPATH_0024045,A cut in the skin,12,mal_causes___12,hhmembers_CS_for_upload,,Participant,Malaria causes knowledge,http://purl.obolibrary.org/obo/EUPATH_0024051,Q2. Do you know what causes malaria? A cut in the skin,,value,,,,SouthernAfrica,,,,,,,,,
http://purl.obolibrary.org/obo/EUPATH_0024044,Bad luck,11,mal_causes___11,hhmembers_CS_for_upload,,Participant,Malaria causes knowledge,http://purl.obolibrary.org/obo/EUPATH_0024051,Q2. Do you know what causes malaria? Bad luck,,value,,,,SouthernAfrica,,,,,,,,,
http://purl.obolibrary.org/obo/EUPATH_0024035,Breathing bad air,2,mal_causes___2,hhmembers_CS_for_upload,,Participant,Malaria causes knowledge,http://purl.obolibrary.org/obo/EUPATH_0024051,Q2. Do you know what causes malaria? Breathing bad air,,value,,,,SouthernAfrica,,,,,,,,,
http://purl.obolibrary.org/obo/EUPATH_0024042,Breathing the same air as someone who is sick,9,mal_causes___9,hhmembers_CS_for_upload,,Participant,Malaria causes knowledge,http://purl.obolibrary.org/obo/EUPATH_0024051,Q2. Do you know what causes malaria? Breathing the same air as someone who is sick,,value,,,,SouthernAfrica,,,,,,,,,
http://purl.obolibrary.org/obo/EUPATH_0024047,Dirty surroundings,14,mal_causes___14,hhmembers_CS_for_upload,,Participant,Malaria causes knowledge,http://purl.obolibrary.org/obo/EUPATH_0024051,Q2. Do you know what causes malaria? Dirty surroundings,,value,,,,SouthernAfrica,,,,,,,,,
http://purl.obolibrary.org/obo/EUPATH_0024043,Disobeying your elders,10,mal_causes___10,hhmembers_CS_for_upload,,Participant,Malaria causes knowledge,http://purl.obolibrary.org/obo/EUPATH_0024051,Q2. Do you know what causes malaria? If you do not obey your elders you get malaria,,value,,,,SouthernAfrica,,,,,,,,,
http://purl.obolibrary.org/obo/EUPATH_0024049,Do not know,16,mal_causes___16,hhmembers_CS_for_upload,,Participant,Malaria causes knowledge,http://purl.obolibrary.org/obo/EUPATH_0024051,Q2. Do you know what causes malaria? Do not know,,value,,,,SouthernAfrica,,,,,,,,,
http://purl.obolibrary.org/obo/EUPATH_0024040,Drinking bad water,7,mal_causes___7,hhmembers_CS_for_upload,,Participant,Malaria causes knowledge,http://purl.obolibrary.org/obo/EUPATH_0024051,Q2. Do you know what causes malaria? Drinking bad water,,value,,,,SouthernAfrica,,,,,,,,,
http://purl.obolibrary.org/obo/EUPATH_0024036,Eating bad food,3,mal_causes___3,hhmembers_CS_for_upload,,Participant,Malaria causes knowledge,http://purl.obolibrary.org/obo/EUPATH_0024051,Q2. Do you know what causes malaria? Eating bad food,,value,,,,SouthernAfrica,,,,,,,,,
http://purl.obolibrary.org/obo/EUPATH_0024037,Eating fresh corn,4,mal_causes___4,hhmembers_CS_for_upload,,Participant,Malaria causes knowledge,http://purl.obolibrary.org/obo/EUPATH_0024051,Q2. Do you know what causes malaria? Eating fresh maize,,value,,,,SouthernAfrica,,,,,,,,,
http://purl.obolibrary.org/obo/EUPATH_0024038,Eating fresh fruits,5,mal_causes___5,hhmembers_CS_for_upload,,Participant,Malaria causes knowledge,http://purl.obolibrary.org/obo/EUPATH_0024051,Q2. Do you know what causes malaria? Eating fresh fruits,,value,,,,SouthernAfrica,,,,,,,,,
http://purl.obolibrary.org/obo/EUPATH_0024039,Eating sugar cane,6,mal_causes___6,hhmembers_CS_for_upload,,Participant,Malaria causes knowledge,http://purl.obolibrary.org/obo/EUPATH_0024051,Q2. Do you know what causes malaria? Eating sugar cane,,value,,,,SouthernAfrica,,,,,,,,,
http://purl.obolibrary.org/obo/EUPATH_0024048,Flies,15,mal_causes___15,hhmembers_CS_for_upload,,Participant,Malaria causes knowledge,http://purl.obolibrary.org/obo/EUPATH_0024051,Q2. Do you know what causes malaria? Flies,,value,,,,SouthernAfrica,,,,,,,,,
http://purl.obolibrary.org/obo/EUPATH_0024034,Mosquito bites,1,mal_causes___1,hhmembers_CS_for_upload,,Participant,Malaria causes knowledge,http://purl.obolibrary.org/obo/EUPATH_0024051,Q2. Do you know what causes malaria? Mosquito bites,,value,,,,SouthernAfrica,,,,,,,,,
http://purl.obolibrary.org/obo/EUPATH_0024050,Other,17,mal_causes___17,hhmembers_CS_for_upload,,Participant,Malaria causes knowledge,http://purl.obolibrary.org/obo/EUPATH_0024051,Q2. Do you know what causes malaria? Other,,value,,,,SouthernAfrica,,,,,,,,,
http://purl.obolibrary.org/obo/EUPATH_0024041,Sleeping in the same room as someone who is sick,8,mal_causes___8,hhmembers_CS_for_upload,,Participant,Malaria causes knowledge,http://purl.obolibrary.org/obo/EUPATH_0024051,Q2. Do you know what causes malaria? Sleeping in same room as someone who is sick,,value,,,,SouthernAfrica,,,,,,,,,
http://purl.obolibrary.org/obo/EUPATH_0024046,A curse/punishment,13,mal_causes___13,hhmembers_CS_for_upload,,Participant,Malaria causes knowledge,http://purl.obolibrary.org/obo/EUPATH_0024051,Q2. Do you know what causes malaria? It is a curse/punishment,,value,,,,SouthernAfrica,,,,,,,,,
http://purl.obolibrary.org/obo/EUPATH_0024051,Malaria causes knowledge,2,,,Asked only of participants >= 16 years old,Participant,Malaria knowledge,http://purl.obolibrary.org/obo/EUPATH_0024033,,,multifilter,,,,SouthernAfrica,,,,,,,,,
http://purl.obolibrary.org/obo/EUPATH_0024081,Malaria knowledge source,4,,,Asked only of participants >= 16 years old,Participant,Malaria knowledge,http://purl.obolibrary.org/obo/EUPATH_0024033,,,multifilter,,,,SouthernAfrica,,,,,,,,,
http://purl.obolibrary.org/obo/EUPATH_0024067,Malaria prevention knowledge,1,,,Asked only of participants >= 16 years old,Participant,Malaria knowledge,http://purl.obolibrary.org/obo/EUPATH_0024033,,,multifilter,,,,SouthernAfrica,,,,,,,,,
http://purl.obolibrary.org/obo/EUPATH_0024032,Malaria symptoms knowledge,3,,,Asked only of participants >= 16 years old,Participant,Malaria knowledge,http://purl.obolibrary.org/obo/EUPATH_0024033,,,multifilter,,,,SouthernAfrica,,,,,,,,,
http://purl.obolibrary.org/obo/EUPATH_0024069,Community health worker,2,mal_learn___2,hhmembers_CS_for_upload,,Participant,Malaria knowledge source,http://purl.obolibrary.org/obo/EUPATH_0024081,Q4. Where did you learn about malaria?Community health worker,,value,,,,SouthernAfrica,,,,,,,,,
http://purl.obolibrary.org/obo/EUPATH_0024079,Do not know,12,mal_learn___12,hhmembers_CS_for_upload,,Participant,Malaria knowledge source,http://purl.obolibrary.org/obo/EUPATH_0024081,Q4. Where did you learn about malaria?Do not know,,value,,,,SouthernAfrica,,,,,,,,,
http://purl.obolibrary.org/obo/EUPATH_0024072,Friends or relatives,5,mal_learn___5,hhmembers_CS_for_upload,,Participant,Malaria knowledge source,http://purl.obolibrary.org/obo/EUPATH_0024081,Q4. Where did you learn about malaria?Friends or relatives,,value,,,,SouthernAfrica,,,,,,,,,
http://purl.obolibrary.org/obo/EUPATH_0024070,Health care worker at clinic or hospital,3,mal_learn___3,hhmembers_CS_for_upload,,Participant,Malaria knowledge source,http://purl.obolibrary.org/obo/EUPATH_0024081,Q4. Where did you learn about malaria?Health care worker at clinic or hospital,,value,,,,SouthernAfrica,,,,,,,,,
http://purl.obolibrary.org/obo/EUPATH_0024076,ICEMR study team,9,mal_learn___9,hhmembers_CS_for_upload,,Participant,Malaria knowledge source,http://purl.obolibrary.org/obo/EUPATH_0024081,Q4. Where did you learn about malaria?ICEMR study team,,value,,,,SouthernAfrica,,,,,,,,,
http://purl.obolibrary.org/obo/EUPATH_0024068,Never learned about it,1,mal_learn___1,hhmembers_CS_for_upload,,Participant,Malaria knowledge source,http://purl.obolibrary.org/obo/EUPATH_0024081,Q4. Where did you learn about malaria?Never learned about it,,value,,,,SouthernAfrica,,,,,,,,,
http://purl.obolibrary.org/obo/EUPATH_0024078,Newspaper,11,mal_learn___11,hhmembers_CS_for_upload,,Participant,Malaria knowledge source,http://purl.obolibrary.org/obo/EUPATH_0024081,Q4. Where did you learn about malaria?Newspaper,,value,,,,SouthernAfrica,,,,,,,,,
http://purl.obolibrary.org/obo/EUPATH_0024075,Non-governmental organization (NGO),8,mal_learn___8,hhmembers_CS_for_upload,,Participant,Malaria knowledge source,http://purl.obolibrary.org/obo/EUPATH_0024081,Q4. Where did you learn about malaria?Non-governmental organization (NGO),,value,,,,SouthernAfrica,,,,,,,,,
http://purl.obolibrary.org/obo/EUPATH_0024080,Other,13,mal_learn___13,hhmembers_CS_for_upload,,Participant,Malaria knowledge source,http://purl.obolibrary.org/obo/EUPATH_0024081,Q4. Where did you learn about malaria?Other,,value,,,,SouthernAfrica,,,,,,,,,
http://purl.obolibrary.org/obo/EUPATH_0024071,Posters in Health Post or Health Center,4,mal_learn___4,hhmembers_CS_for_upload,,Participant,Malaria knowledge source,http://purl.obolibrary.org/obo/EUPATH_0024081,Q4. Where did you learn about malaria?Posters in Health Post or Health Center,,value,,,,SouthernAfrica,,,,,,,,,
http://purl.obolibrary.org/obo/EUPATH_0024077,Radio,10,mal_learn___10,hhmembers_CS_for_upload,,Participant,Malaria knowledge source,http://purl.obolibrary.org/obo/EUPATH_0024081,Q4. Where did you learn about malaria?Radio,,value,,,,SouthernAfrica,,,,,,,,,
http://purl.obolibrary.org/obo/EUPATH_0024074,School,7,mal_learn___7,hhmembers_CS_for_upload,,Participant,Malaria knowledge source,http://purl.obolibrary.org/obo/EUPATH_0024081,Q4. Where did you learn about malaria?School,,value,,,,SouthernAfrica,,,,,,,,,
http://purl.obolibrary.org/obo/EUPATH_0024073,Traditional healer,6,mal_learn___6,hhmembers_CS_for_upload,,Participant,Malaria knowledge source,http://purl.obolibrary.org/obo/EUPATH_0024081,Q4. Where did you learn about malaria?Traditional healer,,value,,,,SouthernAfrica,,,,,,,,,
http://purl.obolibrary.org/obo/EUPATH_0024052,Burn a fire in the house,1,mal_prevent___1,hhmembers_CS_for_upload,,Participant,Malaria prevention knowledge,http://purl.obolibrary.org/obo/EUPATH_0024067,Q3. Do you know how to prevent malaria? Burn a fire in the house,,value,,,,SouthernAfrica,,,,,,,,,
http://purl.obolibrary.org/obo/EUPATH_0024062,Bury mosquito breeding sites,11,mal_prevent___11,hhmembers_CS_for_upload,,Participant,Malaria prevention knowledge,http://purl.obolibrary.org/obo/EUPATH_0024067,Q3. Do you know how to prevent malaria? Bury mosquito breeding sites,,value,,,,SouthernAfrica,,,,,,,,,
http://purl.obolibrary.org/obo/EUPATH_0024053,Charms,2,mal_prevent___2,hhmembers_CS_for_upload,,Participant,Malaria prevention knowledge,http://purl.obolibrary.org/obo/EUPATH_0024067,Q3. Do you know how to prevent malaria? Charms,,value,,,,SouthernAfrica,,,,,,,,,
http://purl.obolibrary.org/obo/EUPATH_0024054,Do not go outside at certain times of day,3,mal_prevent___3,hhmembers_CS_for_upload,,Participant,Malaria prevention knowledge,http://purl.obolibrary.org/obo/EUPATH_0024067,Q3. Do you know how to prevent malaria? Do not go outside at certain times of day,,value,,,,SouthernAfrica,,,,,,,,,
http://purl.obolibrary.org/obo/EUPATH_0024065,Do not know,14,mal_prevent___14,hhmembers_CS_for_upload,,Participant,Malaria prevention knowledge,http://purl.obolibrary.org/obo/EUPATH_0024067,Q3. Do you know how to prevent malaria? Do not know,,value,,,,SouthernAfrica,,,,,,,,,
http://purl.obolibrary.org/obo/EUPATH_0024061,Drink and eat clean water and food,10,mal_prevent___10,hhmembers_CS_for_upload,,Participant,Malaria prevention knowledge,http://purl.obolibrary.org/obo/EUPATH_0024067,Q3. Do you know how to prevent malaria? Drink and eat clean water and food,,value,,,,SouthernAfrica,,,,,,,,,
http://purl.obolibrary.org/obo/EUPATH_0024055,Have a screen on the windows,4,mal_prevent___4,hhmembers_CS_for_upload,,Participant,Malaria prevention knowledge,http://purl.obolibrary.org/obo/EUPATH_0024067,Q3. Do you know how to prevent malaria? Have screen on the windows,,value,,,,SouthernAfrica,,,,,,,,,
http://purl.obolibrary.org/obo/EUPATH_0024056,Keep skin covered,5,mal_prevent___5,hhmembers_CS_for_upload,,Participant,Malaria prevention knowledge,http://purl.obolibrary.org/obo/EUPATH_0024067,Q3. Do you know how to prevent malaria? Keep skin covered,,value,,,,SouthernAfrica,,,,,,,,,
http://purl.obolibrary.org/obo/EUPATH_0024063,Keep surroundings clean,12,mal_prevent___12,hhmembers_CS_for_upload,,Participant,Malaria prevention knowledge,http://purl.obolibrary.org/obo/EUPATH_0024067,Q3. Do you know how to prevent malaria? Keep surroundings clean,,value,,,,SouthernAfrica,,,,,,,,,
http://purl.obolibrary.org/obo/EUPATH_0024066,Other,15,mal_prevent___15,hhmembers_CS_for_upload,,Participant,Malaria prevention knowledge,http://purl.obolibrary.org/obo/EUPATH_0024067,Q3. Do you know how to prevent malaria? Other,,value,,,,SouthernAfrica,,,,,,,,,
http://purl.obolibrary.org/obo/EUPATH_0024064,Seek early treatment,13,mal_prevent___13,hhmembers_CS_for_upload,,Participant,Malaria prevention knowledge,http://purl.obolibrary.org/obo/EUPATH_0024067,Q3. Do you know how to prevent malaria? Seek early treatment,,value,,,,SouthernAfrica,,,,,,,,,
http://purl.obolibrary.org/obo/EUPATH_0024057,Sleep under a mosquito net,6,mal_prevent___6,hhmembers_CS_for_upload,,Participant,Malaria prevention knowledge,http://purl.obolibrary.org/obo/EUPATH_0024067,Q3. Do you know how to prevent malaria? Sleep under a mosquito net,,value,,,,SouthernAfrica,,,,,,,,,
http://purl.obolibrary.org/obo/EUPATH_0024058,Spray insecticide inside the house,7,mal_prevent___7,hhmembers_CS_for_upload,,Participant,Malaria prevention knowledge,http://purl.obolibrary.org/obo/EUPATH_0024067,Q3. Do you know how to prevent malaria? Spray insecticide inside the house,,value,,,,SouthernAfrica,,,,,,,,,
http://purl.obolibrary.org/obo/EUPATH_0024059,Take medicine to prevent malaria,8,mal_prevent___8,hhmembers_CS_for_upload,,Participant,Malaria prevention knowledge,http://purl.obolibrary.org/obo/EUPATH_0024067,Q3. Do you know how to prevent malaria? Take medicine to prevent malaria,,value,,,,SouthernAfrica,,,,,,,,,
http://purl.obolibrary.org/obo/EUPATH_0024060,Wear insect repellent,9,mal_prevent___9,hhmembers_CS_for_upload,,Participant,Malaria prevention knowledge,http://purl.obolibrary.org/obo/EUPATH_0024067,Q3. Do you know how to prevent malaria? Wear insect repellent,,value,,,,SouthernAfrica,,,,,,,,,
http://purl.obolibrary.org/obo/EUPATH_0024023,Body ache or pain,6,mal_symptoms___6,hhmembers_CS_for_upload,,Participant,Malaria symptoms knowledge,http://purl.obolibrary.org/obo/EUPATH_0024032,Q1. There is a disease known as malaria. Do you know any of the symptoms of malaria? Body ache or pain,,value,,,,SouthernAfrica,,,,,,,,,
http://purl.obolibrary.org/obo/EUPATH_0024020,Chills,3,mal_symptoms___3,hhmembers_CS_for_upload,,Participant,Malaria symptoms knowledge,http://purl.obolibrary.org/obo/EUPATH_0024032,Q1. There is a disease known as malaria. Do you know any of the symptoms of malaria? Chills,,value,,,,SouthernAfrica,,,,,,,,,
http://purl.obolibrary.org/obo/EUPATH_0024024,Cough,7,mal_symptoms___7,hhmembers_CS_for_upload,,Participant,Malaria symptoms knowledge,http://purl.obolibrary.org/obo/EUPATH_0024032,Q1. There is a disease known as malaria. Do you know any of the symptoms of malaria? Cough,,value,,,,SouthernAfrica,,,,,,,,,
http://purl.obolibrary.org/obo/EUPATH_0024022,Diarrhea,5,mal_symptoms___5,hhmembers_CS_for_upload,,Participant,Malaria symptoms knowledge,http://purl.obolibrary.org/obo/EUPATH_0024032,Q1. There is a disease known as malaria. Do you know any of the symptoms of malaria? Diarrhea,,value,,,,SouthernAfrica,,,,,,,,,
http://purl.obolibrary.org/obo/EUPATH_0024030,Do not know,13,mal_symptoms___13,hhmembers_CS_for_upload,,Participant,Malaria symptoms knowledge,http://purl.obolibrary.org/obo/EUPATH_0024032,Q1. There is a disease known as malaria. Do you know any of the symptoms of malaria? Do not know,,value,,,,SouthernAfrica,,,,,,,,,
http://purl.obolibrary.org/obo/EUPATH_0024018,Fever,1,mal_symptoms___1,hhmembers_CS_for_upload,,Participant,Malaria symptoms knowledge,http://purl.obolibrary.org/obo/EUPATH_0024032,Q1. There is a disease known as malaria. Do you know any of the symptoms of malaria? Fever,,value,,,,SouthernAfrica,,,,,,,,,
http://purl.obolibrary.org/obo/EUPATH_0024026,Flu-like symptoms,9,mal_symptoms___9,hhmembers_CS_for_upload,,Participant,Malaria symptoms knowledge,http://purl.obolibrary.org/obo/EUPATH_0024032,Q1. There is a disease known as malaria. Do you know any of the symptoms of malaria? Flu-like symptoms,,value,,,,SouthernAfrica,,,,,,,,,
http://purl.obolibrary.org/obo/EUPATH_0024019,Headache,2,mal_symptoms___2,hhmembers_CS_for_upload,,Participant,Malaria symptoms knowledge,http://purl.obolibrary.org/obo/EUPATH_0024032,Q1. There is a disease known as malaria. Do you know any of the symptoms of malaria? Headache,,value,,,,SouthernAfrica,,,,,,,,,
http://purl.obolibrary.org/obo/EUPATH_0024028,Loss of appetite,11,mal_symptoms___11,hhmembers_CS_for_upload,,Participant,Malaria symptoms knowledge,http://purl.obolibrary.org/obo/EUPATH_0024032,Q1. There is a disease known as malaria. Do you know any of the symptoms of malaria? Loss of appetite,,value,,,,SouthernAfrica,,,,,,,,,
http://purl.obolibrary.org/obo/EUPATH_0024031,Other,14,mal_symptoms___14,hhmembers_CS_for_upload,,Participant,Malaria symptoms knowledge,http://purl.obolibrary.org/obo/EUPATH_0024032,Q1. There is a disease known as malaria. Do you know any of the symptoms of malaria? Other,,value,,,,SouthernAfrica,,,,,,,,,
http://purl.obolibrary.org/obo/EUPATH_0024027,Thirst,10,mal_symptoms___10,hhmembers_CS_for_upload,,Participant,Malaria symptoms knowledge,http://purl.obolibrary.org/obo/EUPATH_0024032,Q1. There is a disease known as malaria. Do you know any of the symptoms of malaria? Thirst,,value,,,,SouthernAfrica,,,,,,,,,
http://purl.obolibrary.org/obo/EUPATH_0024021,Vomiting,4,mal_symptoms___4,hhmembers_CS_for_upload,,Participant,Malaria symptoms knowledge,http://purl.obolibrary.org/obo/EUPATH_0024032,Q1. There is a disease known as malaria. Do you know any of the symptoms of malaria? Vomiting,,value,,,,SouthernAfrica,,,,,,,,,
http://purl.obolibrary.org/obo/EUPATH_0024025,Weakness or fatigue,8,mal_symptoms___8,hhmembers_CS_for_upload,,Participant,Malaria symptoms knowledge,http://purl.obolibrary.org/obo/EUPATH_0024032,Q1. There is a disease known as malaria. Do you know any of the symptoms of malaria? Weakness or fatigue,,value,,,,SouthernAfrica,,,,,,,,,
http://purl.obolibrary.org/obo/EUPATH_0024029,Yellow eyes or skin,12,mal_symptoms___12,hhmembers_CS_for_upload,,Participant,Malaria symptoms knowledge,http://purl.obolibrary.org/obo/EUPATH_0024032,Q1. There is a disease known as malaria. Do you know any of the symptoms of malaria? Yellow eyes or skin,,value,,,,SouthernAfrica,,,,,,,,,
http://purl.obolibrary.org/obo/EUPATH_0000649,Anthropometry,5,,,,Participant,Observation details,http://purl.obolibrary.org/obo/EUPATH_0000310,,,category,,,,SouthernAfrica,,,,,,,,,
http://purl.obolibrary.org/obo/OGMS_0000073,Diagnosis,4,,,,Participant,Observation details,http://purl.obolibrary.org/obo/EUPATH_0000310,,,category,,,,SouthernAfrica,,,,,,,,,
http://purl.obolibrary.org/obo/EUPATH_0010016,Diarrheal episodes,7,,,,Participant,Observation details,http://purl.obolibrary.org/obo/EUPATH_0000310,,,category,,,,SouthernAfrica,,,,,,,,,
http://purl.obolibrary.org/obo/EUPATH_0024249,Last visit to health center,10,chld_hlthctr_last_visit | hlthctr_last_visit,hhmembers_CS_for_upload,Last visit to health center due to malaria,Participant,Observation details,http://purl.obolibrary.org/obo/EUPATH_0000310,Q12. When was the last time you visited the Health Center for malaria?,,variable,,,,SouthernAfrica,,,,,,,,,
http://purl.obolibrary.org/obo/EUPATH_0024122,Last visit to health post,11,hlthpost_last_visit | chld_hlthctr_last_visit_post,hhmembers_CS_for_upload,Last visit to health post due to malaria,Participant,Observation details,http://purl.obolibrary.org/obo/EUPATH_0000310,Q14. When was the last time you visited the Health Post for malaria?,,variable,,,,SouthernAfrica,,,,,,,,,
http://purl.obolibrary.org/obo/EUPATH_0024033,Malaria knowledge,12,,,,Participant,Observation details,http://purl.obolibrary.org/obo/EUPATH_0000310,,,category,,,,SouthernAfrica,,,,,,,,,
http://purl.obolibrary.org/obo/EUPATH_0000310,Observation details,1,,,,Participant,Observation details,http://purl.obolibrary.org/obo/EUPATH_0000310,,,category,,,,SouthernAfrica,,,,,,,,,
http://purl.obolibrary.org/obo/EUPATH_0042002,Obstetrics,9,,,,Participant,Observation details,http://purl.obolibrary.org/obo/EUPATH_0000310,,,category,,,,SouthernAfrica,,,,,,,,,
http://purl.obolibrary.org/obo/EUPATH_0021097,Personal vector intervention,13,,,,Participant,Observation details,http://purl.obolibrary.org/obo/EUPATH_0000310,,,category,,,,SouthernAfrica,,,,,,,,,
http://purl.obolibrary.org/obo/OGMS_0000083,Physical examination,3,,,,Participant,Observation details,http://purl.obolibrary.org/obo/EUPATH_0000310,,,category,,,,SouthernAfrica,,,,,,,,,
http://purl.obolibrary.org/obo/EUPATH_0023001,Relocation details,15,,,,Participant,Observation details,http://purl.obolibrary.org/obo/EUPATH_0000310,,,category,,,,SouthernAfrica,,,,,,,,,
http://purl.obolibrary.org/obo/EUPATH_0000309,Signs and symptoms,6,,,,Participant,Observation details,http://purl.obolibrary.org/obo/EUPATH_0000310,,,category,,,,SouthernAfrica,,,,,,,,,
http://purl.obolibrary.org/obo/EUPATH_0000340,Travel details,14,,,,Participant,Observation details,http://purl.obolibrary.org/obo/EUPATH_0000310,,,category,,,,SouthernAfrica,,,,,,,,,
http://purl.obolibrary.org/obo/OGMS_0000090,Treatment,8,,,,Participant,Observation details,http://purl.obolibrary.org/obo/EUPATH_0000310,,,category,,,,SouthernAfrica,,,,,,,,,
http://purl.obolibrary.org/obo/EUPATH_0035095,Month,16,today_month,hhmembers_CS_for_upload,,Participant,Observation details,http://purl.obolibrary.org/obo/EUPATH_0000310,,,derived,,,,SouthernAfrica,,,,,,,,,
http://purl.obolibrary.org/obo/UBERON_0009097,Pregnant,17,rdt_treat_female,hhmembers_CS_for_upload,"If female, is the participant pregnant. Asked only of participants >= 16",Participant,Obstetrics,http://purl.obolibrary.org/obo/EUPATH_0042002,"If the participant is RDT positive and female, she should be offered treatment with Coartem. Before we treat her, we must ask her if she is pregnant. The treatment will be different if she is pregnant. You pregnant?",,variable,,,,SouthernAfrica,,,,,,,,,
http://purl.obolibrary.org/obo/EUPATH_0024202,Church,4,mv_sleep_home_type___4 | chld_mv_sleep_home_type___4,hhmembers_CS_for_upload,,Participant,Overnight lodgings,http://purl.obolibrary.org/obo/EUPATH_0024205,32.9 In which type of home did you sleep overnight?4. Church,,value,,,,SouthernAfrica,,,,,,,,,
http://purl.obolibrary.org/obo/EUPATH_0024199,Family or friends,1,mv_sleep_home_type___1 | chld_mv_sleep_home_type___1,hhmembers_CS_for_upload,,Participant,Overnight lodgings,http://purl.obolibrary.org/obo/EUPATH_0024205,32.9 In which type of home did you sleep overnight?1. Family or friends,,value,,,,SouthernAfrica,,,,,,,,,
http://purl.obolibrary.org/obo/EUPATH_0024204,Other,6,chld_mv_sleep_home_type___6 | mv_sleep_home_type___6,hhmembers_CS_for_upload,,Participant,Overnight lodgings,http://purl.obolibrary.org/obo/EUPATH_0024205,32.9 In which type of home did you sleep overnight?6. Other: specify,,value,,,,SouthernAfrica,,,,,,,,,
http://purl.obolibrary.org/obo/EUPATH_0024203,Outdoors,5,chld_mv_sleep_home_type___5 | mv_sleep_home_type___5,hhmembers_CS_for_upload,,Participant,Overnight lodgings,http://purl.obolibrary.org/obo/EUPATH_0024205,32.9 In which type of home did you sleep overnight?5. Outdoors,,value,,,,SouthernAfrica,,,,,,,,,
http://purl.obolibrary.org/obo/EUPATH_0024200,"Rest house, guest house, lodge or motel",2,mv_sleep_home_type___2 | chld_mv_sleep_home_type___2,hhmembers_CS_for_upload,,Participant,Overnight lodgings,http://purl.obolibrary.org/obo/EUPATH_0024205,"32.9 In which type of home did you sleep overnight?2. Rest house, guest house, lodge or motel",,value,,,,SouthernAfrica,,,,,,,,,
http://purl.obolibrary.org/obo/EUPATH_0024201,School,3,mv_sleep_home_type___3 | chld_mv_sleep_home_type___3,hhmembers_CS_for_upload,,Participant,Overnight lodgings,http://purl.obolibrary.org/obo/EUPATH_0024205,32.9 In which type of home did you sleep overnight?3. School,,value,,,,SouthernAfrica,,,,,,,,,
http://purl.obolibrary.org/obo/OGMS_0000015,Clinical history,4,,,,Participant,Participant study details,http://purl.obolibrary.org/obo/EUPATH_0000307,,,category,EUPATH_0021098,,,SouthernAfrica,,,,,,,,,
http://purl.obolibrary.org/obo/EUPATH_0010981,Demographics,,,,,Participant,Participant study details,http://purl.obolibrary.org/obo/EUPATH_0000307,,,category,,,,SouthernAfrica,,,,,,,,,
http://purl.obolibrary.org/obo/EUPATH_0024219,Household knowledge,,,,,Participant,Participant study details,http://purl.obolibrary.org/obo/EUPATH_0000307,,,category,,,,SouthernAfrica,,,,,,,,,
http://purl.obolibrary.org/obo/EUPATH_0010037,Individuals related to participant,,,,,Participant,Participant study details,http://purl.obolibrary.org/obo/EUPATH_0000307,,,category,,,,SouthernAfrica,,,,,,,,,
http://purl.obolibrary.org/obo/EUPATH_0024164,Bednet brand,10,chld_mc_bednet_brand | mc_bednet_brand,hhmembers_CS_for_upload,"If participant uses a bednet, the bednet brand",Participant,Personal vector intervention,http://purl.obolibrary.org/obo/EUPATH_0021097,b. What is the brand of bednet?,,variable,,,,SouthernAfrica,,,,,,,,,
http://purl.obolibrary.org/obo/EUPATH_0024165,Bednet condition,11,chld_mc_bednet_cond | mc_bednet_cond,hhmembers_CS_for_upload,"If participant uses a bednet, the bednet condition as assessed by the interviewer",Participant,Personal vector intervention,http://purl.obolibrary.org/obo/EUPATH_0021097,c. What is the condition of the bed net?,,variable,,,,SouthernAfrica,,,,,,,,,
http://purl.obolibrary.org/obo/EUPATH_0024167,Bednet holes <10 cm count,13,mc_net_holes_10cm | chld_mc_net_holes_10cm,hhmembers_CS_for_upload,Number of holes in bednet larger than a thumb but smaller than a fist (2 to 10 cm),Participant,Personal vector intervention,http://purl.obolibrary.org/obo/EUPATH_0021097,d. How many holes are in there in the bed net of each of these sizes? (Do not count holes smaller than 0.5 cm)Larger than a thumb but smaller than a fist (2 to 10 cm),,variable,,,,SouthernAfrica,,,,,,,,,
http://purl.obolibrary.org/obo/EUPATH_0024166,Bednet holes <2 cm count,12,chld_mc_net_holes_2cm | mc_net_holes_2cm,hhmembers_CS_for_upload,Number of holes in bednet smaller than a thumb (0.5 to 2.0 cm),Participant,Personal vector intervention,http://purl.obolibrary.org/obo/EUPATH_0021097,d. How many holes are in there in the bed net of each of these sizes? (Do not count holes smaller than 0.5 cm)Smaller than a thumb (0.5 to 2.0 cm),,variable,,,,SouthernAfrica,,,,,,,,,
http://purl.obolibrary.org/obo/EUPATH_0024168,Bednet holes <25 cm count,14,mc_net_holes_25cm | chld_mc_net_holes_25cm,hhmembers_CS_for_upload,Number of holes in bednet larger than a fist but smaller than a head (10 to 25 cm),Participant,Personal vector intervention,http://purl.obolibrary.org/obo/EUPATH_0021097,d. How many holes are in there in the bed net of each of these sizes? (Do not count holes smaller than 0.5 cm)Larger than a fist but smaller than a head (10 to 25 cm),,variable,,,,SouthernAfrica,,,,,,,,,
http://purl.obolibrary.org/obo/EUPATH_0024169,Bednet holes >25 cm count,15,mc_net_holes_gt25cm | chld_mc_net_holes_gt25cm,hhmembers_CS_for_upload,Number of holes in bednet larger than a head (> 25 cm),Participant,Personal vector intervention,http://purl.obolibrary.org/obo/EUPATH_0021097,d. How many holes are in there in the bed net of each of these sizes? (Do not count holes smaller than 0.5 cm)Larger than a head (> 25 cm),,variable,,,,SouthernAfrica,,,,,,,,,
http://purl.obolibrary.org/obo/EUPATH_0024163,Bednet over bed,9,chld_mc_bednet_over_bed | mc_bednet_over_bed,hhmembers_CS_for_upload,"If participant uses a bednet, does it hang over a bed",Participant,Personal vector intervention,http://purl.obolibrary.org/obo/EUPATH_0021097,Q22. Please ask to see the bednet that the participant sleeps under and document the answers to the following questions: a. Is the bednet hanging over the bed?,,variable,,,,SouthernAfrica,,,,,,,,,
http://purl.obolibrary.org/obo/EUPATH_0024170,Bednet repaired,16,chld_mc_bednet_repairs | mc_bednet_repairs,hhmembers_CS_for_upload,"If participant uses a bednet, have any repairs been made to the net",Participant,Personal vector intervention,http://purl.obolibrary.org/obo/EUPATH_0021097,e. Have any repairs been made to the bed net?,,variable,,,,SouthernAfrica,,,,,,,,,
http://purl.obolibrary.org/obo/EUPATH_0024123,Bednets,1,mc_have_bednet,hhmembers_CS_for_upload,Whether there are bednets in the house,Participant,Personal vector intervention,http://purl.obolibrary.org/obo/EUPATH_0021097,Do you have bed nets in the house where you sleep?,,variable,,,,SouthernAfrica,,,,,,,,,
http://purl.obolibrary.org/obo/EUPATH_0024124,Household bednet count,2,mc_bednet_count,hhmembers_CS_for_upload,"If any bednets in the house, the total number of bednets",Participant,Personal vector intervention,http://purl.obolibrary.org/obo/EUPATH_0021097,"Participant has bed nets in the house where they sleep but they DON""T KNOW how many: | If YES, How many bed nets are in the house where you sleep?",,variable,,,,SouthernAfrica,,,,,,,,,
http://purl.obolibrary.org/obo/EUPATH_0024173,IRS refused,19,mc_refuse_spray,hhmembers_CS_for_upload,"If home was not sprayed, was spraying refused",Participant,Personal vector intervention,http://purl.obolibrary.org/obo/EUPATH_0021097,"Q24.1 If NO, did you refuse to have your house sprayed?",,variable,,,,SouthernAfrica,,,,,,,,,
http://purl.obolibrary.org/obo/EUPATH_0024171,Indoor residual spraying (IRS),17,chld_mc_house_spray | mc_house_spray,hhmembers_CS_for_upload,Inside of participant's house has been sprayed with insecticide for mosquitoes before. Excludes use of DOOM to collect mosquitos in this study,Participant,Personal vector intervention,http://purl.obolibrary.org/obo/EUPATH_0021097,Q23. Has the inside of your house ever been sprayed with insecticide for mosquitoes? This does not include the DOOM we may have used to collect mosquitoes.,,variable,,,,SouthernAfrica,,,,,,,,,
http://purl.obolibrary.org/obo/EUPATH_0024172,Last indoor residual spraying (IRS) date,18,mc_house_spray_time | chld_mc_house_spray_time,hhmembers_CS_for_upload,"If home has been sprayed, last time it was done",Participant,Personal vector intervention,http://purl.obolibrary.org/obo/EUPATH_0021097,"Q24. If YES, when was the last time it was sprayed?",,variable,,,,SouthernAfrica,,,,,,,,,
http://purl.obolibrary.org/obo/EUPATH_0024160,Last personal bednet treatment,7,mc_last_treat_bednet | chld_mc_last_treat_bednet,hhmembers_CS_for_upload,"If participant uses a bednet, last time it was treated with insecticide",Participant,Personal vector intervention,http://purl.obolibrary.org/obo/EUPATH_0021097,Q20. When was the last time you treated your bed net?,,variable,,,,SouthernAfrica,,,,,,,,,
http://purl.obolibrary.org/obo/EUPATH_0024161,Number of times bednet washed,8,mc_wash_bednet | chld_mc_wash_bednet,hhmembers_CS_for_upload,"If participant uses a bednet, number of times it has been washed",Participant,Personal vector intervention,http://purl.obolibrary.org/obo/EUPATH_0021097,Q21. How many times have you washed your bed net? | Q21a. Participant DOES NOT KNOW how many times bed net has been washed:,,variable,,,,SouthernAfrica,,,,,,,,,
http://purl.obolibrary.org/obo/EUPATH_0024141,Reason for no household bednets,3,,,"If there are no bednets in the house, the reason why",Participant,Personal vector intervention,http://purl.obolibrary.org/obo/EUPATH_0021097,"If none, what is the reason you do not have a bed net in your house?",,multifilter,,,,SouthernAfrica,,,,,,,,,
http://purl.obolibrary.org/obo/EUPATH_0024158,Reason for not using a bednet,5,,,"If participant does not use a bednet, the reason why",Participant,Personal vector intervention,http://purl.obolibrary.org/obo/EUPATH_0021097,,,multifilter,,,,SouthernAfrica,,,,,,,,,
http://purl.obolibrary.org/obo/EUPATH_0024179,Reason for refusing IRS,20,,,"If IRS was refused, reason for refusing",Participant,Personal vector intervention,http://purl.obolibrary.org/obo/EUPATH_0021097,,,multifilter,,,,SouthernAfrica,,,,,,,,,
http://purl.obolibrary.org/obo/EUPATH_0024266,Time owned personal bednet,6,mc_time_own_bednet | chld_mc_time_own_bednet,hhmembers_CS_for_upload,"If participant uses a bednet, length of time they've owned it",Participant,Personal vector intervention,http://purl.obolibrary.org/obo/EUPATH_0021097,Q19. How long have you owned the bed net that you sleep under?,,variable,,,,SouthernAfrica,,,,,,,,,
http://purl.obolibrary.org/obo/EUPATH_0024142,Use bednet,4,mc_sleep_bednet | chld_mc_bednet_child,hhmembers_CS_for_upload,Does the participant sleep under a bednet,Participant,Personal vector intervention,http://purl.obolibrary.org/obo/EUPATH_0021097,Q17. Do you sleep under a bed net?,,variable,,,,SouthernAfrica,,,,,,,,,
http://purl.obolibrary.org/obo/EUPATH_0000110,Temperature,,temp_results | chld_temp_results,hhmembers_CS_for_upload,,Participant,Physical examination,http://purl.obolibrary.org/obo/OGMS_0000083,Measure and record participants temperature: ,,variable,,C,http://purl.obolibrary.org/obo/UO_0000027,SouthernAfrica,,,,,,,,,
http://purl.obolibrary.org/obo/EUPATH_0024315,"Plasmodium asexual stages, by microscopy",4,asex_par_ex1,hhmembers_CS_for_upload,Asexual parasites per 500 white blood cells (1st slide reading),Sample,Plasmodium in blood,http://purl.obolibrary.org/obo/EUPATH_0033308,"Asexual parasites:
parasites/ 500 WBC",,variable,,per 500 WBC,,SouthernAfrica,,,,,,,,,
http://purl.obolibrary.org/obo/EUPATH_0024241,"Plasmodium asexual stages, by microscopy, 2nd",5,asex_par_ex2,hhmembers_CS_for_upload,Asexual parasites per 500 white blood cells (2nd slide reading),Sample,Plasmodium in blood,http://purl.obolibrary.org/obo/EUPATH_0033308,"Asexual parasites:
parasites/ 500 WBC",,variable,,per 500 WBC,,SouthernAfrica,,,,,,,,,
http://purl.obolibrary.org/obo/EUPATH_0024242,"Plasmodium asexual stages, by microscopy, 3rd",6,asex_par_ex3,hhmembers_CS_for_upload,Asexual parasites per 500 white blood cells (3rd slide reading),Sample,Plasmodium in blood,http://purl.obolibrary.org/obo/EUPATH_0033308,"Asexual parasites:
parasites/ 500 WBC",,variable,,per 500 WBC,,SouthernAfrica,,,,,,,,,
http://purl.obolibrary.org/obo/EUPATH_0024316,"Plasmodium gametocytes, by microscopy",7,gametocyt_ex1,hhmembers_CS_for_upload,Gametocytes per 500 white blood cells (1st slide reading),Sample,Plasmodium in blood,http://purl.obolibrary.org/obo/EUPATH_0033308,"Gametocytes:
gametocytes/ 500 WBC",,variable,,per 500 WBC,,SouthernAfrica,,,,,,,,,
http://purl.obolibrary.org/obo/EUPATH_0024243,"Plasmodium gametocytes, by microscopy, 2nd",8,gametocyt_ex2,hhmembers_CS_for_upload,Gametocytes per 500 white blood cells (2nd slide reading),Sample,Plasmodium in blood,http://purl.obolibrary.org/obo/EUPATH_0033308,"Gametocytes:
gametocytes/ 500 WBC",,variable,,per 500 WBC,,SouthernAfrica,,,,,,,,,
http://purl.obolibrary.org/obo/EUPATH_0024244,"Plasmodium gametocytes, by microscopy, 3rd",9,gametocyt_ex3,hhmembers_CS_for_upload,Gametocytes per 500 white blood cells (3rd slide reading),Sample,Plasmodium in blood,http://purl.obolibrary.org/obo/EUPATH_0033308,"Gametocytes:
gametocytes/ 500 WBC",,variable,,per 500 WBC,,SouthernAfrica,,,,,,,,,
http://purl.obolibrary.org/obo/EUPATH_0023033,"Plasmodium species, by thin smear microscopy",2,,,"Parasite species, microscopy - thin smear",Sample,Plasmodium in blood,http://purl.obolibrary.org/obo/EUPATH_0033308,,,multifilter,,,,SouthernAfrica,,,,,,,,,
http://purl.obolibrary.org/obo/EUPATH_0024217,"Plasmodium, by RDT",10,rdt_results | chld_rdt_results,hhmembers_CS_for_upload,The ICT Diagnostics RDT for P. falciparum was used around 2013 in Zambia and 2014 in Zimbabwe. The SD BIOLINE Malaria Ag P.f was used around 2014 in Zambia and 2015 in Zimbabwe.,Sample,Plasmodium in blood,http://purl.obolibrary.org/obo/EUPATH_0033308,Document the RDT result:,,variable,,,,SouthernAfrica,,,,,,,,,
http://purl.obolibrary.org/obo/EUPATH_0024314,"Plasmodium, by thick smear microscopy",3,,,Malaria parasites present on thick blood smear,Sample,Plasmodium in blood,http://purl.obolibrary.org/obo/EUPATH_0033308,,,multifilter,,,,SouthernAfrica,,,,,,,,,
http://purl.obolibrary.org/obo/EUPATH_0024318,"Plasmodium, by thin smear microscopy",1,,,Malaria parasites present on thin blood smear,Sample,Plasmodium in blood,http://purl.obolibrary.org/obo/EUPATH_0033308,,,multifilter,,,,SouthernAfrica,,,,,,,,,
http://purl.obolibrary.org/obo/EUPATH_0024245,Slide reading 1,,thn_species_ex1,hhmembers_CS_for_upload,Plasmodium species (1st slide reading),Sample,"Plasmodium species, by thin smear microscopy",http://purl.obolibrary.org/obo/EUPATH_0023033,Species:,,value,,,,SouthernAfrica,,,,,,,,,
http://purl.obolibrary.org/obo/EUPATH_0024246,Slide reading 2,,thn_species_ex2,hhmembers_CS_for_upload,Plasmodium species (2nd slide reading),Sample,"Plasmodium species, by thin smear microscopy",http://purl.obolibrary.org/obo/EUPATH_0023033,Species:,,value,,,,SouthernAfrica,,,,,,,,,
http://purl.obolibrary.org/obo/EUPATH_0024247,Slide reading 3,,thn_species_ex3,hhmembers_CS_for_upload,Plasmodium species (3rd slide reading),Sample,"Plasmodium species, by thin smear microscopy",http://purl.obolibrary.org/obo/EUPATH_0023033,Species:,,value,,,,SouthernAfrica,,,,,,,,,
http://purl.obolibrary.org/obo/EUPATH_0024248,Slide reading 1,,thk_par_pres_ex1,hhmembers_CS_for_upload,Plasmodium present on thick smear reading (1st slide reading),Sample,"Plasmodium, by thick smear microscopy",http://purl.obolibrary.org/obo/EUPATH_0024314,"Thick Film
Are malaria parasites present?",,value,,,,SouthernAfrica,,,,,,,,,
http://purl.obolibrary.org/obo/EUPATH_0024250,Slide reading 2,,thk_par_pres_ex2,hhmembers_CS_for_upload,Plasmodium present on thick smear reading (2nd slide reading),Sample,"Plasmodium, by thick smear microscopy",http://purl.obolibrary.org/obo/EUPATH_0024314,"Thick Film
Are malaria parasites present?",,value,,,,SouthernAfrica,,,,,,,,,
http://purl.obolibrary.org/obo/EUPATH_0024251,Slide reading 3,,thk_par_pres_ex3,hhmembers_CS_for_upload,Plasmodium present on thick smear reading (3rd slide reading),Sample,"Plasmodium, by thick smear microscopy",http://purl.obolibrary.org/obo/EUPATH_0024314,"Thick Film
Are malaria parasites present?",,value,,,,SouthernAfrica,,,,,,,,,
http://purl.obolibrary.org/obo/EUPATH_0024252,Slide reading 1,,thn_par_pres_ex1,hhmembers_CS_for_upload,Plasmodium present on thin smear reading (1st slide reading),Sample,"Plasmodium, by thin smear microscopy",http://purl.obolibrary.org/obo/EUPATH_0024318,Thin Film: Are malaria parasites present?,,value,,,,SouthernAfrica,,,,,,,,,
http://purl.obolibrary.org/obo/EUPATH_0024254,Slide reading 2,,thn_par_pres_ex2,hhmembers_CS_for_upload,Plasmodium present on thin smear reading (2nd slide reading),Sample,"Plasmodium, by thin smear microscopy",http://purl.obolibrary.org/obo/EUPATH_0024318,Thin Film: Are malaria parasites present?,,value,,,,SouthernAfrica,,,,,,,,,
http://purl.obolibrary.org/obo/EUPATH_0024253,Slide reading 3,,thn_par_pres_ex3,hhmembers_CS_for_upload,Plasmodium present on thin smear reading (3rd slide reading),Sample,"Plasmodium, by thin smear microscopy",http://purl.obolibrary.org/obo/EUPATH_0024318,Thin Film: Are malaria parasites present?,,value,,,,SouthernAfrica,,,,,,,,,
http://purl.obolibrary.org/obo/EUPATH_0024216,Diarrhea care source,2,dia_seek_whom | chld_dia_seek_whom,hhmembers_CS_for_upload,"If the participant sought advice or treatment for diarrhea, where they sought treatment",Participant,Previous diarrheal care,http://purl.obolibrary.org/obo/EUPATH_0010013,From whom did you seek advice or treatment?,,variable,,,,SouthernAfrica,,,,,,,,,
http://purl.obolibrary.org/obo/EUPATH_0024215,Seek diarrhea care,1,dia_seek | chld_dia_seek,hhmembers_CS_for_upload,"If the participant had diarrhea in the past 2 weeks, did they seek advice or treatment from outside the home",Participant,Previous diarrheal care,http://purl.obolibrary.org/obo/EUPATH_0010013,Q38. Did you seek advice or treatment outside home?,,variable,,,,SouthernAfrica,,,,,,,,,
http://purl.obolibrary.org/obo/EUPATH_0024007,Farming,1,mv_reason___1,hhdata_CS_for_upload,,Household,Reason for moving,http://purl.obolibrary.org/obo/EUPATH_0024012,What is the reason for moving,,value,,,,SouthernAfrica,,,,,,,,,
http://purl.obolibrary.org/obo/EUPATH_0024008,Fishing,2,mv_reason___2,hhdata_CS_for_upload,,Household,Reason for moving,http://purl.obolibrary.org/obo/EUPATH_0024012,What is the reason for moving,,value,,,,SouthernAfrica,,,,,,,,,
http://purl.obolibrary.org/obo/EUPATH_0024121,Other,5,mv_reason___5,hhdata_CS_for_upload,,Household,Reason for moving,http://purl.obolibrary.org/obo/EUPATH_0024012,What is the reason for moving,,value,,,,SouthernAfrica,,,,,,,,,
http://purl.obolibrary.org/obo/EUPATH_0024010,Other work,4,mv_reason___4,hhdata_CS_for_upload,,Household,Reason for moving,http://purl.obolibrary.org/obo/EUPATH_0024012,What is the reason for moving,,value,,,,SouthernAfrica,,,,,,,,,
http://purl.obolibrary.org/obo/EUPATH_0024009,Work on tea plantation,3,mv_reason___3,hhdata_CS_for_upload,,Household,Reason for moving,http://purl.obolibrary.org/obo/EUPATH_0024012,What is the reason for moving,,value,,,,SouthernAfrica,,,,,,,,,
http://purl.obolibrary.org/obo/EUPATH_0024132,Bed nets are not available,7,mc_why_no_bednet___7,hhmembers_CS_for_upload,,Participant,Reason for no household bednets,http://purl.obolibrary.org/obo/EUPATH_0024141,"Q16. If none, what is the reason you do not have a bed net in your house? 7. Bed nets are not available",,value,,,,SouthernAfrica,,,,,,,,,
http://purl.obolibrary.org/obo/EUPATH_0024136,Cannot hang it over my sleeping place,11,mc_why_no_bednet___11,hhmembers_CS_for_upload,,Participant,Reason for no household bednets,http://purl.obolibrary.org/obo/EUPATH_0024141,"Q16. If none, what is the reason you do not have a bed net in your house? 11. Cannot hang it over my sleeping place",,value,,,,SouthernAfrica,,,,,,,,,
http://purl.obolibrary.org/obo/EUPATH_0024138,Change my sleeping place too often,13,mc_why_no_bednet___13,hhmembers_CS_for_upload,,Participant,Reason for no household bednets,http://purl.obolibrary.org/obo/EUPATH_0024141,"Q16. If none, what is the reason you do not have a bed net in your house? 13. Change my sleeping place too often",,value,,,,SouthernAfrica,,,,,,,,,
http://purl.obolibrary.org/obo/EUPATH_0024139,Don't know,14,mc_why_no_bednet___14,hhmembers_CS_for_upload,,Participant,Reason for no household bednets,http://purl.obolibrary.org/obo/EUPATH_0024141,"Q16. If none, what is the reason you do not have a bed net in your house? 14. Do not know",,value,,,,SouthernAfrica,,,,,,,,,
http://purl.obolibrary.org/obo/EUPATH_0024133,I do not know where to get a bed net,8,mc_why_no_bednet___8,hhmembers_CS_for_upload,,Participant,Reason for no household bednets,http://purl.obolibrary.org/obo/EUPATH_0024141,"Q16. If none, what is the reason you do not have a bed net in your house? 8. I do not know where to get a bed net",,value,,,,SouthernAfrica,,,,,,,,,
http://purl.obolibrary.org/obo/EUPATH_0024128,It does not protect against mosquitoes,3,mc_why_no_bednet___3,hhmembers_CS_for_upload,,Participant,Reason for no household bednets,http://purl.obolibrary.org/obo/EUPATH_0024141,"Q16. If none, what is the reason you do not have a bed net in your house? 3. It does not protect against mosquitoes",,value,,,,SouthernAfrica,,,,,,,,,
http://purl.obolibrary.org/obo/EUPATH_0024135,It is not the rainy or malaria season,10,mc_why_no_bednet___10,hhmembers_CS_for_upload,,Participant,Reason for no household bednets,http://purl.obolibrary.org/obo/EUPATH_0024141,"Q16. If none, what is the reason you do not have a bed net in your house? 10. It is not the rainy or malaria season",,value,,,,SouthernAfrica,,,,,,,,,
http://purl.obolibrary.org/obo/EUPATH_0024130,It is only for children/pregnant women,5,mc_why_no_bednet___5,hhmembers_CS_for_upload,,Participant,Reason for no household bednets,http://purl.obolibrary.org/obo/EUPATH_0024141,"Q16. If none, what is the reason you do not have a bed net in your house? 5. It is only for children/pregnant women",,value,,,,SouthernAfrica,,,,,,,,,
http://purl.obolibrary.org/obo/EUPATH_0024131,It is too expensive,6,mc_why_no_bednet___6,hhmembers_CS_for_upload,,Participant,Reason for no household bednets,http://purl.obolibrary.org/obo/EUPATH_0024141,"Q16. If none, what is the reason you do not have a bed net in your house? 6. It is too expensive",,value,,,,SouthernAfrica,,,,,,,,,
http://purl.obolibrary.org/obo/EUPATH_0024126,It is too hot under the net,1,mc_why_no_bednet___1,hhmembers_CS_for_upload,,Participant,Reason for no household bednets,http://purl.obolibrary.org/obo/EUPATH_0024141,"Q16. If none, what is the reason you do not have a bed net in your house? 1. It is too hot under the net",,value,,,,SouthernAfrica,,,,,,,,,
http://purl.obolibrary.org/obo/EUPATH_0024129,No mosquitoes around,4,mc_why_no_bednet___4,hhmembers_CS_for_upload,,Participant,Reason for no household bednets,http://purl.obolibrary.org/obo/EUPATH_0024141,"Q16. If none, what is the reason you do not have a bed net in your house? 4. No mosquitoes around",,value,,,,SouthernAfrica,,,,,,,,,
http://purl.obolibrary.org/obo/EUPATH_0024140,Other,15,mc_why_no_bednet___15,hhmembers_CS_for_upload,,Participant,Reason for no household bednets,http://purl.obolibrary.org/obo/EUPATH_0024141,"Q16. If none, what is the reason you do not have a bed net in your house? 15. Other",,value,,,,SouthernAfrica,,,,,,,,,
http://purl.obolibrary.org/obo/EUPATH_0024137,Sleep outside,12,mc_why_no_bednet___12,hhmembers_CS_for_upload,,Participant,Reason for no household bednets,http://purl.obolibrary.org/obo/EUPATH_0024141,"Q16. If none, what is the reason you do not have a bed net in your house? 12. Sleep outside",,value,,,,SouthernAfrica,,,,,,,,,
http://purl.obolibrary.org/obo/EUPATH_0024134,There are not enough bed nets for everyone,9,mc_why_no_bednet___9,hhmembers_CS_for_upload,,Participant,Reason for no household bednets,http://purl.obolibrary.org/obo/EUPATH_0024141,"Q16. If none, what is the reason you do not have a bed net in your house? 9. There are not enough bed nets for everyone",,value,,,,SouthernAfrica,,,,,,,,,
http://purl.obolibrary.org/obo/EUPATH_0024127,There is not enough space under the next,2,mc_why_no_bednet___2,hhmembers_CS_for_upload,,Participant,Reason for no household bednets,http://purl.obolibrary.org/obo/EUPATH_0024141,"Q16. If none, what is the reason you do not have a bed net in your house? 2. There is not enough space under the next",,value,,,,SouthernAfrica,,,,,,,,,
http://purl.obolibrary.org/obo/EUPATH_0024152,Cannot hang it over my sleeping place,10,chld_mc_why_no_bednet___10 | mc_no_sleep_bednet___10,hhmembers_CS_for_upload,,Participant,Reason for not using a bednet,http://purl.obolibrary.org/obo/EUPATH_0024158,"Q18. If NO, why not? 10. Cannot hang it over my sleeping place",,value,,,,SouthernAfrica,,,,,,,,,
http://purl.obolibrary.org/obo/EUPATH_0024154,Change my sleeping place too often,12,mc_no_sleep_bednet___12 | chld_mc_why_no_bednet___12,hhmembers_CS_for_upload,,Participant,Reason for not using a bednet,http://purl.obolibrary.org/obo/EUPATH_0024158,"Q18. If NO, why not? 12. Change my sleeping place too often",,value,,,,SouthernAfrica,,,,,,,,,
http://purl.obolibrary.org/obo/EUPATH_0024156,Don't know,14,mc_no_sleep_bednet___14 | chld_mc_why_no_bednet___14,hhmembers_CS_for_upload,,Participant,Reason for not using a bednet,http://purl.obolibrary.org/obo/EUPATH_0024158,"Q18. If NO, why not? 14. Do not know",,value,,,,SouthernAfrica,,,,,,,,,
http://purl.obolibrary.org/obo/EUPATH_0024147,It does not protect against mosquitoes,5,mc_no_sleep_bednet___5 | chld_mc_why_no_bednet___5,hhmembers_CS_for_upload,,Participant,Reason for not using a bednet,http://purl.obolibrary.org/obo/EUPATH_0024158,"Q18. If NO, why not? 5. It does not protect against mosquitoes",,value,,,,SouthernAfrica,,,,,,,,,
http://purl.obolibrary.org/obo/EUPATH_0024149,It is for only children and pregnant women,7,mc_no_sleep_bednet___7,hhmembers_CS_for_upload,,Participant,Reason for not using a bednet,http://purl.obolibrary.org/obo/EUPATH_0024158,"Q18. If NO, why not? 7. It is for only children and pregnant women",,value,,,,SouthernAfrica,,,,,,,,,
http://purl.obolibrary.org/obo/EUPATH_0024151,It is not the rainy or malaria season,9,chld_mc_why_no_bednet___9 | mc_no_sleep_bednet___9,hhmembers_CS_for_upload,,Participant,Reason for not using a bednet,http://purl.obolibrary.org/obo/EUPATH_0024158,"Q18. If NO, why not? 9. It is not the rainy or malaria season",,value,,,,SouthernAfrica,,,,,,,,,
http://purl.obolibrary.org/obo/EUPATH_0024150,It is too expensive,8,chld_mc_why_no_bednet___8 | mc_no_sleep_bednet___8,hhmembers_CS_for_upload,,Participant,Reason for not using a bednet,http://purl.obolibrary.org/obo/EUPATH_0024158,"Q18. If NO, why not? 8. It is too expensive",,value,,,,SouthernAfrica,,,,,,,,,
http://purl.obolibrary.org/obo/EUPATH_0024143,It is too hot under the net,1,chld_mc_why_no_bednet___1 | mc_no_sleep_bednet___1,hhmembers_CS_for_upload,,Participant,Reason for not using a bednet,http://purl.obolibrary.org/obo/EUPATH_0024158,"Q18. If NO, why not? 1. It is too hot under the net",,value,,,,SouthernAfrica,,,,,,,,,
http://purl.obolibrary.org/obo/EUPATH_0024155,Net is itchy,13,chld_mc_why_no_bednet___13 | mc_no_sleep_bednet___13,hhmembers_CS_for_upload,,Participant,Reason for not using a bednet,http://purl.obolibrary.org/obo/EUPATH_0024158,"Q18. If NO, why not? 13. Net is itchy",,value,,,,SouthernAfrica,,,,,,,,,
http://purl.obolibrary.org/obo/EUPATH_0024144,"Net is old, dirty or needs to be retreated",2,mc_no_sleep_bednet___2 | chld_mc_why_no_bednet___2,hhmembers_CS_for_upload,,Participant,Reason for not using a bednet,http://purl.obolibrary.org/obo/EUPATH_0024158,"Q18. If NO, why not? 2. Net is old, dirty or needs to be retreated",,value,,,,SouthernAfrica,,,,,,,,,
http://purl.obolibrary.org/obo/EUPATH_0024148,No mosquitoes around,6,chld_mc_why_no_bednet___6 | mc_no_sleep_bednet___6,hhmembers_CS_for_upload,,Participant,Reason for not using a bednet,http://purl.obolibrary.org/obo/EUPATH_0024158,"Q18. If NO, why not? 6. No mosquitoes around",,value,,,,SouthernAfrica,,,,,,,,,
http://purl.obolibrary.org/obo/EUPATH_0024157,Other,15,chld_mc_why_no_bednet___15 | mc_no_sleep_bednet___15,hhmembers_CS_for_upload,,Participant,Reason for not using a bednet,http://purl.obolibrary.org/obo/EUPATH_0024158,"Q18. If NO, why not? 15. Other",,value,,,,SouthernAfrica,,,,,,,,,
http://purl.obolibrary.org/obo/EUPATH_0024153,Sleep outside,11,mc_no_sleep_bednet___11 | chld_mc_why_no_bednet___11,hhmembers_CS_for_upload,,Participant,Reason for not using a bednet,http://purl.obolibrary.org/obo/EUPATH_0024158,"Q18. If NO, why not? 11. Sleep outside",,value,,,,SouthernAfrica,,,,,,,,,
http://purl.obolibrary.org/obo/EUPATH_0024146,There are not enough bed nets for everyone,4,mc_no_sleep_bednet___4 | chld_mc_why_no_bednet___4,hhmembers_CS_for_upload,,Participant,Reason for not using a bednet,http://purl.obolibrary.org/obo/EUPATH_0024158,"Q18. If NO, why not? 4. There are not enough bed nets for everyone",,value,,,,SouthernAfrica,,,,,,,,,
http://purl.obolibrary.org/obo/EUPATH_0024145,There is not enough space under the net,3,chld_mc_why_no_bednet___3 | mc_no_sleep_bednet___3,hhmembers_CS_for_upload,,Participant,Reason for not using a bednet,http://purl.obolibrary.org/obo/EUPATH_0024158,"Q18. If NO, why not? 3. There is not enough space under the net",,value,,,,SouthernAfrica,,,,,,,,,
http://purl.obolibrary.org/obo/EUPATH_0024176,Did not want to move my household belongings outside,3,mc_refuse_spray_why___3,hhmembers_CS_for_upload,,Participant,Reason for refusing IRS,http://purl.obolibrary.org/obo/EUPATH_0024179,"Q24.2 If YES, why did you not have your house sprayed?3. Did not want to move my household belongings outside",,value,,,,SouthernAfrica,,,,,,,,,
http://purl.obolibrary.org/obo/EUPATH_0024175,Do not like the smell,2,mc_refuse_spray_why___2,hhmembers_CS_for_upload,,Participant,Reason for refusing IRS,http://purl.obolibrary.org/obo/EUPATH_0024179,"Q24.2 If YES, why did you not have your house sprayed?2. Do not like the smell",,value,,,,SouthernAfrica,,,,,,,,,
http://purl.obolibrary.org/obo/EUPATH_0024177,Do not think spraying works,4,mc_refuse_spray_why___4,hhmembers_CS_for_upload,,Participant,Reason for refusing IRS,http://purl.obolibrary.org/obo/EUPATH_0024179,"Q24.2 If YES, why did you not have your house sprayed?4. Do not think spraying works",,value,,,,SouthernAfrica,,,,,,,,,
http://purl.obolibrary.org/obo/EUPATH_0024178,Don't know,5,mc_refuse_spray_why___5,hhmembers_CS_for_upload,,Participant,Reason for refusing IRS,http://purl.obolibrary.org/obo/EUPATH_0024179,"Q24.2 If YES, why did you not have your house sprayed?5. Do not know",,value,,,,SouthernAfrica,,,,,,,,,
http://purl.obolibrary.org/obo/EUPATH_0024174,Not at home at the time of spraying,1,mc_refuse_spray_why___1,hhmembers_CS_for_upload,,Participant,Reason for refusing IRS,http://purl.obolibrary.org/obo/EUPATH_0024179,"Q24.2 If YES, why did you not have your house sprayed?1. Not at home at the time of spraying",,value,,,,SouthernAfrica,,,,,,,,,
http://purl.obolibrary.org/obo/EUPATH_0024192,Funeral,4,mv_travel_purpose___4,hhmembers_CS_for_upload,,Participant,Reason for travel,http://purl.obolibrary.org/obo/EUPATH_0024198,32.8 What was the purpose of your most recent travel?4. Funeral,,value,,,,SouthernAfrica,,,,,,,,,
http://purl.obolibrary.org/obo/EUPATH_0024196,Health care,8,mv_travel_purpose___8,hhmembers_CS_for_upload,,Participant,Reason for travel,http://purl.obolibrary.org/obo/EUPATH_0024198,32.8 What was the purpose of your most recent travel?8. Health Care,,value,,,,SouthernAfrica,,,,,,,,,
http://purl.obolibrary.org/obo/EUPATH_0024194,Holiday,6,mv_travel_purpose___6,hhmembers_CS_for_upload,,Participant,Reason for travel,http://purl.obolibrary.org/obo/EUPATH_0024198,32.8 What was the purpose of your most recent travel?6. Holiday,,value,,,,SouthernAfrica,,,,,,,,,
http://purl.obolibrary.org/obo/EUPATH_0024189,Job or formal work,1,mv_travel_purpose___1,hhmembers_CS_for_upload,,Participant,Reason for travel,http://purl.obolibrary.org/obo/EUPATH_0024198,32.8 What was the purpose of your most recent travel?1. Job or formal work,,value,,,,SouthernAfrica,,,,,,,,,
http://purl.obolibrary.org/obo/EUPATH_0024197,Other,9,mv_travel_purpose___9,hhmembers_CS_for_upload,,Participant,Reason for travel,http://purl.obolibrary.org/obo/EUPATH_0024198,32.8 What was the purpose of your most recent travel?9. Other,,value,,,,SouthernAfrica,,,,,,,,,
http://purl.obolibrary.org/obo/EUPATH_0024195,School,7,mv_travel_purpose___7,hhmembers_CS_for_upload,,Participant,Reason for travel,http://purl.obolibrary.org/obo/EUPATH_0024198,32.8 What was the purpose of your most recent travel?7. School,,value,,,,SouthernAfrica,,,,,,,,,
http://purl.obolibrary.org/obo/EUPATH_0024190,To buy or sell,2,mv_travel_purpose___2,hhmembers_CS_for_upload,,Participant,Reason for travel,http://purl.obolibrary.org/obo/EUPATH_0024198,32.8 What was the purpose of your most recent travel?2. To buy or sell,,value,,,,SouthernAfrica,,,,,,,,,
http://purl.obolibrary.org/obo/EUPATH_0024193,Visit family or friends,5,mv_travel_purpose___5,hhmembers_CS_for_upload,,Participant,Reason for travel,http://purl.obolibrary.org/obo/EUPATH_0024198,32.8 What was the purpose of your most recent travel?5. Visit family or friends,,value,,,,SouthernAfrica,,,,,,,,,
http://purl.obolibrary.org/obo/EUPATH_0024191,Wedding,3,mv_travel_purpose___3,hhmembers_CS_for_upload,,Participant,Reason for travel,http://purl.obolibrary.org/obo/EUPATH_0024198,32.8 What was the purpose of your most recent travel?3. Wedding,,value,,,,SouthernAfrica,,,,,,,,,
http://purl.obolibrary.org/obo/EUPATH_0024016,Reason for relocation,3,reside_diff_reason,hhmembers_CS_for_upload,The primary reason the participant lives in the other home,Participant,Relocation details,http://purl.obolibrary.org/obo/EUPATH_0023001,What is the primary reason the participant lives in the other home?,,variable,,,,SouthernAfrica,,,,,,,,,
http://purl.obolibrary.org/obo/EUPATH_0024014,Reside in multiple homes,1,reside_diff_home,hhmembers_CS_for_upload,Does the participant reside in another home during part of the year,Participant,Relocation details,http://purl.obolibrary.org/obo/EUPATH_0023001,Does this person reside in another home during part of the year,,variable,,,,SouthernAfrica,,,,,,,,,
http://purl.obolibrary.org/obo/EUPATH_0024015,Time in other home,2,reside_diff_months,hhmembers_CS_for_upload,Number of months the participant lives in the other home,Participant,Relocation details,http://purl.obolibrary.org/obo/EUPATH_0023001,How many months does the participant live in the other home?,,variable,,months,,SouthernAfrica,,,,,,,,,
http://purl.obolibrary.org/obo/OGMS_0000056,Laboratory test,,,,,Sample,Sample,http://purl.obolibrary.org/obo/EUPATH_0000609,,,category,,,,SouthernAfrica,,,,,,,,,
http://purl.obolibrary.org/obo/EUPATH_0024212,Blood in stool,3,chld_dia_blood | dia_blood,hhmembers_CS_for_upload,"If the participant had diarrhea in the past 2 weeks, was there blood in the stool",Participant,Signs and symptoms,http://purl.obolibrary.org/obo/EUPATH_0000309,Did you pass blood in the stool with the diarrhea?,,variable,,,,SouthernAfrica,,,,,,,,,
http://purl.obolibrary.org/obo/EUPATH_0024306,Dehydrated,6,chld_dia_dehyd,hhmembers_CS_for_upload,"If the participant had diarrhea within the past 2 weeks, were they dehydrated. Asked only of participants <16 years old",Participant,Signs and symptoms,http://purl.obolibrary.org/obo/EUPATH_0000309,Q29. Did your child have dehydration?,,variable,,,,SouthernAfrica,,,,,,,,,
http://purl.obolibrary.org/obo/EUPATH_0024213,Fever and diarrhea,4,chld_dia_fever | dia_fever,hhmembers_CS_for_upload,"If the participant had diarrhea in the past 2 weeks, was there also a fever",Participant,Signs and symptoms,http://purl.obolibrary.org/obo/EUPATH_0000309,Did you have fever with the diarrhea?,,variable,,,,SouthernAfrica,,,,,,,,,
http://purl.obolibrary.org/obo/EUPATH_0024304,Lethargic,7,chld_dia_lethargic,hhmembers_CS_for_upload,"If the participant had diarrhea within the past 2 weeks, were they lethargic or irritable. Asked only of participants <16 years old",Participant,Signs and symptoms,http://purl.obolibrary.org/obo/EUPATH_0000309,Q27. Was the child lethargic or irritable?,,variable,,,,SouthernAfrica,,,,,,,,,
http://purl.obolibrary.org/obo/EUPATH_0024305,Sunken eyes,8,chld_dia_sunken,hhmembers_CS_for_upload,"If the participant had diarrhea within the past 2 weeks, did they have sunken eyes. Asked only of participants <16 years old",Participant,Signs and symptoms,http://purl.obolibrary.org/obo/EUPATH_0000309,Q28. Did your child have sunken eyes?,,variable,,,,SouthernAfrica,,,,,,,,,
http://purl.obolibrary.org/obo/EUPATH_0024011,Symptoms in past day,1,,,Symptoms that occurred in the past day,Participant,Signs and symptoms,http://purl.obolibrary.org/obo/EUPATH_0000309,,,multifilter,,,,SouthernAfrica,,,,,,,,,
http://purl.obolibrary.org/obo/EUPATH_0024095,Symptoms in past two weeks,2,,,"Symptoms that occurred in the past two weeks, excluding the past day",Participant,Signs and symptoms,http://purl.obolibrary.org/obo/EUPATH_0000309,,,multifilter,,,,SouthernAfrica,,,,,,,,,
http://purl.obolibrary.org/obo/EUPATH_0024303,Thirsty,9,chld_dia_thirsty,hhmembers_CS_for_upload,"If the participant had diarrhea within the past 2 weeks, were they very thirsty. Asked only of participants <16 years old",Participant,Signs and symptoms,http://purl.obolibrary.org/obo/EUPATH_0000309,Q26. Was the child very thirsty?,,variable,,,,SouthernAfrica,,,,,,,,,
http://purl.obolibrary.org/obo/EUPATH_0024214,Vomiting and diarrhea,5,dia_vomit | chld_dia_vomit,hhmembers_CS_for_upload,"If the participant had diarrhea in the past 2 weeks, was there also vomiting",Participant,Signs and symptoms,http://purl.obolibrary.org/obo/EUPATH_0000309,Did you have vomiting with the diarrhea?,,variable,,,,SouthernAfrica,,,,,,,,,
http://purl.obolibrary.org/obo/EUPATH_0024084,Chills,1,symp_chills | chld_symp_chills,hhmembers_CS_for_upload,,Participant,Symptoms in past day,http://purl.obolibrary.org/obo/EUPATH_0024011,"Q5. In the past DAY, have you experienced any of the following symptoms? Chills",,value,,,,SouthernAfrica,,,,,,,,,
http://purl.obolibrary.org/obo/EUPATH_0024087,Cough,2,symp_cough | chld_symp_cough,hhmembers_CS_for_upload,,Participant,Symptoms in past day,http://purl.obolibrary.org/obo/EUPATH_0024011,"Q5. In the past DAY, have you experienced any of the following symptoms? Cough",,value,,,,SouthernAfrica,,,,,,,,,
http://purl.obolibrary.org/obo/EUPATH_0024086,Diarrhea,3,symp_diarrhea | chld_symp_diarrhea,hhmembers_CS_for_upload,,Participant,Symptoms in past day,http://purl.obolibrary.org/obo/EUPATH_0024011,"Q5. In the past DAY, have you experienced any of the following symptoms? Diarrhea (> 3 loose/watery stools in 24 hours)",,value,,,,SouthernAfrica,,,,,,,,,
http://purl.obolibrary.org/obo/EUPATH_0024082,Fever,4,symp_fever | chld_symp_fever,hhmembers_CS_for_upload,,Participant,Symptoms in past day,http://purl.obolibrary.org/obo/EUPATH_0024011,"Q5. In the past DAY, have you experienced any of the following symptoms?  Fever",,value,,,,SouthernAfrica,,,,,,,,,
http://purl.obolibrary.org/obo/EUPATH_0024083,Headache,5,chld_symp_headache | symp_headache,hhmembers_CS_for_upload,,Participant,Symptoms in past day,http://purl.obolibrary.org/obo/EUPATH_0024011,"Q5. In the past DAY, have you experienced any of the following symptoms? Headache",,value,,,,SouthernAfrica,,,,,,,,,
http://purl.obolibrary.org/obo/EUPATH_0024085,Vomiting,6,chld_symp_nausvom | symp_nausvom,hhmembers_CS_for_upload,,Participant,Symptoms in past day,http://purl.obolibrary.org/obo/EUPATH_0024011,"Q5. In the past DAY, have you experienced any of the following symptoms? Vomiting",,value,,,,SouthernAfrica,,,,,,,,,
http://purl.obolibrary.org/obo/EUPATH_0024091,Chills,1,illsymp_chills | chld_illsymp_chills,hhmembers_CS_for_upload,,Participant,Symptoms in past two weeks,http://purl.obolibrary.org/obo/EUPATH_0024095,"Q6. Excluding the past day, have you experienced any of the following symptoms in the past TWO WEEKS?  Chills",,value,,,,SouthernAfrica,,,,,,,,,
http://purl.obolibrary.org/obo/EUPATH_0024094,Cough,2,illsymp_cough | chld_illsymp_cough,hhmembers_CS_for_upload,,Participant,Symptoms in past two weeks,http://purl.obolibrary.org/obo/EUPATH_0024095,"Q6. Excluding the past day, have you experienced any of the following symptoms in the past TWO WEEKS?  Cough",,value,,,,SouthernAfrica,,,,,,,,,
http://purl.obolibrary.org/obo/EUPATH_0024093,Diarrhea,3,chld_illsymp_diarrhea | illsymp_diarrhea,hhmembers_CS_for_upload,,Participant,Symptoms in past two weeks,http://purl.obolibrary.org/obo/EUPATH_0024095,"Q6. Excluding the past day, have you experienced any of the following symptoms in the past TWO WEEKS?  Diarrhea (> 3 loose/watery stools in 24 hours)",,value,,,,SouthernAfrica,,,,,,,,,
http://purl.obolibrary.org/obo/EUPATH_0024089,Fever,4,chld_illsymp_fever | illsymp_fever,hhmembers_CS_for_upload,,Participant,Symptoms in past two weeks,http://purl.obolibrary.org/obo/EUPATH_0024095,"Q6. Excluding the past day, have you experienced any of the following symptoms in the past TWO WEEKS?  Fever",,value,,,,SouthernAfrica,,,,,,,,,
http://purl.obolibrary.org/obo/EUPATH_0024090,Headache,5,chld_illsymp_headache | illsymp_headache,hhmembers_CS_for_upload,,Participant,Symptoms in past two weeks,http://purl.obolibrary.org/obo/EUPATH_0024095,"Q6. Excluding the past day, have you experienced any of the following symptoms in the past TWO WEEKS?  Headache",,value,,,,SouthernAfrica,,,,,,,,,
http://purl.obolibrary.org/obo/EUPATH_0024092,Vomiting,6,illsymp_nausvom | chld_illsymp_nausvom,hhmembers_CS_for_upload,,Participant,Symptoms in past two weeks,http://purl.obolibrary.org/obo/EUPATH_0024095,"Q6. Excluding the past day, have you experienced any of the following symptoms in the past TWO WEEKS?  Vomiting",,value,,,,SouthernAfrica,,,,,,,,,
http://purl.obolibrary.org/obo/EUPATH_0024188,Nights slept elsewhere count,3,chld_mv_number_nights | mv_number_nights,hhmembers_CS_for_upload,"If slept elsewhere in last 4 weeks, number of nights away on most recent trip",Participant,Travel details,http://purl.obolibrary.org/obo/EUPATH_0000340,How many nights did you sleep away from your home while traveling on your most recent trip?,,variable,,,,SouthernAfrica,,,,,,,,,
http://purl.obolibrary.org/obo/EUPATH_0024205,Overnight lodgings,5,,,"If slept elsewhere in last 4 weeks, type of lodgings on most recent trip",Participant,Travel details,http://purl.obolibrary.org/obo/EUPATH_0000340,In which type of home did you sleep overnight?,,multifilter,,,,SouthernAfrica,,,,,,,,,
http://purl.obolibrary.org/obo/EUPATH_0024198,Reason for travel,4,,,Purpose of the most recent travel. Asked only of participants >= 16 years old,Participant,Travel details,http://purl.obolibrary.org/obo/EUPATH_0000340,What was the purpose of your most recent travel?,,multifilter,,,,SouthernAfrica,,,,,,,,,
http://purl.obolibrary.org/obo/EUPATH_0024186,Slept elsewhere in last 4 weeks,1,mv_did_sleep_away | chld_mv_did_sleep_away,hhmembers_CS_for_upload,Slept overnight in a location away from home in the past 4 weeks,Participant,Travel details,http://purl.obolibrary.org/obo/EUPATH_0000340,Did you sleep overnight in a location away from your home during the past 4 weeks?,,variable,,,,SouthernAfrica,,,,,,,,,
http://purl.obolibrary.org/obo/EUPATH_0024187,Trips in last 4 weeks count,2,chld_mv_number_trips | mv_number_trips,hhmembers_CS_for_upload,"If slept elsewhere in last 4 weeks, number of times traveled in last 4 weeks",Participant,Travel details,http://purl.obolibrary.org/obo/EUPATH_0000340,"If yes, how many times did you travel?",,variable,,,,SouthernAfrica,,,,,,,,,
http://purl.obolibrary.org/obo/EUPATH_0024114,Antimalarial medication source,4,,,Asked only of participants >= 16 years old,Participant,Treatment,http://purl.obolibrary.org/obo/OGMS_0000090,"If took anti-malaria medications in the last month, where did you get the medications for malaria?",,multifilter,,,,SouthernAfrica,,,,,,,,,
http://purl.obolibrary.org/obo/EUPATH_0024104,Antimalarial medications in past month,3,,,Medications that were taken for malaria in the past month,Participant,Treatment,http://purl.obolibrary.org/obo/OGMS_0000090,"If YES, what medications for malaria did you take",,multifilter,,,,SouthernAfrica,,,,,,,,,
http://purl.obolibrary.org/obo/EUPATH_0000740,Malaria treatment,5,rdt_treat_preg | chld_rdt_treat_child | rdt_treat_male | rdt_treat_not_preg,hhmembers_CS_for_upload,,Participant,Treatment,http://purl.obolibrary.org/obo/OGMS_0000090,"If the participant is RDT positive and male, he should be offered treatment with Coartem. If the participant is RDT positive and female and not pregnant, she should be offered treatment with Coartem. If the participant is pregnant she should be offered quinine and/or clindamycin",,variable,,,,SouthernAfrica,,,,,,,,,
http://purl.obolibrary.org/obo/EUPATH_0000410,Took antimalarial medication,1,meds_month_yn | chld_meds_month_yn,hhmembers_CS_for_upload,Took antimalarial medications in the last month,Participant,Treatment,http://purl.obolibrary.org/obo/OGMS_0000090,Q7. Have you taken any medications for malaria in the past MONTH?,,variable,,,,SouthernAfrica,,,,,,,,,
http://purl.obolibrary.org/obo/EUPATH_0024096,When antimalarial drugs were used,2,meds_when | chld_meds_when,hhmembers_CS_for_upload,,Participant,Treatment,http://purl.obolibrary.org/obo/OGMS_0000090,"Q8. If YES, when?",,variable,,,,SouthernAfrica,,,,,,,,,