IRI,label,displayOrder,variable,definition,codebookValues,parentLabel,parentIRI,termType,replaces
http://purl.obolibrary.org/obo/EUPATH_0000609,Sample,,,,,,http://www.w3.org/2002/07/owl#Thing,category,
http://purl.obolibrary.org/obo/EUPATH_0000611,Sample source,,,,,,http://www.w3.org/2002/07/owl#Thing,category,
http://purl.obolibrary.org/obo/OBI_0600047,Sequencing assay,,,,,,http://www.w3.org/2002/07/owl#Thing,category,
http://purl.obolibrary.org/obo/EUPATH_0000605,Study summary,,,,,,http://www.w3.org/2002/07/owl#Thing,category,
http://purl.obolibrary.org/obo/EUPATH_0009057,Age at first received apple (months),,compound_apple,,,Age at first received solid food or non-human milk (months),http://purl.obolibrary.org/obo/EUPATH_0009056,variable,
http://purl.obolibrary.org/obo/EUPATH_0009058,Age at first received banana (months),,compound_banana,,,Age at first received solid food or non-human milk (months),http://purl.obolibrary.org/obo/EUPATH_0009056,variable,
http://purl.obolibrary.org/obo/EUPATH_0009059,Age at first received barley (months),,compound_barley,,,Age at first received solid food or non-human milk (months),http://purl.obolibrary.org/obo/EUPATH_0009056,variable,
http://purl.obolibrary.org/obo/EUPATH_0009060,Age at first received beef (months),,compound_beef,,,Age at first received solid food or non-human milk (months),http://purl.obolibrary.org/obo/EUPATH_0009056,variable,
http://purl.obolibrary.org/obo/EUPATH_0009061,Age at first received beetroot (months),,,,,Age at first received solid food or non-human milk (months),http://purl.obolibrary.org/obo/EUPATH_0009056,,
http://purl.obolibrary.org/obo/EUPATH_0009062,Age at first received berries (months),,compound_berries,,,Age at first received solid food or non-human milk (months),http://purl.obolibrary.org/obo/EUPATH_0009056,variable,
http://purl.obolibrary.org/obo/EUPATH_0009063,Age at first received cabbs (months),,compound_cabbs,,,Age at first received solid food or non-human milk (months),http://purl.obolibrary.org/obo/EUPATH_0009056,variable,
http://purl.obolibrary.org/obo/EUPATH_0009064,Age at first received carrot (months),,compound_carrot,,,Age at first received solid food or non-human milk (months),http://purl.obolibrary.org/obo/EUPATH_0009056,variable,
http://purl.obolibrary.org/obo/EUPATH_0009065,Age at first received corn (months),,compound_corn,,,Age at first received solid food or non-human milk (months),http://purl.obolibrary.org/obo/EUPATH_0009056,variable,
http://purl.obolibrary.org/obo/EUPATH_0009066,Age at first received cowsmilk (months),,compound_cowsmilk,,,Age at first received solid food or non-human milk (months),http://purl.obolibrary.org/obo/EUPATH_0009056,variable,
http://purl.obolibrary.org/obo/EUPATH_0009067,Age at first received egg (months),,compound_egg,,,Age at first received solid food or non-human milk (months),http://purl.obolibrary.org/obo/EUPATH_0009056,variable,
http://purl.obolibrary.org/obo/EUPATH_0009068,Age at first received fish (months),,compound_fish,,,Age at first received solid food or non-human milk (months),http://purl.obolibrary.org/obo/EUPATH_0009056,variable,
http://purl.obolibrary.org/obo/EUPATH_0009069,Age at first received icecream (months),,,,,Age at first received solid food or non-human milk (months),http://purl.obolibrary.org/obo/EUPATH_0009056,,
http://purl.obolibrary.org/obo/EUPATH_0009070,Age at first received mango (months),,,,,Age at first received solid food or non-human milk (months),http://purl.obolibrary.org/obo/EUPATH_0009056,,
http://purl.obolibrary.org/obo/EUPATH_0009071,Age at first received milk products (months),,compound_milkprod,,,Age at first received solid food or non-human milk (months),http://purl.obolibrary.org/obo/EUPATH_0009056,variable,
http://purl.obolibrary.org/obo/EUPATH_0009072,Age at first received oat (months),,compound_oat,,,Age at first received solid food or non-human milk (months),http://purl.obolibrary.org/obo/EUPATH_0009056,variable,
http://purl.obolibrary.org/obo/EUPATH_0009073,Age at first received pear (months),,compound_pear,,,Age at first received solid food or non-human milk (months),http://purl.obolibrary.org/obo/EUPATH_0009056,variable,
http://purl.obolibrary.org/obo/EUPATH_0009074,Age at first received peas (months),,compound_peas,,,Age at first received solid food or non-human milk (months),http://purl.obolibrary.org/obo/EUPATH_0009056,variable,
http://purl.obolibrary.org/obo/EUPATH_0009075,Age at first received plum (months),,compound_plum,,,Age at first received solid food or non-human milk (months),http://purl.obolibrary.org/obo/EUPATH_0009056,variable,
http://purl.obolibrary.org/obo/EUPATH_0009076,Age at first received pork (months),,compound_pork,,,Age at first received solid food or non-human milk (months),http://purl.obolibrary.org/obo/EUPATH_0009056,variable,
http://purl.obolibrary.org/obo/EUPATH_0009077,Age at first received potato (months),,compound_potato,,,Age at first received solid food or non-human milk (months),http://purl.obolibrary.org/obo/EUPATH_0009056,variable,
http://purl.obolibrary.org/obo/EUPATH_0009078,Age at first received poultry (months),,compound_poultry,,,Age at first received solid food or non-human milk (months),http://purl.obolibrary.org/obo/EUPATH_0009056,variable,
http://purl.obolibrary.org/obo/EUPATH_0009079,Age at first received rice (months),,compound_rice,,,Age at first received solid food or non-human milk (months),http://purl.obolibrary.org/obo/EUPATH_0009056,variable,
http://purl.obolibrary.org/obo/EUPATH_0009080,Age at first received rye (months),,compound_rye,,,Age at first received solid food or non-human milk (months),http://purl.obolibrary.org/obo/EUPATH_0009056,variable,
http://purl.obolibrary.org/obo/EUPATH_0009081,Age at first received soymilk (months),,,,,Age at first received solid food or non-human milk (months),http://purl.obolibrary.org/obo/EUPATH_0009056,,
http://purl.obolibrary.org/obo/EUPATH_0009082,Age at first received spinach (months),,,,,Age at first received solid food or non-human milk (months),http://purl.obolibrary.org/obo/EUPATH_0009056,,
http://purl.obolibrary.org/obo/EUPATH_0009083,Age at first received sweet potato (months),,compound_sweetpota,,,Age at first received solid food or non-human milk (months),http://purl.obolibrary.org/obo/EUPATH_0009056,variable,
http://purl.obolibrary.org/obo/EUPATH_0009084,Age at first received tomato (months),,compound_tomato,,,Age at first received solid food or non-human milk (months),http://purl.obolibrary.org/obo/EUPATH_0009056,variable,
http://purl.obolibrary.org/obo/EUPATH_0009085,Age at first received turnip (months),,,,,Age at first received solid food or non-human milk (months),http://purl.obolibrary.org/obo/EUPATH_0009056,,
http://purl.obolibrary.org/obo/EUPATH_0009086,Age at first received wheat (months),,compound_wheat,,,Age at first received solid food or non-human milk (months),http://purl.obolibrary.org/obo/EUPATH_0009056,variable,
http://purl.obolibrary.org/obo/EUPATH_0009055,Age at BMI-for-age z-score measured (days),,agedays_zBMI_last,Age when the last BMI-for-age z-score was measured in days,,Anthropometry,http://purl.obolibrary.org/obo/EUPATH_0000649,variable,
http://purl.obolibrary.org/obo/EUPATH_0009053,Age at height-for-age z-score measured (days),,agedays_haz_last,Age when the last height-for-age z-score was measured in days,,Anthropometry,http://purl.obolibrary.org/obo/EUPATH_0000649,variable,
http://purl.obolibrary.org/obo/EUPATH_0009054,Age at weight-for-age z-score measured (days),,agedays_waz_last,Age when the last weight-for-age z-score was measured in days,,Anthropometry,http://purl.obolibrary.org/obo/EUPATH_0000649,variable,
http://purl.obolibrary.org/obo/EUPATH_0000662,BMI-for-age z-score,,zBMI_last,BMI-for-age z-score at the last measurement point,,Anthropometry,http://purl.obolibrary.org/obo/EUPATH_0000649,variable,
http://purl.obolibrary.org/obo/EuPathDB_0009032,Born stunted,,born stunted,whether the individual was born stunted (LAZ less than -2),,Anthropometry,http://purl.obolibrary.org/obo/EUPATH_0000649,variable,
http://purl.obolibrary.org/obo/EUPATH_0011894,Height-for-age z-score,,haz_last | HAZ,,,Anthropometry,http://purl.obolibrary.org/obo/EUPATH_0000649,variable,
http://purl.obolibrary.org/obo/EuPathDB_0009036,LAZ 1 month after sampling,,laz 1 month after sampling,Length-to-height Z-score 1 month after sampling,,Anthropometry,http://purl.obolibrary.org/obo/EUPATH_0000649,variable,
http://purl.obolibrary.org/obo/EuPathDB_0009037,LAZ 3 months after sampling,,laz 3 months after sampling,Length-to-height Z-score 3 months after sampling,,Anthropometry,http://purl.obolibrary.org/obo/EUPATH_0000649,variable,
http://purl.obolibrary.org/obo/EuPathDB_0009038,LAZ at enrollment,,laz at enrollment,Length-to-height Z-score at enrollment,,Anthropometry,http://purl.obolibrary.org/obo/EUPATH_0000649,variable,
http://purl.obolibrary.org/obo/EuPathDB_0009039,LAZ at sampling,,laz at sampling,Length-to-height Z-score at sampling,,Anthropometry,http://purl.obolibrary.org/obo/EUPATH_0000649,variable,
http://purl.obolibrary.org/obo/EUPATH_0009052,Linear growth during first year (cm),,length_growth_pace_during_year_one,"Linear growth during the first year of life, centimeters",,Anthropometry,http://purl.obolibrary.org/obo/EUPATH_0000649,variable,
http://purl.obolibrary.org/obo/EuPathDB_0009033,Severely stunted at sampling,,severely stunted at sampling,whether the individual was found severely stunted at sampling (LAZ less than -3),,Anthropometry,http://purl.obolibrary.org/obo/EUPATH_0000649,variable,
http://purl.obolibrary.org/obo/EuPathDB_0009034,Stunted 3 months after sampling,,stunted 3 months after sampling,whether the individual was found stunted 3 months after sampling (LAZ less than -2),,Anthropometry,http://purl.obolibrary.org/obo/EUPATH_0000649,variable,
http://purl.obolibrary.org/obo/EuPathDB_0009035,Stunted at sampling,,stunted at sampling,whether the individual was found severely stunted at sampling (LAZ less than -3),,Anthropometry,http://purl.obolibrary.org/obo/EUPATH_0000649,variable,
http://purl.obolibrary.org/obo/EUPATH_0009051,Weight gain during first year (kg),,weight_growth_pace_during_year_one,"Weight gain during the first year of life, kilograms",,Anthropometry,http://purl.obolibrary.org/obo/EUPATH_0000649,variable,
http://purl.obolibrary.org/obo/EUPATH_0000733,Weight-for-age z-score,,WAZ,,,Anthropometry,http://purl.obolibrary.org/obo/EUPATH_0000649,variable,
http://purl.obolibrary.org/obo/EUPATH_0011895,Weight-for-height z-score,,waz_last | WHZ,,,Anthropometry,http://purl.obolibrary.org/obo/EUPATH_0000649,variable,
http://purl.obolibrary.org/obo/EUPATH_0009050,Yearly average linear growth during first three years (cm/year),,length_growth_pace_during_three_years,"Average linear growth pace during first three years, centimeters / year",,Anthropometry,http://purl.obolibrary.org/obo/EUPATH_0000649,variable,
http://purl.obolibrary.org/obo/EUPATH_0009049,Yearly average weight gain during first three years (kg/year),,weight_growth_pace_during_three_years,"Average weight gain during first three years, kilograms / year",,Anthropometry,http://purl.obolibrary.org/obo/EUPATH_0000649,variable,
http://purl.obolibrary.org/obo/NCBITaxon_222,Achromobacter,,Achromobacter,,,Bacteria detected,http://purl.obolibrary.org/obo/EUPATH_0009104,value,
http://purl.obolibrary.org/obo/EUPATH_0009115,Achromobacter xyloxidans,,Achromobacter xyloxidans,,,Bacteria detected,http://purl.obolibrary.org/obo/EUPATH_0009104,value,
http://purl.obolibrary.org/obo/NCBITaxon_469,Acinetobacter,,Acinetobacter,,,Bacteria detected,http://purl.obolibrary.org/obo/EUPATH_0009104,value,
http://purl.bioontology.org/ontology/SNOMEDCT/83088009,Acinetobacter lwoffi,,Acinetobacter lwoffi,,,Bacteria detected,http://purl.obolibrary.org/obo/EUPATH_0009104,value,
http://purl.obolibrary.org/obo/NCBITaxon_95486,Burkholderia cenocepacia,,Burkholderia cenocepacia,,,Bacteria detected,http://purl.obolibrary.org/obo/EUPATH_0009104,value,
http://purl.obolibrary.org/obo/NCBITaxon_87883,Burkholderia multivorans,,Burkholderia multivorans,,,Bacteria detected,http://purl.obolibrary.org/obo/EUPATH_0009104,value,
http://purl.obolibrary.org/obo/NCBITaxon_59732,Chryseobacterium,,Chryseobacterium,,,Bacteria detected,http://purl.obolibrary.org/obo/EUPATH_0009104,value,
http://purl.obolibrary.org/obo/NCBITaxon_253,Chryseobacterium indologenes,,Chryseobacterium indologenes,,,Bacteria detected,http://purl.obolibrary.org/obo/EUPATH_0009104,value,
http://purl.obolibrary.org/obo/NCBITaxon_544,Citrobacter,,Citrobacter,,,Bacteria detected,http://purl.obolibrary.org/obo/EUPATH_0009104,value,
http://purl.obolibrary.org/obo/EUPATH_0009113,Citrobacter freundii,,Citrobacter freundii,,,Bacteria detected,http://purl.obolibrary.org/obo/EUPATH_0009104,value,
http://purl.obolibrary.org/obo/NCBITaxon_547,Enterobacter,,Enterobacter,,,Bacteria detected,http://purl.obolibrary.org/obo/EUPATH_0009104,value,
http://purl.obolibrary.org/obo/NCBITaxon_562,Escherichia coli,,Escherichia.coli,,,Bacteria detected,http://purl.obolibrary.org/obo/EUPATH_0009104,value,
http://purl.obolibrary.org/obo/NCBITaxon_724,Haemophilus,,Haemophilus,,,Bacteria detected,http://purl.obolibrary.org/obo/EUPATH_0009104,value,
http://purl.obolibrary.org/obo/EUPATH_0009118,Haemophilus influenza,,Haemophilus influenza,,,Bacteria detected,http://purl.obolibrary.org/obo/EUPATH_0009104,value,
http://purl.obolibrary.org/obo/NCBITaxon_570,Klebsiella,,Klebsiella,,,Bacteria detected,http://purl.obolibrary.org/obo/EUPATH_0009104,value,
http://purl.obolibrary.org/obo/NCBITaxon_571,Klebsiella oxytoca,,Klebsiella oxytoca,,,Bacteria detected,http://purl.obolibrary.org/obo/EUPATH_0009104,value,
http://purl.obolibrary.org/obo/EUPATH_0009114,Klebsiella pneumoniae,,Klebsiella pneumoniae,,,Bacteria detected,http://purl.obolibrary.org/obo/EUPATH_0009104,value,
http://purl.obolibrary.org/obo/ARO_3004306,Methicillin resistant Staphylococcus aureus,,methicillin resistant Staphylococcus aureus (MRSA),,,Bacteria detected,http://purl.obolibrary.org/obo/EUPATH_0009104,value,
http://purl.obolibrary.org/obo/EUPATH_0009096,Methicillin sensitive Staphylococcus aureus,,methicillin sensitive Staphylococcus aureus,,,Bacteria detected,http://purl.obolibrary.org/obo/EUPATH_0009104,value,
http://purl.obolibrary.org/obo/EUPATH_0009119,Methicillin sensitive Staphylococcus aureus (prelim),,MSSA (prelim),,,Bacteria detected,http://purl.obolibrary.org/obo/EUPATH_0009104,value,
http://purl.obolibrary.org/obo/EUPATH_0009116,Mycobacterium abcessus,,Mycobacterium abcessus,,,Bacteria detected,http://purl.obolibrary.org/obo/EUPATH_0009104,value,
http://purl.obolibrary.org/obo/NCBITaxon_487,Neisseria meningitidis,,Neisseria meningitidis,,,Bacteria detected,http://purl.obolibrary.org/obo/EUPATH_0009104,value,
http://purl.obolibrary.org/obo/NCBITaxon_1817,Nocardia,,Nocardia,,,Bacteria detected,http://purl.obolibrary.org/obo/EUPATH_0009104,value,
http://purl.obolibrary.org/obo/NCBITaxon_286,Pseudomonas,,Pseudomonas,,,Bacteria detected,http://purl.obolibrary.org/obo/EUPATH_0009104,value,
http://purl.obolibrary.org/obo/EUPATH_0009105,Pseudomonas (mucoid),,Pseudomonas (mucoid),,,Bacteria detected,http://purl.obolibrary.org/obo/EUPATH_0009104,value,
http://purl.obolibrary.org/obo/EUPATH_0009106,Pseudomonas (nonmucoid),,Pseudomonas (nonmucoid),,,Bacteria detected,http://purl.obolibrary.org/obo/EUPATH_0009104,value,
http://purl.obolibrary.org/obo/EUPATH_0009120,Pseudomonas (prelim),,Pseudomonas (prelim),,,Bacteria detected,http://purl.obolibrary.org/obo/EUPATH_0009104,value,
http://purl.obolibrary.org/obo/NCBITaxon_47886,Pseudomonas luteola,,Pseudomonas luteola,,,Bacteria detected,http://purl.obolibrary.org/obo/EUPATH_0009104,value,
http://purl.obolibrary.org/obo/NCBITaxon_303,Pseudomonas putida,,Pseudomonas putida,,,Bacteria detected,http://purl.obolibrary.org/obo/EUPATH_0009104,value,
http://purl.obolibrary.org/obo/NCBITaxon_613,Serratia,,Serratia,,,Bacteria detected,http://purl.obolibrary.org/obo/EUPATH_0009104,value,
http://purl.obolibrary.org/obo/EUPATH_0009109,Serratia liquifaciens,,Serratia liquifaciens,,,Bacteria detected,http://purl.obolibrary.org/obo/EUPATH_0009104,value,
http://purl.obolibrary.org/obo/EUPATH_0009110,Serratia marcescens,,Serratia marcescens,,,Bacteria detected,http://purl.obolibrary.org/obo/EUPATH_0009104,value,
http://purl.obolibrary.org/obo/EUPATH_0009112,Shewanella putrifaciens,,Shewanella putrifaciens,,,Bacteria detected,http://purl.obolibrary.org/obo/EUPATH_0009104,value,
http://purl.obolibrary.org/obo/NCBITaxon_1279,Staphylococcus,,Staphylococcus,,,Bacteria detected,http://purl.obolibrary.org/obo/EUPATH_0009104,value,
http://purl.obolibrary.org/obo/NCBITaxon_40323,Stenotrophomonas,,Stenotrophomonas,,,Bacteria detected,http://purl.obolibrary.org/obo/EUPATH_0009104,value,
http://purl.obolibrary.org/obo/NCBITaxon_1313,Streptococcus pneumoniae,,Streptococcus pneumoniae,,,Bacteria detected,http://purl.obolibrary.org/obo/EUPATH_0009104,value,
http://purl.obolibrary.org/obo/NCBITaxon_1314,Streptococcus pyogenes,,Streptococcus pyogenes,,,Bacteria detected,http://purl.obolibrary.org/obo/EUPATH_0009104,value,
http://purl.obolibrary.org/obo/EUPATH_0009038,Breastfed duration (days),,bf_length,"Length of breastfeeding in days, i.e. total days of breastfeeding until weaning",,Breastfeeding,http://purl.obolibrary.org/obo/EUPATH_0011730,variable,
http://purl.obolibrary.org/obo/EUPATH_0009039,Exclusive breastfed duration (days),,bf_length_exclusive,"Length of exclusive breastfeeding, i.e. days until infant was introduced to solid food(s)",,Breastfeeding,http://purl.obolibrary.org/obo/EUPATH_0011730,variable,
http://purl.obolibrary.org/obo/EuPathDB_0009040,Mean daily feeds at breast,,mean daily feeds at breast,Mean daily feeds at breast in the observation window,,Breastfeeding,http://purl.obolibrary.org/obo/EUPATH_0011730,variable,
http://purl.obolibrary.org/obo/EUPATH_0000494,Dwelling ID,,house,,,Built-environment,http://purl.obolibrary.org/obo/ENVO_00000070,variable,
http://purl.obolibrary.org/obo/CHEBI_2955,Azithromycin,,Azithromycin,,,Chronic maintenance therapy,http://purl.obolibrary.org/obo/EUPATH_0009093,value,
http://purl.obolibrary.org/obo/CHEBI_161680,Aztreonam,,Aztreonam,,,Chronic maintenance therapy,http://purl.obolibrary.org/obo/EUPATH_0009093,value,
http://purl.obolibrary.org/obo/CHEBI_37943,Colistin,,Colistin,,,Chronic maintenance therapy,http://purl.obolibrary.org/obo/EUPATH_0009093,value,
http://purl.obolibrary.org/obo/DRON_00018567,Dornase,,Dornase,,,Chronic maintenance therapy,http://purl.obolibrary.org/obo/EUPATH_0009093,value,
http://purl.obolibrary.org/obo/CHEBI_28864,Tobramycin,,Tobramycin,,,Chronic maintenance therapy,http://purl.obolibrary.org/obo/EUPATH_0009093,value,
http://purl.obolibrary.org/obo/EUPATH_0000580,Antibiotic exposure,,antiexposedall,was the host exposed to antibiotics?,,Clinical history,http://purl.obolibrary.org/obo/OGMS_0000015,variable,
http://purl.obolibrary.org/obo/EUPATH_0000582,Antibiotics,,abx_name,,,Clinical history,http://purl.obolibrary.org/obo/OGMS_0000015,variable,
http://purl.obolibrary.org/obo/EUPATH_0009123,Antifungal exposure,,Antifungal exposure,,,Clinical history,http://purl.obolibrary.org/obo/OGMS_0000015,variable,
http://purl.obolibrary.org/obo/EUPATH_0009124,Antifungals,,Antifungals,,,Clinical history,http://purl.obolibrary.org/obo/OGMS_0000015,variable,
http://purl.obolibrary.org/obo/HP_0032319,Clinical status,,Clinical Status,,,Clinical history,http://purl.obolibrary.org/obo/OGMS_0000015,variable,
http://purl.obolibrary.org/obo/EUPATH_0000492,Courses of antibiotics,,course_num,the number of courses of antibiotics received by the human or animal,,Clinical history,http://purl.obolibrary.org/obo/OGMS_0000015,variable,
http://purl.obolibrary.org/obo/EuPathDB_0009054,Days on antibiotics,,days on antibiotics,number of days spent under antibiotics treatment,,Clinical history,http://purl.obolibrary.org/obo/OGMS_0000015,variable,
http://purl.obolibrary.org/obo/EuPathDB_0009055,Days since last diarrheal episode,,days since last diarrheal episode,number of days since last diarrheal episode,,Clinical history,http://purl.obolibrary.org/obo/OGMS_0000015,variable,
http://purl.obolibrary.org/obo/EUPATH_0009033,Diabetes-associated autoantibodies measurement,,,,,Clinical history,http://purl.obolibrary.org/obo/OGMS_0000015,category,
http://purl.obolibrary.org/obo/EUPATH_0022067,Diagnosis history,,,,,Clinical history,http://purl.obolibrary.org/obo/OGMS_0000015,category,
http://purl.obolibrary.org/obo/EUPATH_0036493,Maternal clinical history,,,,,Clinical history,http://purl.obolibrary.org/obo/OGMS_0000015,category,
http://purl.obolibrary.org/obo/EUPATH_0000497,Mom's courses of delivery antibiotics,,mom_courses_ofdeliveryabx,Number of courses of antibiotics received by mom prior to delivery,,Clinical history,http://purl.obolibrary.org/obo/OGMS_0000015,variable,
http://purl.obolibrary.org/obo/EUPATH_0009121,Peri-natal antibiotics given,,abx_pmp_all,,,Clinical history,http://purl.obolibrary.org/obo/OGMS_0000015,variable,MICRO_0000463
http://purl.obolibrary.org/obo/EUPATH_0000599,Prenatal antibiotics (yes/no),,mom_prenatal_abx,boolean for mom given prenatal antibiotics,,Clinical history,http://purl.obolibrary.org/obo/OGMS_0000015,variable,
http://purl.obolibrary.org/obo/EUPATH_0000600,Prenatal antibotics (by class),,mom_prenatal_abx_class,class of antibiotics given to mom,,Clinical history,http://purl.obolibrary.org/obo/OGMS_0000015,variable,
http://purl.obolibrary.org/obo/EUPATH_0000601,Prenatal antibotics (by trimester),,mom_prenatal_abx_trimester,Trimester antibiotics given to mom,,Clinical history,http://purl.obolibrary.org/obo/OGMS_0000015,variable,
http://purl.obolibrary.org/obo/EUPATH_0009045,Glutamic acid decarboxylase antibodies positive,,GADA,Child has measured positive for Glutamic acid decarboxylase antibodies (GADA),,Diabetes-associated autoantibodies measurement,http://purl.obolibrary.org/obo/EUPATH_0009033,variable,
http://purl.obolibrary.org/obo/EUPATH_0009044,Insulin autoantibodies positive,,IAA,Child has measured positive for insulin autoantibodies (IAA),,Diabetes-associated autoantibodies measurement,http://purl.obolibrary.org/obo/EUPATH_0009033,variable,
http://purl.obolibrary.org/obo/EUPATH_0009046,Insulinoma-associated protein 2 autoantibody positive,,IA2A,Child has measured positive for insulinoma-associated protein 2 autoantibody (IA2A),,Diabetes-associated autoantibodies measurement,http://purl.obolibrary.org/obo/EUPATH_0009033,variable,
http://purl.obolibrary.org/obo/EUPATH_0009048,Islet cell autoantibodies positive,,ICA,Child has measured positive for Islet cell autoantibodies (ICA),,Diabetes-associated autoantibodies measurement,http://purl.obolibrary.org/obo/EUPATH_0009033,variable,
http://purl.obolibrary.org/obo/EUPATH_0009047,Zinc transporter 8 autoantibody positive,,ZNT8A,Child has measured positive for Zinc transporter 8 autoantibody (ZnT8A),,Diabetes-associated autoantibodies measurement,http://purl.obolibrary.org/obo/EUPATH_0009033,variable,
http://purl.obolibrary.org/obo/EUPATH_0009042,Age at diagnosis of type 1 diabetes,,age_at_t1d_onset,Age when the child was dianosed type 1 diabetes,,Diagnosis history,http://purl.obolibrary.org/obo/EUPATH_0022067,variable,
http://purl.obolibrary.org/obo/EUPATH_0009041,Age at two autoantibodies positive,,age_second_pos,"Age when two different autoantibodies were measured positive, i.e. Seroconversion",,Diagnosis history,http://purl.obolibrary.org/obo/EUPATH_0022067,variable,
http://purl.obolibrary.org/obo/EUPATH_0009037,"HLA risk, by HLA haplotyping",,HLA_risk_class,"HLA (human leukocyte antigen) risk class for T1D and autoimmunity determined by HLA haplotyping, value between 1-4, 1=slightly increase risk, 4=high risk",,Diagnosis history,http://purl.obolibrary.org/obo/EUPATH_0022067,variable,
http://purl.obolibrary.org/obo/EUPATH_0009043,Type 1 diabetes diagnosed,,t1d_diagnosed,"Type 1 diabetes diagnosed, TRUE/FALSE",,Diagnosis history,http://purl.obolibrary.org/obo/EUPATH_0022067,variable,
http://purl.obolibrary.org/obo/EuPathDB_0009041,Mean duration of Campylobacter-neg diarrheal episodes (days),,mean duration of campylobacter-negative diarrheal episodes in days,"mean duration of campylobacter-negative diarrheal episodes in the observation window, in days",,Diarrheal episodes,http://purl.obolibrary.org/obo/EUPATH_0010016,variable,
http://purl.obolibrary.org/obo/EuPathDB_0009042,Mean duration of Campylobacter-pos diarrheal episodes (days),,mean duration of campylobacter-positive diarrheal episodes in days,"mean duration of campylobacter-positive diarrheal episodes in the observation window, in days",,Diarrheal episodes,http://purl.obolibrary.org/obo/EUPATH_0010016,variable,
http://purl.obolibrary.org/obo/EuPathDB_0009043,Mean duration of diarrheal episodes (days),,mean duration of diarrheal episodes in days,"mean duration of diarrheal episodes in the observation window, in days",,Diarrheal episodes,http://purl.obolibrary.org/obo/EUPATH_0010016,variable,
http://purl.obolibrary.org/obo/EuPathDB_0009044,Mean severity of Campylobacter-neg diarrheal episodes,,mean severity of campylobacter-negative diarrheal episodes,"mean severity of campylobacter-negative diarrheal episodes in the observation window, assessed using a community diarrheal assessment score",,Diarrheal episodes,http://purl.obolibrary.org/obo/EUPATH_0010016,variable,
http://purl.obolibrary.org/obo/EuPathDB_0009045,Mean severity of Campylobacter-pos diarrheal episodes,,mean severity of campylobacter-positive diarrheal episodes,"mean severity of campylobacter-positive diarrheal episodes in the observation window, assessed using a community diarrheal assessment score",,Diarrheal episodes,http://purl.obolibrary.org/obo/EUPATH_0010016,variable,
http://purl.obolibrary.org/obo/EuPathDB_0009046,Mean severity of diarrheal episodes,,mean severity of diarrheal episodes,"mean severity of diarrheal episodes in the observation window, assessed using a community diarrheal assessment score",,Diarrheal episodes,http://purl.obolibrary.org/obo/EUPATH_0010016,variable,
http://purl.obolibrary.org/obo/EuPathDB_0009047,Number of Campylobacter-neg diarrheal episodes,,number of campylobacter-negative diarrheal episodes,number of campylobacter-negative diarrheal episodes in the observation window,,Diarrheal episodes,http://purl.obolibrary.org/obo/EUPATH_0010016,variable,
http://purl.obolibrary.org/obo/EuPathDB_0009048,Number of Campylobacter-pos diarrheal episodes,,number of campylobacter-positive diarrheal episodes,number of campylobacter-positive diarrheal episodes in the observation window,,Diarrheal episodes,http://purl.obolibrary.org/obo/EUPATH_0010016,variable,
http://purl.obolibrary.org/obo/EuPathDB_0009049,Number of diarrheal episodes,,number of diarrheal episodes,number of diarrheal episodes in the observation window,,Diarrheal episodes,http://purl.obolibrary.org/obo/EUPATH_0010016,variable,
http://purl.obolibrary.org/obo/EUPATH_0009056,Age at first received solid food or non-human milk (months),,compound_solid_start_approx,Approximate age in months when the child first received solid food or non-human milk.,,Diet,http://purl.obolibrary.org/obo/EUPATH_0011732,variable,
http://purl.obolibrary.org/obo/EUPATH_0009100,Breast milk by percent volume,,Breast milk by percent volume,,,Diet,http://purl.obolibrary.org/obo/EUPATH_0011732,variable,
http://purl.obolibrary.org/obo/EUPATH_0011678,Different food groups consumed,,number of who food groups,"Sum of food groups consumed yesterday, based on WHO diet diversity for all children. Values ranged from 0-7. The 7 foods groups used for tabulation of this indicator were: (a) grains, roots and tubers; (b) legumes and nuts; (c) dairy products (milk, yogurt, cheese); (d) flesh foods (meat, fish, poultry and liver/organ meats); (e) eggs; (f) vitamin-A rich fruits and vegetables; (g) other fruits and vegetables. Qualitative dietary diversity was assessed on a monthly basis up to and including 8 months of age.",,Diet,http://purl.obolibrary.org/obo/EUPATH_0011732,variable,
http://purl.obolibrary.org/obo/ENVO_00000070,Built-environment,,,MIxS environmental package,,Environment information,http://purl.obolibrary.org/obo/EUPATH_0000587,category,
http://purl.obolibrary.org/obo/ENVO_00000428,Environment (biome),,env_biome,"Biomes are defined based on factors such as plant structures, leaf types, plant spacing, and other factors like climate. Biome should be treated as the descriptor of the broad ecological context of a sample. Examples include: desert, taiga, deciduous wood",,Environment information,http://purl.obolibrary.org/obo/EUPATH_0000587,variable,
http://purl.obolibrary.org/obo/ENVO_00010483,Environment (material),,env_matter,"The environmental material level refers to the material that was displaced by the sample, or material in which a sample was embedded, prior to the sampling event. Environmental material terms are generally mass nouns. Examples include: air, soil, or water",,Environment information,http://purl.obolibrary.org/obo/EUPATH_0000587,variable,
http://purl.obolibrary.org/obo/ENVO_00002297,Local environment,,env_feature,"Environmental feature level includes geographic environmental features. Compared to biome, feature is a descriptor of the more local environment. Examples include: harbor, cliff, or lake. EnvO (v 2013-06-14) terms can be found via the link: www.environmentontology.org",,Environment information,http://purl.obolibrary.org/obo/EUPATH_0000587,variable,
http://purl.obolibrary.org/obo/NCBITaxon_5067,Aspergillus,,Aspergillus,,,Fungus detected,http://purl.obolibrary.org/obo/EUPATH_0009108,value,
http://purl.obolibrary.org/obo/NCBITaxon_5476,Candida albicans,,Candida albicans,,,Fungus detected,http://purl.obolibrary.org/obo/EUPATH_0009108,value,
http://purl.obolibrary.org/obo/EUPATH_0000452,"City, village, or region",,village | Location,"The geographical origin of the sample as defined by the country or sea name followed by specific region name. Country or sea names should be chosen from the INSDC country list (http://insdc.org/country.html), or the GAZ ontology (v 1.512)  (http://purl.bioontology.org/ontology/GAZ)",,Geographic location,http://purl.obolibrary.org/obo/GAZ_00000448,variable,
http://purl.obolibrary.org/obo/ENVO_00000004,Country,,geo_loc_name | country name | country,,,Geographic location,http://purl.obolibrary.org/obo/GAZ_00000448,variable,OBI_0001627
http://purl.obolibrary.org/obo/EUPATH_0000578,Depth,,depth,"depth is defined as the vertical distance below local surface, e.g. for sediment or soil samples depth is measured from sediment or soil surface, respectivly. Depth can be reported as an interval for subsurface samples",,Geographic location,http://purl.obolibrary.org/obo/GAZ_00000448,variable,
http://purl.obolibrary.org/obo/ENVO_00000176,Elevation (feet),,elevation,the elevation of the sampling site as measured by the vertical distance from mean sea level,,Geographic location,http://purl.obolibrary.org/obo/GAZ_00000448,variable,
http://purl.obolibrary.org/obo/OBI_0001620,Latitude (degrees),,latitude coordinate measurement datum | latitude,,,Geographic location,http://purl.obolibrary.org/obo/GAZ_00000448,variable,
http://purl.obolibrary.org/obo/OBI_0001621,Longitude (degrees),,longitude coordinate measurement datum | longitude,,,Geographic location,http://purl.obolibrary.org/obo/GAZ_00000448,variable,
http://purl.obolibrary.org/obo/EUPATH_0011928,Urban or rural site,,birth_location,"Location of the household when the child was born, urban or rural",,Geographic location,http://purl.obolibrary.org/obo/GAZ_00000448,variable,
http://purl.obolibrary.org/obo/EUPATH_0000512,Host common name,,species common name | host_common_name,"common name of the host, e.g. human",,Host information,http://purl.obolibrary.org/obo/EUPATH_0000589,variable,
http://purl.obolibrary.org/obo/EUPATH_0009019,Host genus,,genus,,,Host information,http://purl.obolibrary.org/obo/EUPATH_0000589,variable,
http://purl.obolibrary.org/obo/OBI_0100026,Host organism,,,"scientific name of the host, e.g. homo sapiens",,Host information,http://purl.obolibrary.org/obo/EUPATH_0000589,,
http://purl.obolibrary.org/obo/EUPATH_0009024,Host species,,species,,,Host information,http://purl.obolibrary.org/obo/EUPATH_0000589,variable,
http://purl.obolibrary.org/obo/EUPATH_0009020,Host subspecies,,subspecies,,,Host information,http://purl.obolibrary.org/obo/EUPATH_0000589,variable,
http://purl.obolibrary.org/obo/EUPATH_0000087,Household information,,,,,Host information,http://purl.obolibrary.org/obo/EUPATH_0000589,category,
http://purl.obolibrary.org/obo/EUPATH_0000612,Human or Animal,,,MIxS environmental package,,Host information,http://purl.obolibrary.org/obo/EUPATH_0000589,category,
http://purl.obolibrary.org/obo/EUPATH_0000595,Child occupants,,number_children,,,Household information,http://purl.obolibrary.org/obo/EUPATH_0000087,variable,
http://purl.obolibrary.org/obo/EUPATH_0000493,Family ID,,family id | family,,,Household information,http://purl.obolibrary.org/obo/EUPATH_0000087,variable,
http://purl.obolibrary.org/obo/EUPATH_0000588,Family move,,moved,boolean; did the household move,,Household information,http://purl.obolibrary.org/obo/EUPATH_0000087,variable,
http://purl.obolibrary.org/obo/EUPATH_0000597,Percent adult occupants,,percent_adult_residents,,,Household information,http://purl.obolibrary.org/obo/EUPATH_0000087,variable,
http://purl.obolibrary.org/obo/EUPATH_0000598,Percent male occupants,,percent_male,,,Household information,http://purl.obolibrary.org/obo/EUPATH_0000087,variable,
http://purl.obolibrary.org/obo/EUPATH_0000019,Persons living in house,,number_residents_human,,,Household information,http://purl.obolibrary.org/obo/EUPATH_0000087,variable,
http://purl.obolibrary.org/obo/EUPATH_0000579,Age (days),,day_of_life,the animal's or human's age counted in days,,Human or Animal,http://purl.obolibrary.org/obo/EUPATH_0000612,variable,
http://purl.obolibrary.org/obo/EUPATH_0015400,Age (months),,,,,Human or Animal,http://purl.obolibrary.org/obo/EUPATH_0000612,,
http://purl.obolibrary.org/obo/OBI_0001169,Age (years),,Age (years) | host_age | age,"age of host at the time of sampling; relevant scale depends on species and study, e.g. could be seconds for amoebae or centuries for trees. The unit of age is year.",,Human or Animal,http://purl.obolibrary.org/obo/EUPATH_0000612,variable,
http://purl.obolibrary.org/obo/EUPATH_0011036,Age 1st solid food given (days),,Day of introduction of solid food,,,Human or Animal,http://purl.obolibrary.org/obo/EUPATH_0000612,variable,
http://purl.obolibrary.org/obo/EUPATH_0010367,Age group,,age_factor,,,Human or Animal,http://purl.obolibrary.org/obo/EUPATH_0000612,variable,
http://purl.obolibrary.org/obo/EUPATH_0009010,Animal cage num,,Cage ID,,,Human or Animal,http://purl.obolibrary.org/obo/EUPATH_0000612,variable,
http://purl.obolibrary.org/obo/EUPATH_0000640,Animal cage num in experiment,,Exp_Cage ID,Cage # designated for that experiment,,Human or Animal,http://purl.obolibrary.org/obo/EUPATH_0000612,variable,
http://purl.obolibrary.org/obo/EUPATH_0009005,Animal sterilization,,Animal sterilization,,,Human or Animal,http://purl.obolibrary.org/obo/EUPATH_0000612,variable,
http://purl.obolibrary.org/obo/EUPATH_0000581,Baby's delivery mode,,csection | Mode of delivery,Method of delivery (newborn),,Human or Animal,http://purl.obolibrary.org/obo/EUPATH_0000612,variable,
http://purl.obolibrary.org/obo/EUPATH_0000583,Bee colony tetracycline,,colony_tetracycline,was the bee colony treated with tetracycline,,Human or Animal,http://purl.obolibrary.org/obo/EUPATH_0000612,variable,
http://purl.obolibrary.org/obo/EUPATH_0000592,Bee larval tetracycline,,larval_tetracycline,were bee larvae treated with tetracycline?,,Human or Animal,http://purl.obolibrary.org/obo/EUPATH_0000612,variable,
http://purl.obolibrary.org/obo/EUPATH_0009009,CCECAI,,CCECAI,Canine Chronic Enteropathy Clinical Activity Index,,Human or Animal,http://purl.obolibrary.org/obo/EUPATH_0000612,variable,
http://purl.obolibrary.org/obo/EUPATH_0009091,CFTR mutation (F508del),,F508del-CFTR genotype,"Whether the patient was homozygous or heterozygous for mutations at the cystic fibrosis transmembrane conductance regulator (CFTR) gene, or whether they had other mutations relevant to cystic fibrosis.",,Human or Animal,http://purl.obolibrary.org/obo/EUPATH_0000612,variable,
http://purl.obolibrary.org/obo/EUPATH_0009092,CFTR mutation (allele 1),,Mutation 1,,,Human or Animal,http://purl.obolibrary.org/obo/EUPATH_0000612,variable,
http://purl.obolibrary.org/obo/EUPATH_0009032,CFTR mutation (allele 2),,Mutation 2,,,Human or Animal,http://purl.obolibrary.org/obo/EUPATH_0000612,variable,
http://purl.obolibrary.org/obo/NCIT_C53693,Canine breed,,Breed_Strain,Canine Breed,,Human or Animal,http://purl.obolibrary.org/obo/EUPATH_0000612,variable,
http://purl.obolibrary.org/obo/EUPATH_0010375,Case or control subject,,case_control,,,Human or Animal,http://purl.obolibrary.org/obo/EUPATH_0000612,variable,
http://purl.obolibrary.org/obo/EUPATH_0000584,Child's diet,,diet_3 | diet_2 | Formula or breast milk,"overall, what the main source of nutrition for the child?",,Human or Animal,http://purl.obolibrary.org/obo/EUPATH_0000612,variable,
http://purl.obolibrary.org/obo/EUPATH_0000585,Child's diet (by month),,diet_2_month,"For each month, what was the main source of nutrition for the child?",,Human or Animal,http://purl.obolibrary.org/obo/EUPATH_0000612,variable,
http://purl.obolibrary.org/obo/EUPATH_0009040,Child's diet first three days,,milk_first_three_days,"Milk feeding during the first three days of life: mother's breast milk, formula or something else (e.g. combination of beast milk and formula, or not reported)",,Human or Animal,http://purl.obolibrary.org/obo/EUPATH_0000612,variable,
http://purl.obolibrary.org/obo/OGMS_0000015,Clinical history,,,,,Human or Animal,http://purl.obolibrary.org/obo/EUPATH_0000612,category,
http://purl.obolibrary.org/obo/EUPATH_0009013,Cured,,Cured,,,Human or Animal,http://purl.obolibrary.org/obo/EUPATH_0000612,variable,
http://purl.obolibrary.org/obo/EUPATH_0009014,DTH testing result (mm squared),,DTH,,,Human or Animal,http://purl.obolibrary.org/obo/EUPATH_0000612,variable,
http://purl.obolibrary.org/obo/EUPATH_0009087,Forced expiratory volume (%),,Forced Expiratory Volume (FEV1) percentage,"The amount of air you can force from your lungs in one second, expressed as a percentage of maximum.",,Human or Animal,http://purl.obolibrary.org/obo/EUPATH_0000612,variable,
http://purl.obolibrary.org/obo/EUPATH_0009088,Forced expiratory volume (L),,Forced Expiratory Volume (FEV1) liter,"The amount of air you can force from your lungs in one second, expressed in liters.",,Human or Animal,http://purl.obolibrary.org/obo/EUPATH_0000612,variable,
http://purl.obolibrary.org/obo/EUPATH_0009095,Gestational age at birth (days),,Gestational age at birth (days),,,Human or Animal,http://purl.obolibrary.org/obo/EUPATH_0000612,variable,
http://purl.obolibrary.org/obo/EUPATH_0009099,Hospital room type,,Hospital room type,,,Human or Animal,http://purl.obolibrary.org/obo/EUPATH_0000612,variable,
http://purl.obolibrary.org/obo/UBERON_0000466,Host body habitat,,body_habitat,original body habitat where the sample was obtained from,,Human or Animal,http://purl.obolibrary.org/obo/EUPATH_0000612,variable,
http://purl.obolibrary.org/obo/UBERON_0000463,Host body product,,host_body_product | body_product,"substance produced by the body, e.g. stool, mucus, where the sample was obtained from. For Foundational Model of Anatomy Ontology (FMA) (v 3.1) terms, please see http://purl.bioontology.org/ontology/FMA",,Human or Animal,http://purl.obolibrary.org/obo/EUPATH_0000612,variable,
http://purl.obolibrary.org/obo/UBERON_0000061,Host body site,,host_body_site | body_site,name of body site where the sample was obtained from,,Human or Animal,http://purl.obolibrary.org/obo/EUPATH_0000612,variable,
http://purl.obolibrary.org/obo/EUPATH_0000590,Host diet,,diet,"type of diet depending on the host, for animals omnivore, herbivore etc., for humans high-fat, meditteranean etc.; can include multiple diet types",,Human or Animal,http://purl.obolibrary.org/obo/EUPATH_0000612,variable,
http://purl.obolibrary.org/obo/ERO_0002033,Host family relationship,,family_relationship,relationships to other hosts in the same study; can include multiple relationships,,Human or Animal,http://purl.obolibrary.org/obo/EUPATH_0000612,variable,
http://purl.obolibrary.org/obo/EUPATH_0009023,Host habitat,,habitat,,,Human or Animal,http://purl.obolibrary.org/obo/EUPATH_0000612,variable,
http://purl.obolibrary.org/obo/UBERON_0000105,Host life stage,,life_stage | host_life_stage,description of life stage of host,,Human or Animal,http://purl.obolibrary.org/obo/EUPATH_0000612,variable,
http://purl.obolibrary.org/obo/EUPATH_0009007,Host phenotype,,phenotype,,,Human or Animal,http://purl.obolibrary.org/obo/EUPATH_0000612,variable,
http://purl.obolibrary.org/obo/EUPATH_0009001,Host relationship to family members,,family_relationship_sum,,,Human or Animal,http://purl.obolibrary.org/obo/EUPATH_0000612,variable,
http://purl.obolibrary.org/obo/EUPATH_0000593,Host total mass,,tot_mass,"total mass of the host at collection, the unit depends on host",,Human or Animal,http://purl.obolibrary.org/obo/EUPATH_0000612,variable,
http://purl.obolibrary.org/obo/EUPATH_0009022,Host weight (g),,Weight_to_use,,,Human or Animal,http://purl.obolibrary.org/obo/EUPATH_0000612,variable,
http://purl.obolibrary.org/obo/HP_0000238,Hydrocephalus,,hydrocephalus,Hydrocephalus is an active distension of the ventricular system of the brain resulting from inadequate passage of CSF from its point of production within the cerebral ventricles to its point of absorption into the systemic circulation.,,Human or Animal,http://purl.obolibrary.org/obo/EUPATH_0000612,variable,
http://purl.obolibrary.org/obo/EUPATH_0000594,Mother or child,,mom_child,"Choose samples obtained from the mother, from the child, or both.",,Human or Animal,http://purl.obolibrary.org/obo/EUPATH_0000612,variable,
http://purl.obolibrary.org/obo/EUPATH_0000738,Observation,,,,,Human or Animal,http://purl.obolibrary.org/obo/EUPATH_0000612,category,
http://purl.obolibrary.org/obo/EUPATH_0000138,Observation period,,observation period,,,Human or Animal,http://purl.obolibrary.org/obo/EUPATH_0000612,variable,
http://purl.obolibrary.org/obo/EUPATH_0009102,Percentage of life on antibiotics,,Percentage of life on antibiotics,,,Human or Animal,http://purl.obolibrary.org/obo/EUPATH_0000612,variable,
http://purl.obolibrary.org/obo/EUPATH_0009004,Pet ownership,,VHUP_#,,,Human or Animal,http://purl.obolibrary.org/obo/EUPATH_0000612,variable,
http://purl.obolibrary.org/obo/EUPATH_0000602,Presence of pets or farm animals,,pet_farm_animal,"specification of presence of pets or farm animals in the environment of subject, if yes the animals should be specified; can include multiple animals present",,Human or Animal,http://purl.obolibrary.org/obo/EUPATH_0000612,variable,
http://purl.obolibrary.org/obo/PATO_0000047,Sex,,sex | host_sex | gender,physical sex of the host,,Human or Animal,http://purl.obolibrary.org/obo/EUPATH_0000612,variable,
http://purl.obolibrary.org/obo/EUPATH_0000610,Skin phenotype,,,,,Human or Animal,http://purl.obolibrary.org/obo/EUPATH_0000612,category,
http://purl.obolibrary.org/obo/REO_0000699,Social role,,role,,,Human or Animal,http://purl.obolibrary.org/obo/EUPATH_0000612,variable,
http://purl.obolibrary.org/obo/EUPATH_0000639,Study group,,cohort | Group,"Describes treatment, infection status, etc.","Co-housed Naive, Infected",Human or Animal,http://purl.obolibrary.org/obo/EUPATH_0000612,variable,
http://purl.obolibrary.org/obo/EUPATH_0009098,Study period,,Period of study,,,Human or Animal,http://purl.obolibrary.org/obo/EUPATH_0000612,variable,
http://purl.obolibrary.org/obo/OGMS_0000090,Treatment,,Treatment,A processual entity whose completion is hypothesized (by a healthcare provider) to alleviate the signs and symptoms associated with a disorder,,Human or Animal,http://purl.obolibrary.org/obo/EUPATH_0000612,variable,
http://purl.obolibrary.org/obo/NCIT_C83101,Visit number,,Visit Number,,,Human or Animal,http://purl.obolibrary.org/obo/EUPATH_0000612,variable,
http://purl.obolibrary.org/obo/EUPATH_0000607,Weight loss in last three months,,weight_loss_3_month,"specification of weight loss in the last three months, if yes should be further specified to include amount of weight loss",,Human or Animal,http://purl.obolibrary.org/obo/EUPATH_0000612,variable,
http://purl.obolibrary.org/obo/MICRO_0000494,psn,,psn,participant identifier,,Human or Animal,http://purl.obolibrary.org/obo/EUPATH_0000612,variable,
http://purl.obolibrary.org/obo/EUPATH_0009104,Bacteria detected,,,,,Laboratory test,http://purl.obolibrary.org/obo/OGMS_0000056,multifilter,
http://purl.obolibrary.org/obo/EUPATH_0009101,Blood culture results,,Blood culture results,,,Laboratory test,http://purl.obolibrary.org/obo/OGMS_0000056,variable,
http://purl.obolibrary.org/obo/EUPATH_0009108,Fungus detected,,,,,Laboratory test,http://purl.obolibrary.org/obo/OGMS_0000056,multifilter,
http://purl.obolibrary.org/obo/NCIT_C120707,Mixed Commensal Flora,,Mixed Commensal Flora (MCF),,,Laboratory test,http://purl.obolibrary.org/obo/OGMS_0000056,variable,
http://purl.obolibrary.org/obo/EUPATH_0009117,Mixed Commensal Flora (prelim),,MCF (prelim),,,Laboratory test,http://purl.obolibrary.org/obo/OGMS_0000056,variable,
http://purl.obolibrary.org/obo/EUPATH_0000724,Stool microbiology test,,,,,Laboratory test,http://purl.obolibrary.org/obo/OGMS_0000056,category,
http://purl.obolibrary.org/obo/EUPATH_0009089,Virology result,,Virology result,,,Laboratory test,http://purl.obolibrary.org/obo/OGMS_0000056,variable,
http://purl.obolibrary.org/obo/EUPATH_0009090,Virus detected,,Virus detected,,,Laboratory test,http://purl.obolibrary.org/obo/OGMS_0000056,multifilter,
http://purl.obolibrary.org/obo/EUPATH_0009034,Maternal age at birth,,mom_age_at_birth,Maternal age at birth,,Maternal clinical history,http://purl.obolibrary.org/obo/EUPATH_0036493,variable,
http://purl.obolibrary.org/obo/EUPATH_0009036,Mom reported antibiotic use during pregnancy,,abx_while_pregnant,Mom reported antibiotic use during pregnancy,,Maternal clinical history,http://purl.obolibrary.org/obo/EUPATH_0036493,variable,
http://purl.obolibrary.org/obo/EUPATH_0009035,Mom reported gestational diabetes,,gestational_diabetes,Mom reported gestational diabetes,,Maternal clinical history,http://purl.obolibrary.org/obo/EUPATH_0036493,variable,
http://purl.obolibrary.org/obo/EUPATH_0000649,Anthropometry,,,,,Observation,http://purl.obolibrary.org/obo/EUPATH_0000738,category,
http://purl.obolibrary.org/obo/EUPATH_0011730,Breastfeeding,,,,,Observation,http://purl.obolibrary.org/obo/EUPATH_0000738,category,
http://purl.obolibrary.org/obo/EUPATH_0010016,Diarrheal episodes,,,,,Observation,http://purl.obolibrary.org/obo/EUPATH_0000738,category,
http://purl.obolibrary.org/obo/EUPATH_0011732,Diet,,,,,Observation,http://purl.obolibrary.org/obo/EUPATH_0000738,category,
http://purl.obolibrary.org/obo/EuPathDB_0009050,Pathogens per month,,pathogens per month,mean number of enteropathogens detected per surveillance stool in the observation window,,Observation,http://purl.obolibrary.org/obo/EUPATH_0000738,variable,
http://purl.obolibrary.org/obo/EuPathDB_0009056,Pathogens per month excluding Campylobacter,,pathogens per month excluding campylobacter,"mean number of enteropathogens detected per surveillance stool in the observation window, excluding Campylobacter",,Observation,http://purl.obolibrary.org/obo/EUPATH_0000738,variable,
http://purl.obolibrary.org/obo/EuPathDB_0009051,Percentage of diarrheal samples for Campylobacter-pos,,percentage of diarrheal samples positive for campylobacter,percentage of diarrheal samples in the observation window that were tested positive for Campylobacter,,Observation,http://purl.obolibrary.org/obo/EUPATH_0000738,variable,
http://purl.obolibrary.org/obo/EuPathDB_0009052,Percentage of surveillance samples for pathogens-pos excluding Campylobacter,,percentage of surveillance samples positive for pathogens excluding campylobacter,"percentage of surveillance samples in the observation window that were tested positive for pathogens, excluding Campylobacter",,Observation,http://purl.obolibrary.org/obo/EUPATH_0000738,variable,
http://purl.obolibrary.org/obo/EuPathDB_0009053,Percentage of surveillance stools for Campylobacter-pos,,percentage of surveillance stools positive for campylobacter,percentage of surveillance stools in the observation window that were tested positive for Campylobacter,,Observation,http://purl.obolibrary.org/obo/EUPATH_0000738,variable,
http://purl.obolibrary.org/obo/EUPATH_0009015,Pathogen species,,Parasite_found_species,,,Pathogen type,http://purl.obolibrary.org/obo/EUPATH_0009016,variable,
http://purl.obolibrary.org/obo/EUPATH_0009017,ClinEpiDB sample ID,,gems_sample_id,,,Sample,http://purl.obolibrary.org/obo/EUPATH_0000609,variable,
http://purl.obolibrary.org/obo/EUPATH_0000747,DNA extraction date,,ExtractionDate,Describes when the DNA was extracted,,Sample,http://purl.obolibrary.org/obo/EUPATH_0000609,variable,
http://purl.obolibrary.org/obo/EUPATH_0009021,DNA extraction kit,,extraction_kit,,,Sample,http://purl.obolibrary.org/obo/EUPATH_0000609,variable,
http://purl.obolibrary.org/obo/OGMS_0000056,Laboratory test,,,,,Sample,http://purl.obolibrary.org/obo/EUPATH_0000609,category,
http://purl.obolibrary.org/obo/OBI_0001898,Notes,,notes,,,Sample,http://purl.obolibrary.org/obo/EUPATH_0000609,variable,
http://purl.obolibrary.org/obo/EUPATH_0009018,SRA Accession ID,,SRA Accession #,An accession number assigned to DNA sequencing data by Sequence Read Archive (SRA).,,Sample,http://purl.obolibrary.org/obo/EUPATH_0000609,variable,
http://purl.obolibrary.org/obo/EUPATH_0009025,SRA Sample ID,,SRA_Sample,,,Sample,http://purl.obolibrary.org/obo/EUPATH_0000609,variable,
http://purl.obolibrary.org/obo/OBI_0001616,Sample ID,,clinepi_sample,,,Sample,http://purl.obolibrary.org/obo/EUPATH_0000609,variable,
http://purl.obolibrary.org/obo/OBI_0000659,Sample collection,,specimen collection,,,Sample,http://purl.obolibrary.org/obo/EUPATH_0000609,variable,
http://purl.obolibrary.org/obo/OBI_0100051,Sample type,,sampletype | sample_type,,,Sample,http://purl.obolibrary.org/obo/EUPATH_0000609,variable,
http://purl.obolibrary.org/obo/UO_0000196,pH,,,,,Sample,http://purl.obolibrary.org/obo/EUPATH_0000609,,
http://purl.obolibrary.org/obo/EUPATH_0009094,Age at sample collection (days),,Age at sample collection (days),,,Sample collection,http://purl.obolibrary.org/obo/OBI_0000659,variable,
http://purl.obolibrary.org/obo/EUPATH_0009029,Age at sample collection (months),,age_at_collection_months | age in months | Age of donor at time of fecal sample collection (months) | Age (months),,,Sample collection,http://purl.obolibrary.org/obo/OBI_0000659,variable,
http://purl.obolibrary.org/obo/EUPATH_0009006,Days in study,,Timepoint post-treatment,,,Sample collection,http://purl.obolibrary.org/obo/OBI_0000659,variable,
http://purl.obolibrary.org/obo/EUPATH_0009028,Monthly sample,,Monthly Sample,,,Sample collection,http://purl.obolibrary.org/obo/OBI_0000659,variable,
http://purl.obolibrary.org/obo/EUPATH_0009122,Move time,,move_time,,,Sample collection,http://purl.obolibrary.org/obo/OBI_0000659,variable,MICRO_0000486
http://purl.obolibrary.org/obo/EUPATH_0009097,Postmenstrual age at sample collection (days),,Postmenstrual age at sample collection (days),,,Sample collection,http://purl.obolibrary.org/obo/OBI_0000659,variable,
http://purl.obolibrary.org/obo/OBI_0001619,Sample collection date,,collection_timestamp | Collection date,"The time of sampling, either as an instance (single point in time) or interval. In case no exact time is available, the date/time can be right truncated i.e. all of these are valid times: 2008-01-23T19:23:10+00:00; 2008-01-23T19:23:10; 2008-01-23; 2008-01",,Sample collection,http://purl.obolibrary.org/obo/OBI_0000659,variable,
http://purl.obolibrary.org/obo/EUPATH_0000608,Sample collection device or method,,samp_collect_device,The method or device employed for collecting the sample,,Sample collection,http://purl.obolibrary.org/obo/OBI_0000659,variable,
http://purl.obolibrary.org/obo/EUPATH_0000613,Sample collection time post infection (days),,Days post-infection,Describes when the samples were collected following infection,days,Sample collection,http://purl.obolibrary.org/obo/OBI_0000659,variable,
http://purl.obolibrary.org/obo/EUPATH_0000617,Skin type swabbed,,Site,"Describes the type of skin swabbed (lesion, non-lesion (contralateral skin), etc)","Lesion, Border (adjacent to lesion), Normal (Contralateral skin)",Sample collection,http://purl.obolibrary.org/obo/OBI_0000659,variable,
http://purl.obolibrary.org/obo/EUPATH_0000587,Environment information,,,,,Sample source,http://purl.obolibrary.org/obo/EUPATH_0000611,category,
http://purl.obolibrary.org/obo/EUPATH_0009003,Environmental surface,,surface,,,Sample source,http://purl.obolibrary.org/obo/EUPATH_0000611,variable,
http://purl.obolibrary.org/obo/GAZ_00000448,Geographic location,,,,,Sample source,http://purl.obolibrary.org/obo/EUPATH_0000611,category,
http://purl.obolibrary.org/obo/EUPATH_0000589,Host information,,,,,Sample source,http://purl.obolibrary.org/obo/EUPATH_0000611,category,
http://purl.obolibrary.org/obo/EUPATH_0009002,Sample source type,,source,,,Sample source,http://purl.obolibrary.org/obo/EUPATH_0000611,variable,
http://purl.obolibrary.org/obo/EUPATH_0000606,Subject ID,,Infant | subject | subject_id | host_subject_id | Child ID | SubjectID,,,Sample source,http://purl.obolibrary.org/obo/EUPATH_0000611,variable,
http://purl.obolibrary.org/obo/EUPATH_0009031,Barcode sequence,,Barcode Sequence,,,Sequencing,http://purl.obolibrary.org/obo/EUPATH_0000603,variable,
http://purl.obolibrary.org/obo/SO_0001000,Region of 16S rRNA sequenced,,region,,,Sequencing,http://purl.obolibrary.org/obo/EUPATH_0000603,variable,
http://purl.obolibrary.org/obo/EUPATH_0009026,SRA Run ID,,run,,,Sequencing,http://purl.obolibrary.org/obo/EUPATH_0000603,variable,
http://purl.obolibrary.org/obo/EUPATH_0000604,Sequencing batch,,run_prefix_prep | miseq_run_number,In which batch were samples sequenced together,,Sequencing,http://purl.obolibrary.org/obo/EUPATH_0000603,variable,
http://purl.obolibrary.org/obo/OBI_0001891,Sequencing center,,sequencecenter,At which center were samples sequenced,,Sequencing,http://purl.obolibrary.org/obo/EUPATH_0000603,variable,
http://purl.obolibrary.org/obo/EUPATH_0009027,SRA Experiment ID,,Experiment,,,Sequencing assay,http://purl.obolibrary.org/obo/OBI_0600047,variable,
http://purl.obolibrary.org/obo/EUPATH_0000603,Sequencing,,,,,Sequencing assay,http://purl.obolibrary.org/obo/OBI_0600047,category,
http://purl.obolibrary.org/obo/EUPATH_0000637,Affected by atopic dermatitis (yes/no),,,Affected or Unaffected,,Skin phenotype,http://purl.obolibrary.org/obo/EUPATH_0000610,,
http://purl.obolibrary.org/obo/EUPATH_0000635,Corneometry,,,Epidermal Moisture content,Corneometry Unit,Skin phenotype,http://purl.obolibrary.org/obo/EUPATH_0000610,,
http://purl.obolibrary.org/obo/EUPATH_0000636,Degree of hairloss,,,Degree of hairloss,score  0 to 5,Skin phenotype,http://purl.obolibrary.org/obo/EUPATH_0000610,,
http://purl.obolibrary.org/obo/EUPATH_0000634,Degree of inflammation (mm squared),,,Describes the degree (area) of inflammation after a patient was exposed to leishmania antigen,,Skin phenotype,http://purl.obolibrary.org/obo/EUPATH_0000610,,
http://purl.obolibrary.org/obo/EUPATH_0000633,Degree of skin readness,,,Degree of skin readness,score 0 to 5,Skin phenotype,http://purl.obolibrary.org/obo/EUPATH_0000610,,
http://purl.obolibrary.org/obo/EUPATH_0000620,Degree of skin thickening,,,Degree of skin thickening,score  0 to 5,Skin phenotype,http://purl.obolibrary.org/obo/EUPATH_0000610,,
http://purl.obolibrary.org/obo/EUPATH_0000614,Ear thickness (mm),,Thickness,Measurement of ear thickness of a mouse,mm,Skin phenotype,http://purl.obolibrary.org/obo/EUPATH_0000610,variable,
http://purl.obolibrary.org/obo/EUPATH_0009011,Lesion score,,Lesion score,,,Skin phenotype,http://purl.obolibrary.org/obo/EUPATH_0000610,variable,
http://purl.obolibrary.org/obo/EUPATH_0000621,Lesion size (mm squared),,Lesion Size,Describes the size of the lesion at the time the swab was collected,,Skin phenotype,http://purl.obolibrary.org/obo/EUPATH_0000610,variable,
http://purl.obolibrary.org/obo/EUPATH_0000618,Pathology score,,,Pathology score used during leishmania infections,"0- no lesion, 1- redness/swelling, 2- pinna deformation, 3- ulceration, 4- partial tissue loss, 5- total tissue loss",Skin phenotype,http://purl.obolibrary.org/obo/EUPATH_0000610,,
http://purl.obolibrary.org/obo/EUPATH_0009012,Skin charateristics,,BodyType,,"Sebaceous, Dry, Moist",Skin phenotype,http://purl.obolibrary.org/obo/EUPATH_0000610,variable,
http://purl.obolibrary.org/obo/EUPATH_0000632,Skin lesion duration (days),,Lesion Duration,Describes how long a lesion was present before swabbing it,,Skin phenotype,http://purl.obolibrary.org/obo/EUPATH_0000610,variable,
http://purl.obolibrary.org/obo/EUPATH_0000615,Transepidermal water loss (g/m2 h),,,Transepidermal water loss,,Skin phenotype,http://purl.obolibrary.org/obo/EUPATH_0000610,variable,
http://purl.obolibrary.org/obo/EUPATH_0009016,Pathogen type,,Parasite_found_type,,,Stool microbiology test,http://purl.obolibrary.org/obo/EUPATH_0000724,variable,
http://purl.obolibrary.org/obo/EUPATH_0009030,SRA study ID,,SRA study ID,,,Study summary,http://purl.obolibrary.org/obo/EUPATH_0000605,variable,
http://purl.obolibrary.org/obo/OBI_0001622,Title,,title,,,Study summary,http://purl.obolibrary.org/obo/EUPATH_0000605,variable,
http://purl.obolibrary.org/obo/EUPATH_0000624,Axillary lesion score after treatment,,,LesionScore_Axilla_Visit3,score 0 to 15,Treatment,http://purl.obolibrary.org/obo/OGMS_0000090,,
http://purl.obolibrary.org/obo/EUPATH_0000622,Axillary lesion score before treatment,,,LesionScore_Axilla_visit1,score 0 to 15,Treatment,http://purl.obolibrary.org/obo/OGMS_0000090,,
http://purl.obolibrary.org/obo/EUPATH_0000623,Axillary lesion score during treatment,,,LesionScore_Axilla_Visit2,score 0 to 15,Treatment,http://purl.obolibrary.org/obo/OGMS_0000090,,
http://purl.obolibrary.org/obo/EUPATH_0009093,Chronic maintenance therapy,,,,,Treatment,http://purl.obolibrary.org/obo/OGMS_0000090,multifilter,
http://purl.obolibrary.org/obo/EUPATH_0000586,Drug usage,,drug_usage,any drug used by subject and the frequency of usage; can include multiple drugs used,,Treatment,http://purl.obolibrary.org/obo/OGMS_0000090,variable,
http://purl.obolibrary.org/obo/EUPATH_0000627,Groin lesion score after treatment,,,LesionScore_Groin_Visit3,score 0 to 15,Treatment,http://purl.obolibrary.org/obo/OGMS_0000090,,
http://purl.obolibrary.org/obo/EUPATH_0000625,Groin lesion score before treatment,,,LesionScore_Groin_visit1,score 0 to 15,Treatment,http://purl.obolibrary.org/obo/OGMS_0000090,,
http://purl.obolibrary.org/obo/EUPATH_0000626,Groin lesion score during treatment,,,LesionScore_Groin_Visit2,score 0 to 15,Treatment,http://purl.obolibrary.org/obo/OGMS_0000090,,
http://purl.obolibrary.org/obo/EUPATH_0000619,Number of treatments,,No. Treatment,Describes the number of treatments needed before the lesion healed,,Treatment,http://purl.obolibrary.org/obo/OGMS_0000090,,
http://purl.obolibrary.org/obo/EUPATH_0000630,Pinna lesion score after treatment,,,LesionScore_Pinna_Visit3,score 0 to 15,Treatment,http://purl.obolibrary.org/obo/OGMS_0000090,,
http://purl.obolibrary.org/obo/EUPATH_0000628,Pinna lesion score before treatment,,,LesionScore_Pinna_Visit1,score 0 to 15,Treatment,http://purl.obolibrary.org/obo/OGMS_0000090,,
http://purl.obolibrary.org/obo/EUPATH_0000629,Pinna lesion score during treatment,,,LesionScore_Pinna_Visit2,score 0 to 15,Treatment,http://purl.obolibrary.org/obo/OGMS_0000090,,
http://purl.obolibrary.org/obo/EUPATH_0000631,Skin lesion cured (yes/no),,,Describes whether the patient's lesion was healed after treatment,"Yes, No, NA",Treatment,http://purl.obolibrary.org/obo/OGMS_0000090,,
http://purl.obolibrary.org/obo/NCBITaxon_10508,Adenovirus,,Adenovirus,,,Virus detected,http://purl.obolibrary.org/obo/EUPATH_0009090,value,
http://purl.obolibrary.org/obo/NCBITaxon_11118,Coronavirus,,Coronavirus,,,Virus detected,http://purl.obolibrary.org/obo/EUPATH_0009090,value,
http://purl.obolibrary.org/obo/NCBITaxon_31631,Coronavirus OC43,,Coronavirus OC43,,,Virus detected,http://purl.obolibrary.org/obo/EUPATH_0009090,value,
http://purl.obolibrary.org/obo/NCBITaxon_12059,Enterovirus,,Enterovirus,,,Virus detected,http://purl.obolibrary.org/obo/EUPATH_0009090,value,
http://purl.obolibrary.org/obo/NCBITaxon_11137,Human coronavirus 229E,,Coronavirus 229E,,,Virus detected,http://purl.obolibrary.org/obo/EUPATH_0009090,value,
http://purl.obolibrary.org/obo/NCBITaxon_290028,Human coronavirus HKU1,,Coronavirus HKU1,,,Virus detected,http://purl.obolibrary.org/obo/EUPATH_0009090,value,
http://purl.obolibrary.org/obo/NCBITaxon_277944,Human coronavirus NL63,,Coronavirus NL63,,,Virus detected,http://purl.obolibrary.org/obo/EUPATH_0009090,value,
http://purl.obolibrary.org/obo/NCBITaxon_162145,Human metapneumovirus,,Human metapneumovirus,,,Virus detected,http://purl.obolibrary.org/obo/EUPATH_0009090,value,
http://purl.obolibrary.org/obo/EUPATH_0009103,Influenza,,Influenza,,,Virus detected,http://purl.obolibrary.org/obo/EUPATH_0009090,value,
http://purl.obolibrary.org/obo/EUPATH_0009107,Influenza A 2009,,Influenza A 2009,,,Virus detected,http://purl.obolibrary.org/obo/EUPATH_0009090,value,
http://purl.obolibrary.org/obo/EUPATH_0009008,Parainfluenza 3,,parainfluenza 3,,,Virus detected,http://purl.obolibrary.org/obo/EUPATH_0009090,value,
http://purl.obolibrary.org/obo/NCBITaxon_12814,Respiratory syncytial virus,,Respiratory syncytial virus,,,Virus detected,http://purl.obolibrary.org/obo/EUPATH_0009090,value,
http://purl.obolibrary.org/obo/EUPATH_0009111,Rhinovirus,,Rhinovirus,,,Virus detected,http://purl.obolibrary.org/obo/EUPATH_0009090,value,
