IRI,label,displayOrder,variable,dataFile,definition,category,parentLabel,parentIRI,codebookDescription,codebookValues,termType,replaces
http://purl.obolibrary.org/obo/PCO_0000024,Household,,,,,Household,,http://www.w3.org/2002/07/owl#Thing,,,category,
http://purl.obolibrary.org/obo/EUPATH_0000001,Building material,,house_rad,gujaratseveremalaria_data_2020-03-015_revised,,Household,Dwelling characteristics,http://purl.obolibrary.org/obo/EUPATH_0000303,House is made from,"88888, missing | 5, Other | 4, Thatch | 2, Brick | 1, Mud | 3, Concrete",variable,
http://purl.obolibrary.org/obo/EUPATH_0021208,Other building material,,house_other,gujaratseveremalaria_data_2020-03-015_revised,,Household,Dwelling characteristics,http://purl.obolibrary.org/obo/EUPATH_0000303,"If other, specify",,variable,
http://purl.obolibrary.org/obo/EUPATH_0000444,Taluk,,city,gujaratseveremalaria_data_2020-03-015_revised,,Household,Geographic location,http://purl.obolibrary.org/obo/GAZ_00000448,City/Taluk/Tehsil,,variable,
http://purl.obolibrary.org/obo/ENVO_01000773,Village,,village,gujaratseveremalaria_data_2020-03-015_revised,,Household,Geographic location,http://purl.obolibrary.org/obo/GAZ_00000448,Village/Nagar,,variable,
http://purl.obolibrary.org/obo/EUPATH_0000303,Dwelling characteristics,2,,,,Household,Household,http://purl.obolibrary.org/obo/PCO_0000024,,,category,
http://purl.obolibrary.org/obo/GAZ_00000448,Geographic location,1,,,,Household,Household,http://purl.obolibrary.org/obo/PCO_0000024,,,category,
http://purl.obolibrary.org/obo/EUPATH_0000341,Household vector intervention,5,,,,Household,Household,http://purl.obolibrary.org/obo/PCO_0000024,,,category,
http://purl.obolibrary.org/obo/EUPATH_0000731,Household water,3,,,,Household,Household,http://purl.obolibrary.org/obo/PCO_0000024,,,category,
http://purl.obolibrary.org/obo/EUPATH_0000304,Socioeconomic factors,4,,,,Household,Household,http://purl.obolibrary.org/obo/PCO_0000024,,,category,
http://purl.obolibrary.org/obo/EUPATH_0000441,Sprayed in the last 12 months,,,,,Household,Household vector intervention,http://purl.obolibrary.org/obo/EUPATH_0000341,,,multifilter,
http://purl.obolibrary.org/obo/EUPATH_0021211,Other water source,2,water_rad_other,gujaratseveremalaria_data_2020-03-015_revised,,Household,Household water,http://purl.obolibrary.org/obo/EUPATH_0000731,"If other, specify",,variable,
http://purl.obolibrary.org/obo/EUPATH_0021093,Water source,1,water_rad,gujaratseveremalaria_data_2020-03-015_revised,,Household,Household water,http://purl.obolibrary.org/obo/EUPATH_0000731,Water source,"88888, missing | 6, Other | 4, Stream/river | 3, Open well | 2, Bore well | 5, Public tank/pump | 1, Indoor plumbing",variable,
http://purl.obolibrary.org/obo/EUPATH_0000435,Poverty line,,ses_rad,gujaratseveremalaria_data_2020-03-015_revised,,Household,Socioeconomic factors,http://purl.obolibrary.org/obo/EUPATH_0000304,Socioeconomic status,"88888, missing | 1, Above poverty line | 2, Below poverty line",variable,
http://purl.obolibrary.org/obo/EUPATH_0021073,Can't remember,3,sprayed_chk___4,gujaratseveremalaria_data_2020-03-015_revised,,Household,Sprayed in the last 12 months,http://purl.obolibrary.org/obo/EUPATH_0000441,Sprayed in last 12 months,"88888, missing | 1, No/not applicable | 2, Indoor | 3, Outdoor | 4, Can't remember",value,
http://purl.obolibrary.org/obo/EUPATH_0021071,Indoor,1,sprayed_chk___2,gujaratseveremalaria_data_2020-03-015_revised,,Household,Sprayed in the last 12 months,http://purl.obolibrary.org/obo/EUPATH_0000441,Sprayed in last 12 months,"88888, missing | 1, No/not applicable | 2, Indoor | 3, Outdoor | 4, Can't remember",value,
http://purl.obolibrary.org/obo/EUPATH_0021200,Missing,4,sprayed_chk___88888,gujaratseveremalaria_data_2020-03-015_revised,,Household,Sprayed in the last 12 months,http://purl.obolibrary.org/obo/EUPATH_0000441,Sprayed in last 12 months,"88888, missing | 1, No/not applicable | 2, Indoor | 3, Outdoor | 4, Can't remember",value,
http://purl.obolibrary.org/obo/EUPATH_0021070,No/not applicable,5,sprayed_chk___1,gujaratseveremalaria_data_2020-03-015_revised,,Household,Sprayed in the last 12 months,http://purl.obolibrary.org/obo/EUPATH_0000441,Sprayed in last 12 months,"88888, missing | 1, No/not applicable | 2, Indoor | 3, Outdoor | 4, Can't remember",value,
http://purl.obolibrary.org/obo/EUPATH_0021072,Outdoor,2,sprayed_chk___3,gujaratseveremalaria_data_2020-03-015_revised,,Household,Sprayed in the last 12 months,http://purl.obolibrary.org/obo/EUPATH_0000441,Sprayed in last 12 months,"88888, missing | 1, No/not applicable | 2, Indoor | 3, Outdoor | 4, Can't remember",value,
http://purl.obolibrary.org/obo/EUPATH_0000738,Observation,,,,,Observation,,http://www.w3.org/2002/07/owl#Thing,,,category,
http://purl.obolibrary.org/obo/EUPATH_0010075,Height (cm),,height,gujaratseveremalaria_data_2020-03-015_revised,,Observation,Anthropometry,http://purl.obolibrary.org/obo/EUPATH_0000649,Height,,variable,
http://purl.obolibrary.org/obo/EUPATH_0000732,Weight (kg),,weight,gujaratseveremalaria_data_2020-03-015_revised,,Observation,Anthropometry,http://purl.obolibrary.org/obo/EUPATH_0000649,Weight,,variable,
http://purl.obolibrary.org/obo/EUPATH_0000043,Severe malaria,,severe_malaria,gujaratseveremalaria_data_2020-03-015_revised,,Observation,Diagnosis,http://purl.obolibrary.org/obo/OGMS_0000073,Severe malaria,"88888, missing | 2, No | 99999, unknown | 1, Yes",variable,
http://purl.obolibrary.org/obo/EUPATH_0021163,Chikungunya,1,chik_eos_chk,gujaratseveremalaria_data_2020-03-015_revised,,Observation,Diagnosis at discharge,http://purl.obolibrary.org/obo/EUPATH_0000321,Chikungunya,"88888, missing | 4, Not done | 1, Positive | 2, Negative | 3, Not clear",value,
http://purl.obolibrary.org/obo/EUPATH_0021165,Dengue,2,dengue_eos_chk,gujaratseveremalaria_data_2020-03-015_revised,,Observation,Diagnosis at discharge,http://purl.obolibrary.org/obo/EUPATH_0000321,Dengue,"88888, missing | 4, Not done | 1, Positive | 2, Negative | 3, Not clear",value,
http://purl.obolibrary.org/obo/EUPATH_0021169,Gastrointestinal infection,3,gi_infect_eos_chk,gujaratseveremalaria_data_2020-03-015_revised,,Observation,Diagnosis at discharge,http://purl.obolibrary.org/obo/EUPATH_0000321,Gi infection (diarrhea),"88888, missing | 4, Not done | 1, Positive | 2, Negative | 3, Not clear",value,
http://purl.obolibrary.org/obo/EUPATH_0033411,HIV,4,hiv_eos_chk,gujaratseveremalaria_data_2020-03-015_revised,,Observation,Diagnosis at discharge,http://purl.obolibrary.org/obo/EUPATH_0000321,HIV,"88888, missing | 4, Not done | 1, Positive | 2, Negative | 3, Not clear",value,
http://purl.obolibrary.org/obo/EUPATH_0021177,Leptospirosis,5,lepto_eos_chk,gujaratseveremalaria_data_2020-03-015_revised,,Observation,Diagnosis at discharge,http://purl.obolibrary.org/obo/EUPATH_0000321,Leptospirosis,"88888, missing | 4, Not done | 1, Positive | 2, Negative | 3, Not clear",value,
http://purl.obolibrary.org/obo/EUPATH_0015133,Meningitis,6,meningitis_eos_chk,gujaratseveremalaria_data_2020-03-015_revised,,Observation,Diagnosis at discharge,http://purl.obolibrary.org/obo/EUPATH_0000321,Meningitis,"88888, missing | 4, Not done | 1, Positive | 2, Negative | 3, Not clear",value,
http://purl.obolibrary.org/obo/EUPATH_0015138,Other diagnosis,12,other1_eos_chk,gujaratseveremalaria_data_2020-03-015_revised,,Observation,Diagnosis at discharge,http://purl.obolibrary.org/obo/EUPATH_0000321,Other 1,"88888, missing | 4, Not done | 1, Positive | 2, Negative | 3, Not clear",value,
http://purl.obolibrary.org/obo/EUPATH_0033376,Pneumonia,7,pneumonia_eos_chk,gujaratseveremalaria_data_2020-03-015_revised,,Observation,Diagnosis at discharge,http://purl.obolibrary.org/obo/EUPATH_0000321,Pneumonia,"88888, missing | 4, Not done | 1, Positive | 2, Negative | 3, Not clear",value,
http://purl.obolibrary.org/obo/EUPATH_0021221,Scrub typhus,8,scrubty_eos_chk,gujaratseveremalaria_data_2020-03-015_revised,,Observation,Diagnosis at discharge,http://purl.obolibrary.org/obo/EUPATH_0000321,Scrub typhus,"88888, missing | 4, Not done | 1, Positive | 2, Negative | 3, Not clear",value,
http://purl.obolibrary.org/obo/EUPATH_0033404,Septicemia,9,septicemia_eso_chk,gujaratseveremalaria_data_2020-03-015_revised,,Observation,Diagnosis at discharge,http://purl.obolibrary.org/obo/EUPATH_0000321,Septicemia,"88888, missing | 4, Not done | 1, Positive | 2, Negative | 3, Not clear",value,
http://purl.obolibrary.org/obo/EUPATH_0015137,Typhoid,10,typhoid_eos_chk,gujaratseveremalaria_data_2020-03-015_revised,,Observation,Diagnosis at discharge,http://purl.obolibrary.org/obo/EUPATH_0000321,Typhoid,"88888, missing | 4, Not done | 1, Positive | 2, Negative | 3, Not clear",value,
http://purl.obolibrary.org/obo/EUPATH_0021229,Viral hepatitis,11,vhep_eos_chk,gujaratseveremalaria_data_2020-03-015_revised,,Observation,Diagnosis at discharge,http://purl.obolibrary.org/obo/EUPATH_0000321,Viral hepatitis,"88888, missing | 4, Not done | 1, Positive | 2, Negative | 3, Not clear",value,
http://purl.obolibrary.org/obo/EUPATH_0000321,Diagnosis at discharge,5,,,,Observation,Hospitalization,http://purl.obolibrary.org/obo/EUPATH_0000308,,,multifilter,
http://purl.obolibrary.org/obo/EUPATH_0000319,Hospital admission date,1,date_admitted,gujaratseveremalaria_data_2020-03-015_revised,,Observation,Hospitalization,http://purl.obolibrary.org/obo/EUPATH_0000308,Admission Date,,variable,
http://purl.obolibrary.org/obo/EUPATH_0021173,Hospital admission time,2,time_admit,gujaratseveremalaria_data_2020-03-015_revised,,Observation,Hospitalization,http://purl.obolibrary.org/obo/EUPATH_0000308,Admission Time,,variable,
http://purl.obolibrary.org/obo/EUPATH_0000320,Hospital discharge date,3,date_depart_eos,gujaratseveremalaria_data_2020-03-015_revised,,Observation,Hospitalization,http://purl.obolibrary.org/obo/EUPATH_0000308,Date of departure from ward,,variable,
http://purl.obolibrary.org/obo/EUPATH_0033434,Other diagnosis at discharge,6,other1_spec_eos,gujaratseveremalaria_data_2020-03-015_revised,,Observation,Hospitalization,http://purl.obolibrary.org/obo/EUPATH_0000308,"Other 1 , specify",,variable,
http://purl.obolibrary.org/obo/EUPATH_0010353,Outcome leaving hospital or health center,4,how_left_eos_rad,gujaratseveremalaria_data_2020-03-015_revised,,Observation,Hospitalization,http://purl.obolibrary.org/obo/EUPATH_0000308,How did the participant leave the hospital?,"88888, missing | 5, Other | 3, Died | 1, Recovered | 2, Recovering | 4, Discharged against advice",variable,
http://purl.obolibrary.org/obo/EUPATH_0021146,Analgesic treatment provided,7,trtmnt_analgesic,gujaratseveremalaria_data_2020-03-015_revised,,Observation,Immediate clinical history,http://purl.obolibrary.org/obo/EUPATH_0021098,Specify analgesics,,variable,
http://purl.obolibrary.org/obo/EUPATH_0021148,Antibiotic treatment provided,6,trtmnt_antibiotic,gujaratseveremalaria_data_2020-03-015_revised,,Observation,Immediate clinical history,http://purl.obolibrary.org/obo/EUPATH_0021098,Specify antibiotics,,variable,
http://purl.obolibrary.org/obo/EUPATH_0021154,Antimalarial treatment provided,5,trtmnt_antimalarial,gujaratseveremalaria_data_2020-03-015_revised,,Observation,Immediate clinical history,http://purl.obolibrary.org/obo/EUPATH_0021098,Specify antimalarials,,variable,
http://purl.obolibrary.org/obo/EUPATH_0021178,Malaria care provided,3,trtmnt_sought_treat_rad,gujaratseveremalaria_data_2020-03-015_revised,,Observation,Immediate clinical history,http://purl.obolibrary.org/obo/EUPATH_0021098,"If yes, was any treatment provided?","2, No | 99999, unknown | 1, Yes",variable,
http://purl.obolibrary.org/obo/EUPATH_0021179,Malaria care source,2,trtmnt_soughtwhere_rad,gujaratseveremalaria_data_2020-03-015_revised,,Observation,Immediate clinical history,http://purl.obolibrary.org/obo/EUPATH_0021098,"If yes, where?","6, missing | 1, Public hospital/physician | 3, Traditional healer | 5, Other | 4, Self-treatment | 2, Private hospital/physician",variable,
http://purl.obolibrary.org/obo/EUPATH_0021180,Malaria treatment provided,4,,,,Observation,Immediate clinical history,http://purl.obolibrary.org/obo/EUPATH_0021098,,,multifilter,
http://purl.obolibrary.org/obo/EUPATH_0022268,Malaria treatment start date,9,trtmnt_date_antimal,gujaratseveremalaria_data_2020-03-015_revised,,Observation,Immediate clinical history,http://purl.obolibrary.org/obo/EUPATH_0021098,"If an antimalarial was given, when was the medicine started?",,variable,
http://purl.obolibrary.org/obo/EUPATH_0041060,Other condition,10,other_disease,gujaratseveremalaria_data_2020-03-015_revised,,Observation,Immediate clinical history,http://purl.obolibrary.org/obo/EUPATH_0021098,"If yes, specify",,variable,
http://purl.obolibrary.org/obo/EUPATH_0021209,Other malaria treatment provided,8,trtmnt_other,gujaratseveremalaria_data_2020-03-015_revised,,Observation,Immediate clinical history,http://purl.obolibrary.org/obo/EUPATH_0021098,Specify other,,variable,
http://purl.obolibrary.org/obo/EUPATH_0021222,Seek malaria care,1,trtmnt_sought_rad,gujaratseveremalaria_data_2020-03-015_revised,,Observation,Immediate clinical history,http://purl.obolibrary.org/obo/EUPATH_0021098,Has the patient sought treatment before coming to this hospital?,"2, No | 99999, unknown | 1, Yes",variable,
http://purl.obolibrary.org/obo/EUPATH_0021147,Analgesics,3,trtmnt_sought_treat_y_chk___3,gujaratseveremalaria_data_2020-03-015_revised,,Observation,Malaria treatment provided,http://purl.obolibrary.org/obo/EUPATH_0021180,"If yes, what treatment was provided?","88888, missing | 1, Antimalarials | 4, Other | 5, Unknown | 2, Antibiotics | 3, Analgesics",value,
http://purl.obolibrary.org/obo/EUPATH_0021149,Antibiotics,2,trtmnt_sought_treat_y_chk___2,gujaratseveremalaria_data_2020-03-015_revised,,Observation,Malaria treatment provided,http://purl.obolibrary.org/obo/EUPATH_0021180,"If yes, what treatment was provided?","88888, missing | 1, Antimalarials | 4, Other | 5, Unknown | 2, Antibiotics | 3, Analgesics",value,
http://purl.obolibrary.org/obo/EUPATH_0021155,Antimalarials,1,trtmnt_sought_treat_y_chk___1,gujaratseveremalaria_data_2020-03-015_revised,,Observation,Malaria treatment provided,http://purl.obolibrary.org/obo/EUPATH_0021180,"If yes, what treatment was provided?","88888, missing | 1, Antimalarials | 4, Other | 5, Unknown | 2, Antibiotics | 3, Analgesics",value,
http://purl.obolibrary.org/obo/EUPATH_0021203,Missing,6,trtmnt_sought_treat_y_chk___88888,gujaratseveremalaria_data_2020-03-015_revised,,Observation,Malaria treatment provided,http://purl.obolibrary.org/obo/EUPATH_0021180,"If yes, what treatment was provided?","88888, missing | 1, Antimalarials | 4, Other | 5, Unknown | 2, Antibiotics | 3, Analgesics",value,
http://purl.obolibrary.org/obo/EUPATH_0021206,Other,4,trtmnt_sought_treat_y_chk___4,gujaratseveremalaria_data_2020-03-015_revised,,Observation,Malaria treatment provided,http://purl.obolibrary.org/obo/EUPATH_0021180,"If yes, what treatment was provided?","88888, missing | 1, Antimalarials | 4, Other | 5, Unknown | 2, Antibiotics | 3, Analgesics",value,
http://purl.obolibrary.org/obo/EUPATH_0021226,Unknown,5,trtmnt_sought_treat_y_chk___5,gujaratseveremalaria_data_2020-03-015_revised,,Observation,Malaria treatment provided,http://purl.obolibrary.org/obo/EUPATH_0021180,"If yes, what treatment was provided?","88888, missing | 1, Antimalarials | 4, Other | 5, Unknown | 2, Antibiotics | 3, Analgesics",value,
http://purl.obolibrary.org/obo/EUPATH_0000649,Anthropometry,5,,,,Observation,Observation,http://purl.obolibrary.org/obo/EUPATH_0000738,,,category,
http://purl.obolibrary.org/obo/OGMS_0000073,Diagnosis,8,,,,Observation,Observation,http://purl.obolibrary.org/obo/EUPATH_0000738,,,category,
http://purl.obolibrary.org/obo/EUPATH_0000308,Hospitalization,4,,,,Observation,Observation,http://purl.obolibrary.org/obo/EUPATH_0000738,,,category,
http://purl.obolibrary.org/obo/EUPATH_0021098,Immediate clinical history,3,,,,Observation,Observation,http://purl.obolibrary.org/obo/EUPATH_0000738,,,category,
http://purl.obolibrary.org/obo/EUPATH_0000310,Observation details,2,,,,Observation,Observation,http://purl.obolibrary.org/obo/EUPATH_0000738,,,category,
http://purl.obolibrary.org/obo/BFO_0000015,Observation type,1,redcap_event_name,gujaratseveremalaria_data_2020-03-015_revised,,Observation,Observation,http://purl.obolibrary.org/obo/EUPATH_0000738,,,variable,
http://purl.obolibrary.org/obo/EUPATH_0042002,Obstetrics,10,,,,Observation,Observation,http://purl.obolibrary.org/obo/EUPATH_0000738,,,category,
http://purl.obolibrary.org/obo/EUPATH_0021097,Personal vector intervention,11,,,,Observation,Observation,http://purl.obolibrary.org/obo/EUPATH_0000738,,,category,
http://purl.obolibrary.org/obo/OGMS_0000083,Physical examination,6,,,,Observation,Observation,http://purl.obolibrary.org/obo/EUPATH_0000738,,,category,
http://purl.obolibrary.org/obo/EUPATH_0000309,Signs and symptoms,7,,,,Observation,Observation,http://purl.obolibrary.org/obo/EUPATH_0000738,,,category,
http://purl.obolibrary.org/obo/EUPATH_0000340,Travel details,12,,,,Observation,Observation,http://purl.obolibrary.org/obo/EUPATH_0000738,,,category,
http://purl.obolibrary.org/obo/OGMS_0000090,Treatment,9,,,,Observation,Observation,http://purl.obolibrary.org/obo/EUPATH_0000738,,,category,
http://purl.obolibrary.org/obo/EUPATH_0004991,Observation date,,date | date_fu_v2 | date_fu | date_eos,gujaratseveremalaria_data_2020-03-015_revised,,Observation,Observation details,http://purl.obolibrary.org/obo/EUPATH_0000310,Date | Followup date,,variable,
http://purl.obolibrary.org/obo/EUPATH_0021205,Observation notes,,notes_eos | notes | notes_fu_v2 | notes_fu,gujaratseveremalaria_data_2020-03-015_revised,,Observation,Observation details,http://purl.obolibrary.org/obo/EUPATH_0000310,Notes,,variable,
http://purl.obolibrary.org/obo/UBERON_0009097,Pregnant,,pregnant_rad,gujaratseveremalaria_data_2020-03-015_revised,,Observation,Obstetrics,http://purl.obolibrary.org/obo/EUPATH_0042002,Is the patient pregnant?,"2, No | 99999, unknown | 1, Yes | 3, not applicable",variable,
http://purl.obolibrary.org/obo/EUPATH_0021231,Pregnant with 1st child,,if_yes_preg_rad,gujaratseveremalaria_data_2020-03-015_revised,,Observation,Obstetrics,http://purl.obolibrary.org/obo/EUPATH_0042002,"If yes, is this her first pregnancy?","2, No | 1, Yes | 3, Unknown",variable,
http://purl.obolibrary.org/obo/EUPATH_0021020,Long-lasting ITN,1,bednet_chk___5,gujaratseveremalaria_data_2020-03-015_revised,,Observation,Personal bednet treatment,http://purl.obolibrary.org/obo/EUPATH_0000344,Bednet type(s) in use,"88888, missing | 1, None | 3, Regular ITN treated >6 months ago | 2, Untreated | 6, Other | 4, Regular ITN treated < 6 months ago | 5, Long lasting ITN",value,
http://purl.obolibrary.org/obo/EUPATH_0021202,Missing,7,bednet_chk___88888,gujaratseveremalaria_data_2020-03-015_revised,,Observation,Personal bednet treatment,http://purl.obolibrary.org/obo/EUPATH_0000344,Bednet type(s) in use,"88888, missing | 1, None | 3, Regular ITN treated >6 months ago | 2, Untreated | 6, Other | 4, Regular ITN treated < 6 months ago | 5, Long lasting ITN",value,
http://purl.obolibrary.org/obo/EUPATH_0021016,None,6,bednet_chk___1,gujaratseveremalaria_data_2020-03-015_revised,,Observation,Personal bednet treatment,http://purl.obolibrary.org/obo/EUPATH_0000344,Bednet type(s) in use,"88888, missing | 1, None | 3, Regular ITN treated >6 months ago | 2, Untreated | 6, Other | 4, Regular ITN treated < 6 months ago | 5, Long lasting ITN",value,
http://purl.obolibrary.org/obo/EUPATH_0021021,Other,5,bednet_chk___6,gujaratseveremalaria_data_2020-03-015_revised,,Observation,Personal bednet treatment,http://purl.obolibrary.org/obo/EUPATH_0000344,Bednet type(s) in use,"88888, missing | 1, None | 3, Regular ITN treated >6 months ago | 2, Untreated | 6, Other | 4, Regular ITN treated < 6 months ago | 5, Long lasting ITN",value,
http://purl.obolibrary.org/obo/EUPATH_0021019,"Regular ITN, treated less than 6 months ago",2,bednet_chk___4,gujaratseveremalaria_data_2020-03-015_revised,,Observation,Personal bednet treatment,http://purl.obolibrary.org/obo/EUPATH_0000344,Bednet type(s) in use,"88888, missing | 1, None | 3, Regular ITN treated >6 months ago | 2, Untreated | 6, Other | 4, Regular ITN treated < 6 months ago | 5, Long lasting ITN",value,
http://purl.obolibrary.org/obo/EUPATH_0021018,"Regular ITN, treated more than 6 months ago",3,bednet_chk___3,gujaratseveremalaria_data_2020-03-015_revised,,Observation,Personal bednet treatment,http://purl.obolibrary.org/obo/EUPATH_0000344,Bednet type(s) in use,"88888, missing | 1, None | 3, Regular ITN treated >6 months ago | 2, Untreated | 6, Other | 4, Regular ITN treated < 6 months ago | 5, Long lasting ITN",value,
http://purl.obolibrary.org/obo/EUPATH_0021017,Untreated,4,bednet_chk___2,gujaratseveremalaria_data_2020-03-015_revised,,Observation,Personal bednet treatment,http://purl.obolibrary.org/obo/EUPATH_0000344,Bednet type(s) in use,"88888, missing | 1, None | 3, Regular ITN treated >6 months ago | 2, Untreated | 6, Other | 4, Regular ITN treated < 6 months ago | 5, Long lasting ITN",value,
http://purl.obolibrary.org/obo/EUPATH_0021066,Can't remember,5,repellent_chk___6,gujaratseveremalaria_data_2020-03-015_revised,,Observation,Personal mosquito repellent,http://purl.obolibrary.org/obo/EUPATH_0000439,Personal repellant(s) in use,"88888, missing | 6, Can't remember | 5, Mat | 4, Cream/spray | 2, Coils | 3, Vapor/liquidizer | 1, None",value,
http://purl.obolibrary.org/obo/EUPATH_0021062,Coils,1,repellent_chk___2,gujaratseveremalaria_data_2020-03-015_revised,,Observation,Personal mosquito repellent,http://purl.obolibrary.org/obo/EUPATH_0000439,Personal repellant(s) in use,"88888, missing | 6, Can't remember | 5, Mat | 4, Cream/spray | 2, Coils | 3, Vapor/liquidizer | 1, None",value,
http://purl.obolibrary.org/obo/EUPATH_0021064,Cream or spray,4,repellent_chk___4,gujaratseveremalaria_data_2020-03-015_revised,,Observation,Personal mosquito repellent,http://purl.obolibrary.org/obo/EUPATH_0000439,Personal repellant(s) in use,"88888, missing | 6, Can't remember | 5, Mat | 4, Cream/spray | 2, Coils | 3, Vapor/liquidizer | 1, None",value,
http://purl.obolibrary.org/obo/EUPATH_0021065,Mat,2,repellent_chk___5,gujaratseveremalaria_data_2020-03-015_revised,,Observation,Personal mosquito repellent,http://purl.obolibrary.org/obo/EUPATH_0000439,Personal repellant(s) in use,"88888, missing | 6, Can't remember | 5, Mat | 4, Cream/spray | 2, Coils | 3, Vapor/liquidizer | 1, None",value,
http://purl.obolibrary.org/obo/EUPATH_0021201,Missing,7,repellent_chk___88888,gujaratseveremalaria_data_2020-03-015_revised,,Observation,Personal mosquito repellent,http://purl.obolibrary.org/obo/EUPATH_0000439,Personal repellant(s) in use,"88888, missing | 6, Can't remember | 5, Mat | 4, Cream/spray | 2, Coils | 3, Vapor/liquidizer | 1, None",value,
http://purl.obolibrary.org/obo/EUPATH_0021061,None,6,repellent_chk___1,gujaratseveremalaria_data_2020-03-015_revised,,Observation,Personal mosquito repellent,http://purl.obolibrary.org/obo/EUPATH_0000439,Personal repellant(s) in use,"88888, missing | 6, Can't remember | 5, Mat | 4, Cream/spray | 2, Coils | 3, Vapor/liquidizer | 1, None",value,
http://purl.obolibrary.org/obo/EUPATH_0021063,Vapor or liquidizer,3,repellent_chk___3,gujaratseveremalaria_data_2020-03-015_revised,,Observation,Personal mosquito repellent,http://purl.obolibrary.org/obo/EUPATH_0000439,Personal repellant(s) in use,"88888, missing | 6, Can't remember | 5, Mat | 4, Cream/spray | 2, Coils | 3, Vapor/liquidizer | 1, None",value,
http://purl.obolibrary.org/obo/EUPATH_0000344,Personal bednet treatment,,,,,Observation,Personal vector intervention,http://purl.obolibrary.org/obo/EUPATH_0021097,,,multifilter,
http://purl.obolibrary.org/obo/EUPATH_0000439,Personal mosquito repellent,,,,,Observation,Personal vector intervention,http://purl.obolibrary.org/obo/EUPATH_0021097,,,multifilter,
http://purl.obolibrary.org/obo/EUPATH_0033161,Chest X-ray interpretation,7,xray_result,gujaratseveremalaria_data_2020-03-015_revised,,Observation,Physical examination,http://purl.obolibrary.org/obo/OGMS_0000083,"If yes, what was the result?",,variable,
http://purl.obolibrary.org/obo/EUPATH_0021162,Chest X-ray performed,6,xray_rad,gujaratseveremalaria_data_2020-03-015_revised,,Observation,Physical examination,http://purl.obolibrary.org/obo/OGMS_0000083,Was an X-ray taken?,"2, No | 99999, unknown | 1, Yes",variable,
http://purl.obolibrary.org/obo/EUPATH_0021087,Diastolic blood pressure (mmHg),2,diastolic_bp | diastolic_blood_pressure_fu_v2 | diastolic_blood_pressure_fu,gujaratseveremalaria_data_2020-03-015_revised_st,,Observation,Physical examination,http://purl.obolibrary.org/obo/OGMS_0000083,"derived from ""blood_pressure_fu | derived from ""bp | derived from ""blood_pressure_fu_v2",,derived variable,
http://www.ebi.ac.uk/efo/EFO_0004326,Heart rate (bpm),3,heart_rate_fu_v2 | heart_rate_fu | heartrate,gujaratseveremalaria_data_2020-03-015_revised,,Observation,Physical examination,http://purl.obolibrary.org/obo/OGMS_0000083,Heart rate,,variable,
http://purl.obolibrary.org/obo/EUPATH_0032049,O2 saturation (%),5,o2_saturation_fu_v2 | o2_saturation_fu | oxygen,gujaratseveremalaria_data_2020-03-015_revised,,Observation,Physical examination,http://purl.obolibrary.org/obo/OGMS_0000083,Oxygen saturation,,variable,
http://purl.obolibrary.org/obo/EUPATH_0021217,Pulmonary edema on X-ray,8,edema_test_rad,gujaratseveremalaria_data_2020-03-015_revised,,Observation,Physical examination,http://purl.obolibrary.org/obo/OGMS_0000083,Were there signs of pulmonary edema?,"2, No | 1, Yes | 3, Not reported",variable,
http://purl.obolibrary.org/obo/EUPATH_0021086,Systolic blood pressure (mmHg),1,systolic_bp | systolic_blood_pressure_fu_v2 | systolic_blood_pressure_fu,gujaratseveremalaria_data_2020-03-015_revised_st,,Observation,Physical examination,http://purl.obolibrary.org/obo/OGMS_0000083,"derived from ""blood_pressure_fu | derived from ""bp | derived from ""blood_pressure_fu_v2",,derived variable,
http://purl.obolibrary.org/obo/EUPATH_0000110,Temperature (C),4,temperature_fu_v2 | temperature | temperature_fu,gujaratseveremalaria_data_2020-03-015_revised,,Observation,Physical examination,http://purl.obolibrary.org/obo/OGMS_0000083,Temperature,,variable,
http://purl.obolibrary.org/obo/EUPATH_0022189,Symptom start date,,date_thismal_onset,gujaratseveremalaria_data_2020-03-015_revised,,Observation,Signs and symptoms,http://purl.obolibrary.org/obo/EUPATH_0000309,Date of onset of this episode of illness,,variable,
http://purl.obolibrary.org/obo/EUPATH_0021002,Symptoms,,,,,Observation,Signs and symptoms,http://purl.obolibrary.org/obo/EUPATH_0000309,,,multifilter,
http://purl.obolibrary.org/obo/HP_0002027,Abdominal pain,10,abdominal_pain,gujaratseveremalaria_data_2020-03-015_revised,,Observation,Symptoms,http://purl.obolibrary.org/obo/EUPATH_0021002,Abdominal pain,"2, No | 1, Yes | 3, Unknown",value,
http://purl.obolibrary.org/obo/HP_0012531,Aches or pains,3,aches_or_pains,gujaratseveremalaria_data_2020-03-015_revised,,Observation,Symptoms,http://purl.obolibrary.org/obo/EUPATH_0021002,Aches or pains,"2, No | 1, Yes | 3, Unknown",value,
http://purl.obolibrary.org/obo/HP_0001919,Acute kidney injury,25,kidney_injury_rad,gujaratseveremalaria_data_2020-03-015_revised,,Observation,Symptoms,http://purl.obolibrary.org/obo/EUPATH_0021002,Acute kidney injury,"2, No | 99999, unknown | 1, Yes",value,
http://purl.bioontology.org/ontology/SNOMEDCT/40541001,Acute pulmonary edema,34,pulmonary_edema_rad,gujaratseveremalaria_data_2020-03-015_revised,,Observation,Symptoms,http://purl.obolibrary.org/obo/EUPATH_0021002,Pulmonary edema,"2, No | 99999, unknown | 1, Yes",value,
http://purl.obolibrary.org/obo/DOID_11394,Acute respiratory distress syndrome,23,ards_rad,gujaratseveremalaria_data_2020-03-015_revised,,Observation,Symptoms,http://purl.obolibrary.org/obo/EUPATH_0021002,Acute pulmonary edema and acute respiratory distress syndrome,"2, No | 99999, unknown | 1, Yes",value,
http://purl.obolibrary.org/obo/EUPATH_0023003,Altered consciousness,19,unconsciousness_rad,gujaratseveremalaria_data_2020-03-015_revised,,Observation,Symptoms,http://purl.obolibrary.org/obo/EUPATH_0021002,Impaired consciousness,"2, No | 99999, unknown | 1, Yes",value,
http://purl.obolibrary.org/obo/SYMP_0000523,Anorexia,6,lack_of_appetite,gujaratseveremalaria_data_2020-03-015_revised,,Observation,Symptoms,http://purl.obolibrary.org/obo/EUPATH_0021002,Lack of appetite,"2, No | 1, Yes | 3, Unknown",value,
http://purl.obolibrary.org/obo/HP_0100749,Chest pain,15,chest_pain,gujaratseveremalaria_data_2020-03-015_revised,,Observation,Symptoms,http://purl.obolibrary.org/obo/EUPATH_0021002,Chest pain,"2, No | 1, Yes | 3, Unknown",value,
http://purl.obolibrary.org/obo/SYMP_0019174,Chills,2,chills,gujaratseveremalaria_data_2020-03-015_revised,,Observation,Symptoms,http://purl.obolibrary.org/obo/EUPATH_0021002,Chills,"2, No | 1, Yes | 3, Unknown",value,
http://purl.obolibrary.org/obo/HP_0031273,Circulatory collapse or shock,24,shock_rad,gujaratseveremalaria_data_2020-03-015_revised,,Observation,Symptoms,http://purl.obolibrary.org/obo/EUPATH_0021002,Circulatory collapse or shock,"2, No | 99999, unknown | 1, Yes",value,
http://purl.obolibrary.org/obo/SYMP_0000596,Convulsions,21,convulsions_rad,gujaratseveremalaria_data_2020-03-015_revised,,Observation,Symptoms,http://purl.obolibrary.org/obo/EUPATH_0021002,Multiple convuilsions,"2, No | 99999, unknown | 1, Yes",value,
http://purl.obolibrary.org/obo/SYMP_0000614,Cough,7,cough,gujaratseveremalaria_data_2020-03-015_revised,,Observation,Symptoms,http://purl.obolibrary.org/obo/EUPATH_0021002,Cough,"2, No | 1, Yes | 3, Unknown",value,
http://purl.obolibrary.org/obo/DOID_13250,Diarrhea,11,diarrhea,gujaratseveremalaria_data_2020-03-015_revised,,Observation,Symptoms,http://purl.obolibrary.org/obo/EUPATH_0021002,Diarrhea,"2, No | 1, Yes | 3, Unknown",value,
http://purl.obolibrary.org/obo/SYMP_0000610,Dizziness,8,dizziness,gujaratseveremalaria_data_2020-03-015_revised,,Observation,Symptoms,http://purl.obolibrary.org/obo/EUPATH_0021002,Dizziness,"2, No | 1, Yes | 3, Unknown",value,
http://purl.obolibrary.org/obo/HP_0030766,Ear pain,17,ear_pain,gujaratseveremalaria_data_2020-03-015_revised,,Observation,Symptoms,http://purl.obolibrary.org/obo/EUPATH_0021002,Ear pain,"2, No | 1, Yes | 3, Unknown",value,
http://purl.obolibrary.org/obo/HP_0200026,Eye pain,13,eye_pain,gujaratseveremalaria_data_2020-03-015_revised,,Observation,Symptoms,http://purl.obolibrary.org/obo/EUPATH_0021002,Eye pain,"2, No | 1, Yes | 3, Unknown",value,
http://purl.obolibrary.org/obo/SYMP_0019177,Fatigue,4,fatigue,gujaratseveremalaria_data_2020-03-015_revised,,Observation,Symptoms,http://purl.obolibrary.org/obo/EUPATH_0021002,Fatigue,"2, No | 1, Yes | 3, Unknown",value,
http://purl.obolibrary.org/obo/HP_0002315,Headache,1,symptoms_chk,gujaratseveremalaria_data_2020-03-015_revised,,Observation,Symptoms,http://purl.obolibrary.org/obo/EUPATH_0021002,Headache,"2, No | 1, Yes | 3, Unknown",value,
http://purl.obolibrary.org/obo/HP_0003641,Hemoglobinurea,31,hemoglobinurea_rad,gujaratseveremalaria_data_2020-03-015_revised,,Observation,Symptoms,http://purl.obolibrary.org/obo/EUPATH_0021002,Hemoglobinurea,"2, No | 99999, unknown | 1, Yes",value,
http://purl.obolibrary.org/obo/HP_0002151,Hyperlactataemia,32,hyperlactataemia_rad,gujaratseveremalaria_data_2020-03-015_revised,,Observation,Symptoms,http://purl.obolibrary.org/obo/EUPATH_0021002,Hyperlactataemia,"2, No | 99999, unknown | 1, Yes",value,
http://purl.obolibrary.org/obo/EUPATH_0021174,Hyperparasitemia,35,hyperparasitemia_rad,gujaratseveremalaria_data_2020-03-015_revised,,Observation,Symptoms,http://purl.obolibrary.org/obo/EUPATH_0021002,Hyperparasitemia,"2, No | 99999, unknown | 1, Yes",variable,
http://purl.obolibrary.org/obo/DOID_9993,Hypoglycemia,28,hypoglycemia_rad,gujaratseveremalaria_data_2020-03-015_revised,,Observation,Symptoms,http://purl.obolibrary.org/obo/EUPATH_0021002,Hypoglycemia,"2, No | 99999, unknown | 1, Yes",value,
http://purl.obolibrary.org/obo/HP_0000952,Jaundice,26,jaundice_rad,gujaratseveremalaria_data_2020-03-015_revised,,Observation,Symptoms,http://purl.obolibrary.org/obo/EUPATH_0021002,Clinical jaundice,"2, No | 99999, unknown | 1, Yes",value,
http://purl.obolibrary.org/obo/HP_0003419,Lower back pain,12,lower_back_pain,gujaratseveremalaria_data_2020-03-015_revised,,Observation,Symptoms,http://purl.obolibrary.org/obo/EUPATH_0021002,Lower back pain,"2, No | 1, Yes | 3, Unknown",value,
http://purl.obolibrary.org/obo/HP_0001942,Metabolic acidosis,29,acidosis_rad,gujaratseveremalaria_data_2020-03-015_revised,,Observation,Symptoms,http://purl.obolibrary.org/obo/EUPATH_0021002,Metabolic acidosis,"2, No | 99999, unknown | 1, Yes",value,
http://purl.obolibrary.org/obo/HP_0000980,Paleness,14,paleness,gujaratseveremalaria_data_2020-03-015_revised,,Observation,Symptoms,http://purl.obolibrary.org/obo/EUPATH_0021002,Paleness,"2, No | 1, Yes | 3, Unknown",value,
http://purl.obolibrary.org/obo/SYMP_0000116,Prostration,20,prostration_rad,gujaratseveremalaria_data_2020-03-015_revised,,Observation,Symptoms,http://purl.obolibrary.org/obo/EUPATH_0021002,Prostration,"2, No | 99999, unknown | 1, Yes",value,
http://purl.obolibrary.org/obo/DOID_0050486,Rash,16,rash,gujaratseveremalaria_data_2020-03-015_revised,,Observation,Symptoms,http://purl.obolibrary.org/obo/EUPATH_0021002,Rash,"2, No | 1, Yes | 3, Unknown",value,
http://purl.obolibrary.org/obo/HP_0012211,Renal impairment,33,renal_impairment_rad,gujaratseveremalaria_data_2020-03-015_revised,,Observation,Symptoms,http://purl.obolibrary.org/obo/EUPATH_0021002,Renal impairment,"2, No | 99999, unknown | 1, Yes",value,
http://purl.obolibrary.org/obo/HP_0002098,Respiratory distress,22,respiratory_distress_rad,gujaratseveremalaria_data_2020-03-015_revised,,Observation,Symptoms,http://purl.obolibrary.org/obo/EUPATH_0021002,Deep breathing and respiratory distres,"2, No | 99999, unknown | 1, Yes",value,
http://purl.obolibrary.org/obo/HP_0001897,Severe normocytic anemia,30,anemia_rad,gujaratseveremalaria_data_2020-03-015_revised,,Observation,Symptoms,http://purl.obolibrary.org/obo/EUPATH_0021002,Severe normocyic anemia,"2, No | 99999, unknown | 1, Yes",value,
http://purl.obolibrary.org/obo/HP_0001744,Splenomegaly,18,splenomegaly,gujaratseveremalaria_data_2020-03-015_revised,,Observation,Symptoms,http://purl.obolibrary.org/obo/EUPATH_0021002,Splenomegaly,"2, No | 1, Yes | 3, Unknown",value,
http://purl.obolibrary.org/obo/SYMP_0000007,Spontaneous bleeding,27,bleeding_rad,gujaratseveremalaria_data_2020-03-015_revised,,Observation,Symptoms,http://purl.obolibrary.org/obo/EUPATH_0021002,Abnormal bleeding,"2, No | 99999, unknown | 1, Yes",value,
http://purl.obolibrary.org/obo/HP_0000975,Sweating,9,sweating,gujaratseveremalaria_data_2020-03-015_revised,,Observation,Symptoms,http://purl.obolibrary.org/obo/EUPATH_0021002,Sweating,"2, No | 1, Yes | 3, Unknown",value,
http://purl.obolibrary.org/obo/HP_0002013,Vomiting,5,vomiting,gujaratseveremalaria_data_2020-03-015_revised,,Observation,Symptoms,http://purl.obolibrary.org/obo/EUPATH_0021002,Vomiting,"2, No | 1, Yes | 3, Unknown",value,
http://purl.obolibrary.org/obo/EUPATH_0000445,Country visited,2,travel_14d_country,gujaratseveremalaria_data_2020-03-015_revised,,Observation,Travel details,http://purl.obolibrary.org/obo/EUPATH_0000340,Country,,variable,
http://purl.obolibrary.org/obo/EUPATH_0000446,District visited,4,travel_14d_district,gujaratseveremalaria_data_2020-03-015_revised,,Observation,Travel details,http://purl.obolibrary.org/obo/EUPATH_0000340,State,,variable,
http://purl.obolibrary.org/obo/EUPATH_0000447,State visited,3,travel_14d_state,gujaratseveremalaria_data_2020-03-015_revised,,Observation,Travel details,http://purl.obolibrary.org/obo/EUPATH_0000340,District,,variable,
http://purl.obolibrary.org/obo/EUPATH_0000448,Taluk visited,5,travel_14d_city,gujaratseveremalaria_data_2020-03-015_revised,,Observation,Travel details,http://purl.obolibrary.org/obo/EUPATH_0000340,City/Taluk/Tehsil,,variable,
http://purl.obolibrary.org/obo/EUPATH_0000450,Traveled in last 2 weeks,1,travel_14d_rad,gujaratseveremalaria_data_2020-03-015_revised,,Observation,Travel details,http://purl.obolibrary.org/obo/EUPATH_0000340,Has traveled in the past 14 days,"88888, missing | 2, No | 1, Yes",variable,
http://purl.obolibrary.org/obo/EUPATH_0000058,Antimalarial medication,2,drug1_name_eos | artesunate_rad,gujaratseveremalaria_data_2020-03-015_revised,,Observation,Treatment,http://purl.obolibrary.org/obo/OGMS_0000090,Artesunate | Drug 1 name,"88888, missing | 2, No | 1, Yes",variable,
http://purl.obolibrary.org/obo/EUPATH_0021150,"Antimalarial medication, 2",7,drug2_name | drug2_name_eos,gujaratseveremalaria_data_2020-03-015_revised,,Observation,Treatment,http://purl.obolibrary.org/obo/OGMS_0000090,Drug 2 name,,variable,
http://purl.obolibrary.org/obo/EUPATH_0021151,"Antimalarial medication, 3",12,drug3_name | drug3_name_eos,gujaratseveremalaria_data_2020-03-015_revised,,Observation,Treatment,http://purl.obolibrary.org/obo/OGMS_0000090,Drug 3 name,,variable,
http://purl.obolibrary.org/obo/EUPATH_0021152,"Antimalarial medication, 4",17,drug4_name_eos | drug4_name,gujaratseveremalaria_data_2020-03-015_revised,,Observation,Treatment,http://purl.obolibrary.org/obo/OGMS_0000090,Drug 4 name,,variable,
http://purl.obolibrary.org/obo/EUPATH_0021153,"Antimalarial medication, 5",22,drug5_name | drug5_name_eos,gujaratseveremalaria_data_2020-03-015_revised,,Observation,Treatment,http://purl.obolibrary.org/obo/OGMS_0000090,Drug 5 name,,variable,
http://purl.obolibrary.org/obo/EUPATH_0021157,Assisted breathing,29,breathing,gujaratseveremalaria_data_2020-03-015_revised,,Observation,Treatment,http://purl.obolibrary.org/obo/OGMS_0000090,Assisted breathing,"2, No | 99999, unknown | 1, Yes",variable,
http://purl.obolibrary.org/obo/EUPATH_0021160,Blood transfusion,27,transfusion,gujaratseveremalaria_data_2020-03-015_revised,,Observation,Treatment,http://purl.obolibrary.org/obo/OGMS_0000090,Blood transfusion,"2, No | 99999, unknown | 1, Yes",variable,
http://purl.obolibrary.org/obo/EUPATH_0041092,Completed antimalarial treatment course,32,treat_finish_eos_rad,gujaratseveremalaria_data_2020-03-015_revised,,Observation,Treatment,http://purl.obolibrary.org/obo/OGMS_0000090,Did the participant finish his/her malaria treatment?,"88888, missing | 2, No | 1, Yes | 3, Unknown",variable,
http://purl.obolibrary.org/obo/EUPATH_0021167,Dialysis,30,dialysis,gujaratseveremalaria_data_2020-03-015_revised,,Observation,Treatment,http://purl.obolibrary.org/obo/OGMS_0000090,Dialysis,"2, No | 99999, unknown | 1, Yes",variable,
http://purl.obolibrary.org/obo/EUPATH_0021175,Intubation,28,intubation,gujaratseveremalaria_data_2020-03-015_revised,,Observation,Treatment,http://purl.obolibrary.org/obo/OGMS_0000090,Intubation,"2, No | 99999, unknown | 1, Yes",variable,
http://purl.obolibrary.org/obo/EUPATH_0023015,Medication administration route,5,artesunate_route_rad | drug1_route_eos_rad,gujaratseveremalaria_data_2020-03-015_revised,,Observation,Treatment,http://purl.obolibrary.org/obo/OGMS_0000090,Route | Drug 1 route,"88888, missing | 2, intramuscular | 1, oral | 5, other | 3, intravenous | 4, rectal",variable,
http://purl.obolibrary.org/obo/EUPATH_0021181,"Medication administration route, 2",10,drug2_route_eos_rad | drug2_route_rad,gujaratseveremalaria_data_2020-03-015_revised,,Observation,Treatment,http://purl.obolibrary.org/obo/OGMS_0000090,Route | Drug 2 route,"88888, missing | 2, intramuscular | 1, oral | 5, other | 3, intravenous | 4, rectal",variable,
http://purl.obolibrary.org/obo/EUPATH_0021182,"Medication administration route, 3",15,drug3_route_eos_rad | drug3_route_rad,gujaratseveremalaria_data_2020-03-015_revised,,Observation,Treatment,http://purl.obolibrary.org/obo/OGMS_0000090,Route | Drug 3 route,"88888, missing | 2, intramuscular | 1, oral | 5, other | 3, intravenous | 4, rectal",variable,
http://purl.obolibrary.org/obo/EUPATH_0021183,"Medication administration route, 4",20,drug4_route_eos_rad | drug4_route_rad,gujaratseveremalaria_data_2020-03-015_revised,,Observation,Treatment,http://purl.obolibrary.org/obo/OGMS_0000090,Route | Drug 4 route,"88888, missing | 2, intramuscular | 1, oral | 5, other | 3, intravenous | 4, rectal",variable,
http://purl.obolibrary.org/obo/EUPATH_0021184,"Medication administration route, 5",25,drug5_route_eos_rad | drug5_route_rad,gujaratseveremalaria_data_2020-03-015_revised,,Observation,Treatment,http://purl.obolibrary.org/obo/OGMS_0000090,Route | Drug 5 route,"88888, missing | 2, intramuscular | 1, oral | 5, other | 3, intravenous | 4, rectal",variable,
http://purl.obolibrary.org/obo/EUPATH_0023014,Medication dose,3,drug1_dose_eos | artesunate_dose,gujaratseveremalaria_data_2020-03-015_revised,,Observation,Treatment,http://purl.obolibrary.org/obo/OGMS_0000090,Dose | Drug 1 dose,,variable,
http://purl.obolibrary.org/obo/EUPATH_0021185,"Medication dose, 2",8,drug2_dose_eos | drug2_dose,gujaratseveremalaria_data_2020-03-015_revised,,Observation,Treatment,http://purl.obolibrary.org/obo/OGMS_0000090,Dose | Drug 2 dose,,variable,
http://purl.obolibrary.org/obo/EUPATH_0021186,"Medication dose, 3",13,drug3_dose | drug3_dose_eos,gujaratseveremalaria_data_2020-03-015_revised,,Observation,Treatment,http://purl.obolibrary.org/obo/OGMS_0000090,Dose | Drug 3 dose,,variable,
http://purl.obolibrary.org/obo/EUPATH_0021187,"Medication dose, 4",18,drug4_dose_eos | drug4_dose,gujaratseveremalaria_data_2020-03-015_revised,,Observation,Treatment,http://purl.obolibrary.org/obo/OGMS_0000090,Drug 4 dose | Dose,,variable,
http://purl.obolibrary.org/obo/EUPATH_0021188,"Medication dose, 5",23,drug5_dose_eos | drug5_dose,gujaratseveremalaria_data_2020-03-015_revised,,Observation,Treatment,http://purl.obolibrary.org/obo/OGMS_0000090,Dose | Drug 5 dose,,variable,
http://purl.obolibrary.org/obo/EUPATH_0021189,Medication frequency,4,drug1_freq_eos | artesunate_freq,gujaratseveremalaria_data_2020-03-015_revised,,Observation,Treatment,http://purl.obolibrary.org/obo/OGMS_0000090,Frequency | Drug 1 frequency,,variable,
http://purl.obolibrary.org/obo/EUPATH_0021190,"Medication frequency, 2",9,drug2_freq | drug2_freq_eos,gujaratseveremalaria_data_2020-03-015_revised,,Observation,Treatment,http://purl.obolibrary.org/obo/OGMS_0000090,Frequency | Drug 2 frequency,,variable,
http://purl.obolibrary.org/obo/EUPATH_0021191,"Medication frequency, 3",14,drug3_freq_eos | drug3_freq,gujaratseveremalaria_data_2020-03-015_revised,,Observation,Treatment,http://purl.obolibrary.org/obo/OGMS_0000090,Frequency | Drug 3 frequency,,variable,
http://purl.obolibrary.org/obo/EUPATH_0021192,"Medication frequency, 4",19,drug4_freq_eos | drug4_freq,gujaratseveremalaria_data_2020-03-015_revised,,Observation,Treatment,http://purl.obolibrary.org/obo/OGMS_0000090,Frequency | Drug 4 frequency,,variable,
http://purl.obolibrary.org/obo/EUPATH_0021193,"Medication frequency, 5",24,drug5_freq | drug5_freq_eos,gujaratseveremalaria_data_2020-03-015_revised,,Observation,Treatment,http://purl.obolibrary.org/obo/OGMS_0000090,Frequency | Drug 5 frequency,,variable,
http://purl.obolibrary.org/obo/EUPATH_0021194,Medication prescription length,6,artesunate_length | drug1_rxlen_eos,gujaratseveremalaria_data_2020-03-015_revised,,Observation,Treatment,http://purl.obolibrary.org/obo/OGMS_0000090,Length of prescription | Drug 1 length of prescription,,variable,
http://purl.obolibrary.org/obo/EUPATH_0021195,"Medication prescription length, 2",11,drug2_length | drug2_rxlen_eos,gujaratseveremalaria_data_2020-03-015_revised,,Observation,Treatment,http://purl.obolibrary.org/obo/OGMS_0000090,Drug 2 length of prescription | Length of prescription,,variable,
http://purl.obolibrary.org/obo/EUPATH_0021196,"Medication prescription length, 3",16,drug3_rxlen_eos | drug3_length,gujaratseveremalaria_data_2020-03-015_revised,,Observation,Treatment,http://purl.obolibrary.org/obo/OGMS_0000090,Length of prescription | Drug 3 length of prescription,,variable,
http://purl.obolibrary.org/obo/EUPATH_0021197,"Medication prescription length, 4",21,drug4_length | drug4_rxlen_eos,gujaratseveremalaria_data_2020-03-015_revised,,Observation,Treatment,http://purl.obolibrary.org/obo/OGMS_0000090,Length of prescription | Drug 4 length of prescription,,variable,
http://purl.obolibrary.org/obo/EUPATH_0021198,"Medication prescription length, 5",26,drug5_rxlen_eos | drug5_length,gujaratseveremalaria_data_2020-03-015_revised,,Observation,Treatment,http://purl.obolibrary.org/obo/OGMS_0000090,Length of prescription | Drug 5 length of prescription,,variable,
http://purl.obolibrary.org/obo/EUPATH_0021204,Nasograstric tube placed,31,nasogastric,gujaratseveremalaria_data_2020-03-015_revised,,Observation,Treatment,http://purl.obolibrary.org/obo/OGMS_0000090,Nasogastric tube,"2, No | 99999, unknown | 1, Yes",variable,
http://purl.obolibrary.org/obo/EUPATH_0021224,Treatment notes,33,treatment_fu | treatment_fu_v2,gujaratseveremalaria_data_2020-03-015_revised,,Observation,Treatment,http://purl.obolibrary.org/obo/OGMS_0000090,Treatment,,variable,
http://purl.obolibrary.org/obo/EUPATH_0023050,Treatment start date,1,datetime_antimal_dose,gujaratseveremalaria_data_2020-03-015_revised,,Observation,Treatment,http://purl.obolibrary.org/obo/OGMS_0000090,Date and time of first antimalarial dose administered in hospital,,variable,
http://purl.obolibrary.org/obo/EUPATH_0000096,Participant,,,,,Participant,,http://www.w3.org/2002/07/owl#Thing,,,category,
http://purl.obolibrary.org/obo/EUPATH_0000426,Malaria diagnoses in the past year (count),,pastyear_maldx_num,gujaratseveremalaria_data_2020-03-015_revised,,Participant,Clinical history,http://purl.obolibrary.org/obo/OGMS_0000015,Number of times diagnosed with malaria in the last 12 months,,variable,
http://purl.obolibrary.org/obo/EUPATH_0000345,Education level,2,education_rad,gujaratseveremalaria_data_2020-03-015_revised,,Participant,Demographics,http://purl.obolibrary.org/obo/EUPATH_0010981,Highest level of education,"88888, missing | 1, None | 6, Graduate or higher | 5, Diploma | 4, University | 3, Secondary school | 2, Primary school",variable,
http://purl.obolibrary.org/obo/PATO_0000047,Sex,1,sex_rad,gujaratseveremalaria_data_2020-03-015_revised,,Participant,Demographics,http://purl.obolibrary.org/obo/EUPATH_0010981,Sex,"88888, missing | 1, Female | 2, Male",variable,
http://purl.obolibrary.org/obo/EUPATH_0000359,Occupation,,occupation_rad,gujaratseveremalaria_data_2020-03-015_revised,,Participant,Employment,http://purl.obolibrary.org/obo/EUPATH_0000342,Occupation,"88888, missing | 5, Student | 2, Service (=salaried) | 4, Housewife | 1, Daily wage/labor | 3, Trade (=self-employed) | 6, None",variable,
http://purl.obolibrary.org/obo/OGMS_0000015,Clinical history,4,,,,Participant,Participant,http://purl.obolibrary.org/obo/EUPATH_0000096,,,category,
http://purl.obolibrary.org/obo/EUPATH_0010981,Demographics,2,,,,Participant,Participant,http://purl.obolibrary.org/obo/EUPATH_0000096,,,category,
http://purl.obolibrary.org/obo/EUPATH_0000342,Employment,3,,,,Participant,Participant,http://purl.obolibrary.org/obo/EUPATH_0000096,,,category,
http://purl.obolibrary.org/obo/EUPATH_0000306,Participant genotype,5,,,,Participant,Participant,http://purl.obolibrary.org/obo/EUPATH_0000096,,,category,
http://purl.obolibrary.org/obo/EUPATH_0000307,Participant study details,1,,,,Participant,Participant,http://purl.obolibrary.org/obo/EUPATH_0000096,,,category,
http://purl.obolibrary.org/obo/EUPATH_0000033,G6PD genotype,,G6PD | g6pd_result_rad,gujaratseveremalaria_data_2020-03-015_revised_st | gujaratseveremalaria_data_2020-03-015_revised,,Participant,Participant genotype,http://purl.obolibrary.org/obo/EUPATH_0000306,"derived variable from ""labtest"" and corresponding ""results"" variables | If yes, what was the result?","99999, unknown | 1, Deficient | 2, Not deficient",variable,
http://purl.obolibrary.org/obo/EUPATH_0000120,Age at enrollment,1,age,gujaratseveremalaria_data_2020-03-015_revised,,Participant,Participant study details,http://purl.obolibrary.org/obo/EUPATH_0000307,Age,,variable,
http://purl.obolibrary.org/obo/EUPATH_0021210,Other participant information source,3,info_source_other,gujaratseveremalaria_data_2020-03-015_revised,,Participant,Participant study details,http://purl.obolibrary.org/obo/EUPATH_0000307,"If other, specify",,variable,
http://purl.obolibrary.org/obo/EUPATH_0021212,Participant information source,2,info_source_rad,gujaratseveremalaria_data_2020-03-015_revised,,Participant,Participant study details,http://purl.obolibrary.org/obo/EUPATH_0000307,Source of information,"1, Patient him/herself | 2, Other",variable,
http://purl.obolibrary.org/obo/EUPATH_0000609,Sample,,,,,Sample,,http://www.w3.org/2002/07/owl#Thing,,,category,
http://purl.obolibrary.org/obo/EUPATH_0033304,Salmonella in blood,,,,,Sample,Bacteria in blood,http://purl.obolibrary.org/obo/EUPATH_0033293,,,category,
http://purl.obolibrary.org/obo/EUPATH_0021159,Blood culture performed,,culture_rad,gujaratseveremalaria_data_2020-03-015_revised,,Sample,Blood bacteria testing,http://purl.obolibrary.org/obo/EUPATH_0021158,Was blood culture conducted?,"2, No | 99999, unknown | 1, Yes",variable,
http://purl.obolibrary.org/obo/EUPATH_0041029,Blood smear performed,,blood_smear_fu_rad | blood_smear_fu_rad_v2,gujaratseveremalaria_data_2020-03-015_revised,,Sample,Blood eukaryote testing,http://purl.obolibrary.org/obo/EUPATH_0021130,Blood smear,"1, done | 2, not done",variable,
http://purl.obolibrary.org/obo/EUPATH_0040010,Plasmodium test type,,,,,Sample,Blood eukaryote testing,http://purl.obolibrary.org/obo/EUPATH_0021130,,,category,
http://purl.obolibrary.org/obo/EUPATH_0033293,Bacteria in blood,2,,,,Sample,Blood microbiology test,http://purl.obolibrary.org/obo/OBI_0002649,,,category,
http://purl.obolibrary.org/obo/EUPATH_0020125,Blood microbiology tests procedures,5,,,,Sample,Blood microbiology test,http://purl.obolibrary.org/obo/OBI_0002649,,,category,
http://purl.obolibrary.org/obo/EUPATH_0033307,Eukaryota in blood,3,,,,Sample,Blood microbiology test,http://purl.obolibrary.org/obo/OBI_0002649,,,category,
http://purl.obolibrary.org/obo/EUPATH_0033227,"Organism, by culture",1,culture_result,gujaratseveremalaria_data_2020-03-015_revised,,Sample,Blood microbiology test,http://purl.obolibrary.org/obo/OBI_0002649,"If yes, was what the result?",,variable,
http://purl.obolibrary.org/obo/EUPATH_0036031,Virus in blood,4,,,Pathogen test results were only recorded for a fraction of participants. Please see Diagnosis at discharge for a more comprehensive assessment of whether co-infections were identified for each participant.,Sample,Blood microbiology test,http://purl.obolibrary.org/obo/OBI_0002649,,,multifilter,
http://purl.obolibrary.org/obo/EUPATH_0021158,Blood bacteria testing,,,,,Sample,Blood microbiology tests procedures,http://purl.obolibrary.org/obo/EUPATH_0020125,,,category,
http://purl.obolibrary.org/obo/EUPATH_0021130,Blood eukaryote testing,,,,,Sample,Blood microbiology tests procedures,http://purl.obolibrary.org/obo/EUPATH_0020125,,,category,
http://purl.obolibrary.org/obo/EUPATH_0033146,Blood sample collected,,blood_rad,gujaratseveremalaria_data_2020-03-015_revised,,Sample,Blood sample collection process,http://purl.obolibrary.org/obo/EUPATH_0011482,Blood obtained for study at admission?,"2, No | 99999, unknown | 1, Yes",variable,
http://purl.obolibrary.org/obo/EUPATH_0021144,Alanine aminotransferase (IU/L),7,alt_result | ALT,gujaratseveremalaria_data_2020-03-015_revised_st | gujaratseveremalaria_data_2020-03-015_revised,,Sample,Blood test,http://purl.obolibrary.org/obo/EUPATH_0011795,"derived variable from ""labtest"" and corresponding ""results"" variables | ALT result",,variable,
http://purl.obolibrary.org/obo/EUPATH_0021145,Alkaline phosphatase (IU/L),9,ALP,gujaratseveremalaria_data_2020-03-015_revised_st,,Sample,Blood test,http://purl.obolibrary.org/obo/EUPATH_0011795,"derived variable from ""labtest"" and corresponding ""results"" variables",,variable,
http://purl.obolibrary.org/obo/EUPATH_0021156,Aspartate aminotransferase (IU/L),8,AST | ast_result,gujaratseveremalaria_data_2020-03-015_revised_st | gujaratseveremalaria_data_2020-03-015_revised,,Sample,Blood test,http://purl.obolibrary.org/obo/EUPATH_0011795,"derived variable from ""labtest"" and corresponding ""results"" variables | AST result",,variable,
http://purl.obolibrary.org/obo/EUPATH_0023005,Bicarbonate (mmol/L),2,bicarbonate_result,gujaratseveremalaria_data_2020-03-015_revised,,Sample,Blood test,http://purl.obolibrary.org/obo/EUPATH_0011795,Bicarbonate result,,variable,
http://purl.obolibrary.org/obo/EUPATH_0021161,Calcium (mg/dL),1,Calcium,gujaratseveremalaria_data_2020-03-015_revised_st,,Sample,Blood test,http://purl.obolibrary.org/obo/EUPATH_0011795,"derived variable from ""labtest"" and corresponding ""results"" variables",,variable,
http://purl.obolibrary.org/obo/EUPATH_0023011,Creatinine (mg/dL),6,Creatinine | creatinine_result,gujaratseveremalaria_data_2020-03-015_revised_st | gujaratseveremalaria_data_2020-03-015_revised,,Sample,Blood test,http://purl.obolibrary.org/obo/EUPATH_0011795,"derived variable from ""labtest"" and corresponding ""results"" variables | Serum creatinine result",,variable,
http://purl.obolibrary.org/obo/EUPATH_0021168,Erythrocyte sedimentation rate (mm/hr),20,ESR,gujaratseveremalaria_data_2020-03-015_revised_st,,Sample,Blood test,http://purl.obolibrary.org/obo/EUPATH_0011795,"derived variable from ""labtest"" and corresponding ""results"" variables",,variable,
http://purl.obolibrary.org/obo/EUPATH_0023017,Fasting blood sugar (mg/dL),11,Fasting_blood_sugar,gujaratseveremalaria_data_2020-03-015_revised_st,,Sample,Blood test,http://purl.obolibrary.org/obo/EUPATH_0011795,"derived variable from ""labtest"" and corresponding ""results"" variables",,variable,
http://purl.obolibrary.org/obo/EUPATH_0011849,Ferritin (ng/mL),19,Ferritin,gujaratseveremalaria_data_2020-03-015_revised_st,,Sample,Blood test,http://purl.obolibrary.org/obo/EUPATH_0011795,"derived variable from ""labtest"" and corresponding ""results"" variables",,variable,
http://www.ebi.ac.uk/efo/EFO_0004348,Hematocrit (%),16,hematocrit_result | Hematocrit,gujaratseveremalaria_data_2020-03-015_revised_st | gujaratseveremalaria_data_2020-03-015_revised,,Sample,Blood test,http://purl.obolibrary.org/obo/EUPATH_0011795,"derived variable from ""labtest"" and corresponding ""results"" variables | Hematocrit result",,variable,
http://purl.obolibrary.org/obo/EUPATH_0000047,Hemoglobin (g/dL),15,hemoglobin_result | Hemoglobin,gujaratseveremalaria_data_2020-03-015_revised_st | gujaratseveremalaria_data_2020-03-015_revised,,Sample,Blood test,http://purl.obolibrary.org/obo/EUPATH_0011795,"derived variable from ""labtest"" and corresponding ""results"" variables | Hemoglobin result",,variable,
http://purl.obolibrary.org/obo/EUPATH_0021176,Iron (ug/dL),18,Iron,gujaratseveremalaria_data_2020-03-015_revised_st,,Sample,Blood test,http://purl.obolibrary.org/obo/EUPATH_0011795,"derived variable from ""labtest"" and corresponding ""results"" variables",,variable,
http://purl.obolibrary.org/obo/EUPATH_0021213,Phosphate (mg/dL),21,PO46,gujaratseveremalaria_data_2020-03-015_revised_st,,Sample,Blood test,http://purl.obolibrary.org/obo/EUPATH_0011795,"derived variable from ""labtest"" and corresponding ""results"" variables",,variable,
http://www.ebi.ac.uk/efo/EFO_0004309,Platelet count (x10^3/uL),17,Platelets | platelet_result,gujaratseveremalaria_data_2020-03-015_revised_st | gujaratseveremalaria_data_2020-03-015_revised,,Sample,Blood test,http://purl.obolibrary.org/obo/EUPATH_0011795,"derived variable from ""labtest"" and corresponding ""results"" variables | Platelet count result",,variable,
http://purl.obolibrary.org/obo/EUPATH_0021215,Potassium (mEq/L),4,Potassium,gujaratseveremalaria_data_2020-03-015_revised_st,,Sample,Blood test,http://purl.obolibrary.org/obo/EUPATH_0011795,"derived variable from ""labtest"" and corresponding ""results"" variables",,variable,
http://purl.obolibrary.org/obo/EUPATH_0021218,Random blood sugar (mg/dL),12,glucose_result | Random_blood_sugar,gujaratseveremalaria_data_2020-03-015_revised_st | gujaratseveremalaria_data_2020-03-015_revised,,Sample,Blood test,http://purl.obolibrary.org/obo/EUPATH_0011795,"derived variable from ""labtest"" and corresponding ""results"" variables | Blood glucose result",,variable,
http://purl.obolibrary.org/obo/EUPATH_0021223,Sodium (mEq/L),3,Sodium,gujaratseveremalaria_data_2020-03-015_revised_st,,Sample,Blood test,http://purl.obolibrary.org/obo/EUPATH_0011795,"derived variable from ""labtest"" and corresponding ""results"" variables",,variable,
http://purl.obolibrary.org/obo/EUPATH_0023054,Total bilirubin (mg/dL),10,Bilirubin | bilirubin_result,gujaratseveremalaria_data_2020-03-015_revised_st | gujaratseveremalaria_data_2020-03-015_revised,,Sample,Blood test,http://purl.obolibrary.org/obo/EUPATH_0011795,"derived variable from ""labtest"" and corresponding ""results"" variables | Serum bilirubin result",,variable,
http://purl.obolibrary.org/obo/EUPATH_0021225,Two-hour postprandial blood sugar (mg/dL),13,PP2BS,gujaratseveremalaria_data_2020-03-015_revised_st,,Sample,Blood test,http://purl.obolibrary.org/obo/EUPATH_0011795,"derived variable from ""labtest"" and corresponding ""results"" variables",,variable,
http://purl.obolibrary.org/obo/EUPATH_0021227,Urea (mg/dL),5,urea_result | Urea,gujaratseveremalaria_data_2020-03-015_revised_st | gujaratseveremalaria_data_2020-03-015_revised,,Sample,Blood test,http://purl.obolibrary.org/obo/EUPATH_0011795,"derived variable from ""labtest"" and corresponding ""results"" variables | Blood urea result",,variable,
http://purl.obolibrary.org/obo/EUPATH_0021228,Uric acid (mg/dL),23,Uric_acid,gujaratseveremalaria_data_2020-03-015_revised_st,,Sample,Blood test,http://purl.obolibrary.org/obo/EUPATH_0011795,"derived variable from ""labtest"" and corresponding ""results"" variables",,variable,
http://purl.obolibrary.org/obo/EUPATH_0021230,Vitamin B12 (pg/mL),22,Vitamin_B12,gujaratseveremalaria_data_2020-03-015_revised_st,,Sample,Blood test,http://purl.obolibrary.org/obo/EUPATH_0011795,"derived variable from ""labtest"" and corresponding ""results"" variables",,variable,
http://purl.obolibrary.org/obo/CMO_0000027,White blood cells (x10^3/uL),14,WBC,gujaratseveremalaria_data_2020-03-015_revised_st,,Sample,Blood test,http://purl.obolibrary.org/obo/EUPATH_0011795,"derived variable from ""labtest"" and corresponding ""results"" variables",,variable,
http://purl.obolibrary.org/obo/EUPATH_0021164,"Chikungunya, by any method",,Chikungunya,gujaratseveremalaria_data_2020-03-015_revised_st,,Sample,Chikungunya in blood,http://purl.obolibrary.org/obo/EUPATH_0021132,"derived variable from ""labtest"" and corresponding ""results"" variables",,value,
http://purl.obolibrary.org/obo/EUPATH_0021166,"Dengue, by any method",,Dengue,gujaratseveremalaria_data_2020-03-015_revised_st,,Sample,Dengue in blood,http://purl.obolibrary.org/obo/EUPATH_0021133,"derived variable from ""labtest"" and corresponding ""results"" variables",,value,
http://purl.obolibrary.org/obo/EUPATH_0033308,Plasmodium in blood,,,,,Sample,Eukaryota in blood,http://purl.obolibrary.org/obo/EUPATH_0033307,,,category,
http://purl.obolibrary.org/obo/EUPATH_0021170,"Hepatitis C, by any method",,HCV,gujaratseveremalaria_data_2020-03-015_revised_st,,Sample,Hepacivirus in blood,http://purl.obolibrary.org/obo/EUPATH_0021233,"derived variable from ""labtest"" and corresponding ""results"" variables",,value,
http://purl.obolibrary.org/obo/OBI_0002649,Blood microbiology test,,,,,Sample,Laboratory test,http://purl.obolibrary.org/obo/OGMS_0000056,,,category,EUPATH:0020005
http://purl.obolibrary.org/obo/EUPATH_0011795,Blood test,,,,,Sample,Laboratory test,http://purl.obolibrary.org/obo/OGMS_0000056,,,category,
http://purl.obolibrary.org/obo/EUPATH_0021172,"HIV, by any method",,HIV,gujaratseveremalaria_data_2020-03-015_revised_st,,Sample,Lentivirus in blood,http://purl.obolibrary.org/obo/EUPATH_0021232,"derived variable from ""labtest"" and corresponding ""results"" variables",,value,
http://purl.obolibrary.org/obo/EUPATH_0021171,"Hepatitis B, by surface antigen test",,Hepatitis_B,gujaratseveremalaria_data_2020-03-015_revised_st,,Sample,Orthohepadnavirus in blood,http://purl.obolibrary.org/obo/EUPATH_0021234,"derived variable from ""labtest"" and corresponding ""results"" variables",,value,
http://purl.obolibrary.org/obo/EUPATH_0000423,"Plasmodium species, by microscopy",2,malaria_test_mx_rad,gujaratseveremalaria_data_2020-03-015_revised,,Sample,Plasmodium in blood,http://purl.obolibrary.org/obo/EUPATH_0033308,"If microscopy was done by the hospital, what was the result?","4, Other | 5, No malaria detected | 1, Pf | 3, Pf&Pv | 2, Pv",variable,
http://purl.obolibrary.org/obo/EUPATH_0027009,"Plasmodium, by microscopy",1,MP | Peripheral_smear,gujaratseveremalaria_data_2020-03-015_revised_st,,Sample,Plasmodium in blood,http://purl.obolibrary.org/obo/EUPATH_0033308,"derived variable from ""labtest"" and corresponding ""results"" variables",,variable,
http://purl.obolibrary.org/obo/EUPATH_0021199,Microscopy,1,malaria_test_type_chk___1,gujaratseveremalaria_data_2020-03-015_revised,,Sample,Plasmodium test type,http://purl.obolibrary.org/obo/EUPATH_0040010,"If yes, which tests?","2, RDT | 3, Other | 1, Microscopy",value,
http://purl.obolibrary.org/obo/EUPATH_0021207,Other,3,malaria_test_type_chk___3,gujaratseveremalaria_data_2020-03-015_revised,,Sample,Plasmodium test type,http://purl.obolibrary.org/obo/EUPATH_0040010,"If yes, which tests?","2, RDT | 3, Other | 1, Microscopy",value,
http://purl.obolibrary.org/obo/EUPATH_0021219,RDT,2,malaria_test_type_chk___2,gujaratseveremalaria_data_2020-03-015_revised,,Sample,Plasmodium test type,http://purl.obolibrary.org/obo/EUPATH_0040010,"If yes, which tests?","2, RDT | 3, Other | 1, Microscopy",value,
http://purl.obolibrary.org/obo/EUPATH_0021220,"Salmonella enterica, by Widal",,Widal,gujaratseveremalaria_data_2020-03-015_revised_st,,Sample,Salmonella in blood,http://purl.obolibrary.org/obo/EUPATH_0033304,"derived variable from ""labtest"" and corresponding ""results"" variables",,variable,
http://purl.obolibrary.org/obo/OGMS_0000056,Laboratory test,,,,,Sample,Sample,http://purl.obolibrary.org/obo/EUPATH_0000609,,,category,
http://purl.obolibrary.org/obo/OBI_0000659,Sample collection,,,,,Sample,Sample,http://purl.obolibrary.org/obo/EUPATH_0000609,,,category,
http://purl.obolibrary.org/obo/EUPATH_0011482,Blood sample collection process,,,,,Sample,Sample collection,http://purl.obolibrary.org/obo/OBI_0000659,,,category,
http://purl.obolibrary.org/obo/EUPATH_0021132,Chikungunya in blood,,,,,Sample,Virus in blood,http://purl.obolibrary.org/obo/EUPATH_0036031,,,multifilter category,
http://purl.obolibrary.org/obo/EUPATH_0021133,Dengue in blood,,,,,Sample,Virus in blood,http://purl.obolibrary.org/obo/EUPATH_0036031,,,multifilter category,
http://purl.obolibrary.org/obo/EUPATH_0021233,Hepacivirus in blood,,,,,Sample,Virus in blood,http://purl.obolibrary.org/obo/EUPATH_0036031,,,multifilter category,
http://purl.obolibrary.org/obo/EUPATH_0021232,Lentivirus in blood,,,,,Sample,Virus in blood,http://purl.obolibrary.org/obo/EUPATH_0036031,,,multifilter category,
http://purl.obolibrary.org/obo/EUPATH_0021234,Orthohepadnavirus in blood,,,,,Sample,Virus in blood,http://purl.obolibrary.org/obo/EUPATH_0036031,,,multifilter category,
