"IRI","label","displayOrder","variable","dataFile","definition","category","parentLabel","parentIRI","codebookDescription","codebookValues","termType","replaces","unitLabel","unitIRI","hidden"
"http://purl.obolibrary.org/obo/EUPATH_0035016","Compound study timepoint","1","enrol_dh2::svy | uptake_dh::svy","enrol_dh2 | uptake_dh","Survey data on compounds were collected at enrollment (year 0, baseline), 1 year post-intervention (midline), and 2 years post-intervention (endline). If you would like to view only data from a particular timepoint for all variables, please make sure to select that timepoint for variables in three locations: 'Compound study timepoint' (under 'Compound'), 'Household study timepoint' (under 'Household') and 'Study timepoint' (under 'Observation').","Community","Community","http://purl.obolibrary.org/obo/EUPATH_0035127","Survey round (0,1,2)","0 to 2","variable, derived","","","",""
"http://purl.obolibrary.org/obo/EUPATH_0035044","Persons living in compound","2","enrol_dh2::ncomp","enrol_dh2","Total number of people that lived in the target child participant's compound. Assessed for the compound (multiple households sharing a common courtyard) at enrollment (when target children were in utero).","Community","Community","http://purl.obolibrary.org/obo/EUPATH_0035127","Total indivs in compound","2 to 52","variable","","","",""
"http://purl.obolibrary.org/obo/EUPATH_0035121","Community water","3","","","","Community","Community","http://purl.obolibrary.org/obo/EUPATH_0035127","","","category","","","",""
"http://purl.obolibrary.org/obo/EUPATH_0035122","Community facilities","3","","","","Community","Community","http://purl.obolibrary.org/obo/EUPATH_0035127","","","category","","","",""
"http://purl.obolibrary.org/obo/EUPATH_0035123","Community hygiene","5","","","","Community","Community","http://purl.obolibrary.org/obo/EUPATH_0035127","","","category","","","",""
"http://purl.obolibrary.org/obo/EUPATH_0035124","Community environment","6","","","","Community","Community","http://purl.obolibrary.org/obo/EUPATH_0035127","","","category","","","",""
"http://purl.obolibrary.org/obo/EUPATH_0035125","Community administrative information","7","","","","Community","Community","http://purl.obolibrary.org/obo/EUPATH_0035127","","","category","","","",""
"http://purl.obolibrary.org/obo/EUPATH_0044124","Cluster study arm","1","enrol_dh2::tr","enrol_dh2","The actual randomized, blinded intervention assigned to the compound. Compounds consisted of multiple households (typically 3 to 10 in Bangladesh), usually comprised of blood relatives, who share a common courtyard. Groups of 8 proximate compounds were assigned to a cluster, and each randomization block was made up of 8 adjacent clusters that were pair-matched by geography. Each cluster within the randomization block was randomly allocated to one of 7 study arms, including 2 clusters randomly allocated to the control arm. A description of each study arm can be found on the study details page.","Community","Community administrative information","http://purl.obolibrary.org/obo/EUPATH_0035125","Randomized treatment assignment (actual)","","variable","","","",""
"http://purl.obolibrary.org/obo/EUPATH_0035024","Cluster ID","2","uptake_dh::clusterid | enrol_dh2::clusterid","enrol_dh2 | uptake_dh","The unit of randomization. A cluster consisted of a group of 8 proximate compounds (multiple households sharing a common courtyard) within a village that were visited by a single local promoter. Clusters were separated from each other by at least a 15 min walk (1 km).","Community","Community administrative information","http://purl.obolibrary.org/obo/EUPATH_0035125","Cluster ID","","variable","","","",""
"http://purl.obolibrary.org/obo/EUPATH_0035026","Randomization block","3","enrol_dh2::block","enrol_dh2","Each randomization block was made up of 8 adjacent clusters (groups of 8 proximate compounds) that were pair-matched by geography. Each cluster within the randomization block was randomly allocated to one of 7 intervention arms, including 2 clusters randomly allocated to the control arm.","Community","Community administrative information","http://purl.obolibrary.org/obo/EUPATH_0035125","Randomization block","1 to 90","variable","","","",""
"http://purl.obolibrary.org/obo/EUPATH_0035020","Compound follow-up missing flag","4","uptake_dh::miss","uptake_dh","Compound not assessed at one or more follow-up study timepoints. Compounds were to be assessed 1 year after intervention initiation (midline, when target children were 8-15m of age) and 2 years after intervention initiation (endline, when target children were 21-27m of age).","Community","Community administrative information","http://purl.obolibrary.org/obo/EUPATH_0035125","Not measured at year 1 or 2","0 to 1","variable","","","",""
"http://purl.obolibrary.org/obo/EUPATH_0035021","Reason missing compound follow-up","5","uptake_dh::missreason","uptake_dh","Reason compound was not assessed at one or more follow-up study timepoints. Compounds were to be assessed 1 year after intervention initiation (midline, when target children were 8-15m of age) and 2 years after intervention initiation (endline, when target children were 21-27m of age).","Community","Community administrative information","http://purl.obolibrary.org/obo/EUPATH_0035125","Reason not measured at year 1 or 2","0 to 5","variable","","","",""
"http://purl.obolibrary.org/obo/EUPATH_0035004","Shallow tube well for compound's primary drinking water source","1","enrol_dh2::tubewell","enrol_dh2","Whether the primary water source for the target child participant's compound was a shallow tubewell. Assessed for the compound (multiple households sharing a common courtyard) at enrollment (when target children were in utero).","Community","Community drinking water source","http://purl.obolibrary.org/obo/EUPATH_0035119","Primary water source: shallow tubewell (q1010)","0 to 1","variable","","","",""
"http://purl.obolibrary.org/obo/EUPATH_0035005","Compound treated drinking water today or yesterday","2","enrol_dh2::treatwat","enrol_dh2","Whether the target child participant's compound reported treating their drinking water or doing anything to make it less cloudy today or yesterday. Assessed for the compound (multiple households sharing a common courtyard) at enrollment (when target children were in utero).","Community","Community drinking water treatment","http://purl.obolibrary.org/obo/EUPATH_0035120","Reported treating water today or yesterday (q1008)","0 to 1","variable","","","",""
"http://purl.obolibrary.org/obo/EUPATH_0035010","Visible feces in compound","1","uptake_dh::humfeces","uptake_dh","Whether visible human feces were observed in the house or compound. Assessed for the compound (multiple households sharing a common courtyard) at enrollment (when target children were in utero), 1 year after intervention initiation (midline, when target children were 8-15m of age) and 2 years after intervention initiation (endline, when target children were 21-27m of age).","Community","Community environment","http://purl.obolibrary.org/obo/EUPATH_0035124","No human feces observed in house/compound (q4201, 4203, 4205)","0 to 1","variable","","","",""
"http://purl.obolibrary.org/obo/EUPATH_0035011","Visible feces on compound's latrine floor","2","uptake_dh::latfeces","uptake_dh","Whether visible human feces were observed on the slab or floor of the compound's latrine. Assessed for the compound (multiple households sharing a common courtyard) at enrollment (when target children were in utero), 1 year after intervention initiation (midline, when target children were 8-15m of age) and 2 years after intervention initiation (endline, when target children were 21-27m of age).","Community","Community environment","http://purl.obolibrary.org/obo/EUPATH_0035124","No visible feces on slab/floor of latrine","0 to 1","variable","","","",""
"http://purl.obolibrary.org/obo/EUPATH_0035012","Visible feces in compound where pregnant mother spends most time","3","enrol_dh2::humfecesch","enrol_dh2","Whether human feces were observed in the location where the target child participant's pregnant mother spent the most time. Assessed for the compound (multiple households sharing a common courtyard) at enrollment (when target children were in utero).","Community","Community environment","http://purl.obolibrary.org/obo/EUPATH_0035124","Human feces obs in loc where child spends most time (q4203: In the area where the target child spends the most time Probe and identify where the target child spends the most time.At baseline, the target child will not be present,so the search should be defined as the area where the  pregnant mother spends the most time. Human fecesin the area where the target child spends the most time that could be considered open defecation)","0 to 1","variable","","","",""
"http://purl.obolibrary.org/obo/EUPATH_0035117","Community waste disposal","1","","","","Community","Community facilities","http://purl.obolibrary.org/obo/EUPATH_0035122","","","category","","","",""
"http://purl.obolibrary.org/obo/EUPATH_0035036","Compound's hand washing location within 6 steps of toilet or latrine","4","enrol_dh2::hwlat","enrol_dh2","Whether the target child participant's compound had a handwashing station located within 6 steps of the toilet or latrine. Assessed for the compound (multiple households sharing a common courtyard) at enrollment (when target children were in utero).","Community","Community hygiene","http://purl.obolibrary.org/obo/EUPATH_0035123","Has handwashing loc w/in 6 steps of latrine","0 to 1","variable","","","",""
"http://purl.obolibrary.org/obo/EUPATH_0035037","Compound's hand washing location within 6 steps of toilet or latrine has water","5","enrol_dh2::hwlatwat","enrol_dh2","Whether the target child participant's compound had a handwashing station with water located within 6 steps of the toilet or latrine. Assessed for the compound (multiple households sharing a common courtyard) at enrollment (when target children were in utero).","Community","Community hygiene","http://purl.obolibrary.org/obo/EUPATH_0035123","Has handwashing loc w/in 6 steps of latrine w/ water","0 to 1","variable","","","",""
"http://purl.obolibrary.org/obo/EUPATH_0035038","Compound's hand washing location within 6 steps of toilet or latrine has soap","6","enrol_dh2::hwlatsoap","enrol_dh2","Whether the target child participant's compound had a handwashing station with soap located within 6 steps of the toilet or latrine. Assessed for the compound (multiple households sharing a common courtyard) at enrollment (when target children were in utero).","Community","Community hygiene","http://purl.obolibrary.org/obo/EUPATH_0035123","Has handwashing loc w/in 6 steps of latrine w/ soap","0 to 1","variable","","","",""
"http://purl.obolibrary.org/obo/EUPATH_0035039","Compound's hand washing location within 6 steps of kitchen","7","enrol_dh2::hwkit","enrol_dh2","Whether the target child participant's compound had a handwashing station located within 6 steps of the kitchen. Assessed for the compound (multiple households sharing a common courtyard) at enrollment (when target children were in utero).","Community","Community hygiene","http://purl.obolibrary.org/obo/EUPATH_0035123","Has handwashing loc w/in 6 steps of kitchen","0 to 1","variable","","","",""
"http://purl.obolibrary.org/obo/EUPATH_0035040","Compound's hand washing location within 6 steps of kitchen has water","8","enrol_dh2::hwkitwat","enrol_dh2","Whether the target child participant's compound had a handwashing station with water located within 6 steps of the kitchen. Assessed for the compound (multiple households sharing a common courtyard) at enrollment (when target children were in utero).","Community","Community hygiene","http://purl.obolibrary.org/obo/EUPATH_0035123","Has handwashing loc w/in 6 steps of kitchen w/ water","0 to 1","variable","","","",""
"http://purl.obolibrary.org/obo/EUPATH_0035041","Compound's hand washing location within 6 steps of kitchen has soap","9","enrol_dh2::hwkitsoap","enrol_dh2","Whether the target child participant's compound had a handwashing station with soap located within 6 steps of the kitchen. Assessed for the compound (multiple households sharing a common courtyard) at enrollment (when target children were in utero).","Community","Community hygiene","http://purl.obolibrary.org/obo/EUPATH_0035123","Has handwashing loc w/in 6 steps of kitchen w/ soap","0 to 1","variable","","","",""
"http://purl.obolibrary.org/obo/EUPATH_0035053","Daily open defecation in compound, children under 3yrs","1","enrol_dh2::odchu3","enrol_dh2","Whether children in the target child participant's compound  under 3 years of age  practice open defecation daily. Assessed for the compound (multiple households sharing a common courtyard) at enrollment (when target children were in utero).","Community","Community waste disposal","http://purl.obolibrary.org/obo/EUPATH_0035117","Daily OD, children <3 (q801c)","0 to 1","variable","","","",""
"http://purl.obolibrary.org/obo/EUPATH_0035054","Daily open defecation in compound, children 3-8yrs","2","enrol_dh2::odch38","enrol_dh2","Whether children in the target child participant's compound  3-8 years of age  practice open defecation daily. Assessed for the compound (multiple households sharing a common courtyard) at enrollment (when target children were in utero).","Community","Community waste disposal","http://purl.obolibrary.org/obo/EUPATH_0035117","Daily OD, children 3-8 (q801d)","0 to 1","variable","","","",""
"http://purl.obolibrary.org/obo/EUPATH_0035055","Daily open defecation in compound, children 8-15yrs","3","enrol_dh2::odch815","enrol_dh2","Whether children in the target child participant's compound  8-15 years of age  practice open defecation daily. Assessed for the compound (multiple households sharing a common courtyard) at enrollment (when target children were in utero).","Community","Community waste disposal","http://purl.obolibrary.org/obo/EUPATH_0035117","Daily OD, children 8-15 (q801e)","0 to 1","variable","","","",""
"http://purl.obolibrary.org/obo/EUPATH_0035056","Daily open defecation in compound, adult men","4","enrol_dh2::odmen","enrol_dh2","Whether adult men in the target child participant's compound practice open defecation daily. Assessed for the compound (multiple households sharing a common courtyard) at enrollment (when target children were in utero).","Community","Community waste disposal","http://purl.obolibrary.org/obo/EUPATH_0035117","Daily OD, adult men (q801a)","0 to 1","variable","","","",""
"http://purl.obolibrary.org/obo/EUPATH_0035057","Daily open defecation in compound, adult women","5","enrol_dh2::odwom","enrol_dh2","Whether adult women in the target child participant's compound practice open defecation daily. Assessed for the compound (multiple households sharing a common courtyard) at enrollment (when target children were in utero).","Community","Community waste disposal","http://purl.obolibrary.org/obo/EUPATH_0035117","Daily OD, adult women (q801b)","0 to 1","variable","","","",""
"http://purl.obolibrary.org/obo/EUPATH_0035058","Unshared toilet or latrine","6","enrol_dh2::latown","enrol_dh2","Whether the target child participant's household had its own latrine (did not share with other households in the compound). Assessed for the compound (multiple households sharing a common courtyard) at enrollment (when target children were in utero).","Community","Community waste disposal","http://purl.obolibrary.org/obo/EUPATH_0035117","Own their latrine (not shared) (q816)","0 to 1","variable","","","",""
"http://purl.obolibrary.org/obo/EUPATH_0035118","Compound's toilet or latrine has concrete floor","7","enrol_dh2::latslab","enrol_dh2","Whether the target child participant's toilet or latrine had a concrete floor or slab. Assessed for the compound (multiple households sharing a common courtyard) at enrollment (when target children were in utero).","Community","Community waste disposal","http://purl.obolibrary.org/obo/EUPATH_0035117","Latrine has concrete slab (q809_7)","0 to 1","variable","","","",""
"http://purl.obolibrary.org/obo/EUPATH_0035059","Compound's toilet has functional water seal","8","uptake_dh::latseal","uptake_dh","Whether the target child participant's household had a functional water seal on their flush or pour flush toilet. Assessed for the compound (multiple households sharing a common courtyard) at enrollment (when target children were in utero), 1 year after intervention initiation (midline, when target children were 8-15m of age) and 2 years after intervention initiation (endline, when target children were 21-27m of age).","Community","Community waste disposal","http://purl.obolibrary.org/obo/EUPATH_0035117","Latrine has functional water seal (q809_9a)","0 to 1","variable","","","",""
"http://purl.obolibrary.org/obo/EUPATH_0035060","Compound potty","9","enrol_dh2::potty","enrol_dh2","Whether the target child participant's compound had a potty (a bowl used by small children as a toilet) for child defecation. Assessed for the compound (multiple households sharing a common courtyard) at enrollment (when target children were in utero).","Community","Community waste disposal","http://purl.obolibrary.org/obo/EUPATH_0035117","Has a potty for child defecation","0 to 1","variable","","","",""
"http://purl.obolibrary.org/obo/EUPATH_0035119","Community drinking water source","1","","","","Community","Community water","http://purl.obolibrary.org/obo/EUPATH_0035121","","","category","","","",""
"http://purl.obolibrary.org/obo/EUPATH_0035120","Community drinking water treatment","2","","","","Community","Community water","http://purl.obolibrary.org/obo/EUPATH_0035121","","","category","","","",""
"http://purl.obolibrary.org/obo/EUPATH_0035032","Compound time to drinking water source (min)","3","enrol_dh2::watmin","enrol_dh2","Distance (measured in minutes to walk one way) to the primary water source from the target child participant's home. Assessed for the compound (multiple households sharing a common courtyard) at enrollment (when target children were in utero).","Community","Community water","http://purl.obolibrary.org/obo/EUPATH_0035121","Dist (mins) to primary water source","0 to 600","variable","","","",""
"http://purl.obolibrary.org/obo/EUPATH_0035127","Community","1","","","","Community","","http://www.w3.org/2002/07/owl#Thing","","","category","","","",""
"http://purl.obolibrary.org/obo/ENVO_01000614","Bicycle","1","enrol_dh2::asset_bike","enrol_dh2","","Household","Assets","http://purl.obolibrary.org/obo/EUPATH_0000144","Households have bicycle","0 to 1","value","","","",""
"http://purl.obolibrary.org/obo/EUPATH_0022011","Black and white television","2","enrol_dh2::asset_tvbw","enrol_dh2","","Household","Assets","http://purl.obolibrary.org/obo/EUPATH_0000144","Households have B/W television","0 to 1","value","","","",""
"http://purl.obolibrary.org/obo/ENVO_01000586","Chair","3","enrol_dh2::asset_chair","enrol_dh2","","Household","Assets","http://purl.obolibrary.org/obo/EUPATH_0000144","Has >=1 chair","0 to 1","value","","","",""
"http://purl.obolibrary.org/obo/EUPATH_0035001","Chouki (traditional wooden bed)","4","enrol_dh2::asset_chouki","enrol_dh2","","Household","Assets","http://purl.obolibrary.org/obo/EUPATH_0000144","Has >=1 chouki (bed)","0 to 1","value","","","",""
"http://purl.obolibrary.org/obo/ENVO_01000596","Clock","5","enrol_dh2::asset_clock","enrol_dh2","","Household","Assets","http://purl.obolibrary.org/obo/EUPATH_0000144","Has >=1 clock","0 to 1","value","","","",""
"http://purl.obolibrary.org/obo/EUPATH_0022012","Color television","6","enrol_dh2::asset_tvcol","enrol_dh2","","Household","Assets","http://purl.obolibrary.org/obo/EUPATH_0000144","Households have color television","0 to 1","value","","","",""
"http://purl.obolibrary.org/obo/ENVO_01000595","Cupboard","7","enrol_dh2::asset_wardrobe","enrol_dh2","","Household","Assets","http://purl.obolibrary.org/obo/EUPATH_0000144","Has >=1 wardrobe","0 to 1","value","","","",""
"http://purl.obolibrary.org/obo/EUPATH_0021084","Electricity","8","enrol_dh2::elec","enrol_dh2","","Household","Assets","http://purl.obolibrary.org/obo/EUPATH_0000144","Household has electricity","0 to 1","value","","","",""
"http://purl.obolibrary.org/obo/EUPATH_0035002","Khat (traditional wooden table)","9","enrol_dh2::asset_khat","enrol_dh2","","Household","Assets","http://purl.obolibrary.org/obo/EUPATH_0000144","Has >=1 khat","0 to 1","value","","","",""
"http://purl.obolibrary.org/obo/ENVO_01000582","Landline phone","10","enrol_dh2::asset_phone","enrol_dh2","","Household","Assets","http://purl.obolibrary.org/obo/EUPATH_0000144","Number of land phone","0 to 9","value","","","",""
"http://purl.obolibrary.org/obo/ENVO_01000581","Mobile phone","11","enrol_dh2::asset_mobile","enrol_dh2","","Household","Assets","http://purl.obolibrary.org/obo/EUPATH_0000144","Has >=1 mobile","0 to 1","value","","","",""
"http://purl.obolibrary.org/obo/ENVO_01000615","Motorcycle or scooter","12","enrol_dh2::asset_moto","enrol_dh2","","Household","Assets","http://purl.obolibrary.org/obo/EUPATH_0000144","Households have motorcycle","0 to 1","value","","","",""
"http://purl.obolibrary.org/obo/ENVO_01000577","Radio","13","enrol_dh2::asset_radio","enrol_dh2","","Household","Assets","http://purl.obolibrary.org/obo/EUPATH_0000144","Households have radio","0 to 1","value","","","",""
"http://purl.obolibrary.org/obo/ENVO_01000583","Refrigerator","14","enrol_dh2::asset_refrig","enrol_dh2","","Household","Assets","http://purl.obolibrary.org/obo/EUPATH_0000144","Households have Refrigerator","0 to 1","value","","","",""
"http://purl.obolibrary.org/obo/EUPATH_0035003","Sewing machine","15","enrol_dh2::asset_sewmach","enrol_dh2","","Household","Assets","http://purl.obolibrary.org/obo/EUPATH_0000144","Households have sewing machine","0 to 1","value","","","",""
"http://purl.obolibrary.org/obo/ENVO_01000584","Table","16","enrol_dh2::asset_table","enrol_dh2","","Household","Assets","http://purl.obolibrary.org/obo/EUPATH_0000144","Has >=1 table","0 to 1","value","","","",""
"http://purl.obolibrary.org/obo/ENVO_01000579","Television","17","enrol_dh2::asset_tv","enrol_dh2","","Household","Assets","http://purl.obolibrary.org/obo/EUPATH_0000144","Has bw or color TV","0 to 1","value","","","",""
"http://purl.obolibrary.org/obo/EUPATH_0037011","Chlorine detected in stored drinking water","1","uptake_dh::freechl","uptake_dh","Whether more than 0.1 mg/L of free residual chlorine was detected in stored drinking water. Only water samples collected from households that reported treating their drinking water with some form of chlorine were tested. Assessed for households of target children 1 year after intervention initiation (midline, when target children were 8-15m of age) and 2 years after intervention initiation (endline, when target children were 21-27m of age).","Household","Drinking water treatment","http://purl.obolibrary.org/obo/EUPATH_0010108","Free chlorine detected in stored water (>0.1 mg/L)","0 to 1","variable","","","",""
"http://purl.obolibrary.org/obo/EUPATH_0035006","Improved roof material","1","enrol_dh2::roof","enrol_dh2","Whether the observed main roof material of the target child participant's dwelling was tin or cement. Tin or cement roofs were classified as ""improved"". Assessed for the household at enrollment (when target children were in utero).","Household","Dwelling characteristics","http://purl.obolibrary.org/obo/EUPATH_0000303","Improved roof material (tin, cement)","0 to 1","variable","","","",""
"http://purl.obolibrary.org/obo/EUPATH_0035007","Improved wall material","2","enrol_dh2::walls","enrol_dh2","Whether the observed main wall material of the target child participant's dwelling was wood, brick, or tin. Wood, brick, or tin walls were classified as ""improved"". Assessed for the household at enrollment (when target children were in utero).","Household","Dwelling characteristics","http://purl.obolibrary.org/obo/EUPATH_0000303","Improved wall material (wood, brick, tin)","0 to 1","variable","","","",""
"http://purl.obolibrary.org/obo/EUPATH_0035008","Improved floor material","3","enrol_dh2::floor","enrol_dh2","Whether the observed main floor material of the target child participant's dwelling was wood or concrete. Wood or concrete floors were classified as ""improved"". Assessed for the household at enrollment (when target children were in utero).","Household","Dwelling characteristics","http://purl.obolibrary.org/obo/EUPATH_0000303","Improved floor (wood, concrete)","0 to 1","variable","","","",""
"http://purl.obolibrary.org/obo/EUPATH_0035009","Cement floor","4","enrol_dh2::cement","enrol_dh2","Whether the target child participant's dwelling has a cement floor. Assessed for the household at enrollment (when target children were in utero).","Household","Dwelling characteristics","http://purl.obolibrary.org/obo/EUPATH_0000303","Has cement floor (q4103)","0 to 1","variable","","","",""
"http://purl.obolibrary.org/obo/EUPATH_0011145","Household Food Insecurity Access Scale (HFIAS)","1","enrol_dh2::hfiacat","enrol_dh2","Household Food Insecurity Access Scale category, based on method described in Coates et al. Household Food Insecurity Access Scale (HFIAS) for Measurement of Household Food Access: Indicator Guide (v. 3). Washington, DC: Food and Nutrition Technical Assistance Project, Academy for Educational Development, 2007.  Assessed for the household at enrollment (when target children were in utero).","Household","Food security","http://purl.obolibrary.org/obo/EUPATH_0011683","HFIAS food insecurity category","1 to 4","variable","","","",""
"http://purl.obolibrary.org/obo/EUPATH_0011151","Household Food Insecurity Access Scale (HFIAS) score","2","enrol_dh2::hfias","enrol_dh2","Sum of 9 variables assessing household food access in the past four weeks. Values can range from 0 (least food access insecure) to 27 (most food access insecure). Assessed for the household at enrollment (when target children were in utero).","Household","Food security","http://purl.obolibrary.org/obo/EUPATH_0011683","HFIAs food insecurity score (0-27)","0 to 24","variable","","","",""
"http://purl.obolibrary.org/obo/ENVO_00000004","Country","1","enrol_dh2::country","enrol_dh2","","Household","Geographic location","http://purl.obolibrary.org/obo/GAZ_00000448","","","variable, derived","OBI_0001627","","",""
"http://purl.obolibrary.org/obo/EUPATH_0035013","Union council","2","enrol_dh2::union","enrol_dh2","The smallest rural administrative or local government unit in Bangladesh.","Household","Geographic location","http://purl.obolibrary.org/obo/GAZ_00000448","Administrative union (q4008)","1 to 139","variable","","","",""
"http://purl.obolibrary.org/obo/EUPATH_0044122","Household study timepoint","1","enrol_dh2::svy | uptake_dh::svy","enrol_dh2 | uptake_dh","Survey data on households were collected at enrollment (year 0, baseline), 1 year post-intervention (midline), and 2 years post-intervention (endline).If you would like to view only data from a particular timepoint for all variables, please make sure to select that timepoint for variables in three locations: 'Compound study timepoint' (under 'Compound'), 'Household study timepoint' (under 'Household') and 'Study timepoint' (under 'Observation').","Household","Household","http://purl.obolibrary.org/obo/PCO_0000024","","","variable","","","",""
"http://purl.obolibrary.org/obo/GAZ_00000448","Geographic location","2","","","","Household","Household","http://purl.obolibrary.org/obo/PCO_0000024","","","category","","","",""
"http://purl.obolibrary.org/obo/EUPATH_0000731","Household water","3","","","","Household","Household","http://purl.obolibrary.org/obo/PCO_0000024","","","category","","","",""
"http://purl.obolibrary.org/obo/EUPATH_0000686","Hygiene","4","","","","Household","Household","http://purl.obolibrary.org/obo/PCO_0000024","","","category","","","",""
"http://purl.obolibrary.org/obo/EUPATH_0035116","Nutrition supplementation","5","","","","Household","Household","http://purl.obolibrary.org/obo/PCO_0000024","","","category","","","",""
"http://purl.obolibrary.org/obo/EUPATH_0000304","Socioeconomic factors","6","","","","Household","Household","http://purl.obolibrary.org/obo/PCO_0000024","","","category","","","",""
"http://purl.obolibrary.org/obo/EUPATH_0000303","Dwelling characteristics","7","","","","Household","Household","http://purl.obolibrary.org/obo/PCO_0000024","","","category","","","",""
"http://purl.obolibrary.org/obo/EUPATH_0011995","Household observation details","8","","","","Household","Household","http://purl.obolibrary.org/obo/PCO_0000024","","","","","","",""
"http://purl.obolibrary.org/obo/EUPATH_0037015","Household year","1","uptake_dh::svyyear","uptake_dh","Calendar year in which enrollment (pre-intervention baseline), midline (1 year post-intervention initiation), and endline (2 years post-intervention initiation) data on households and compounds (multiple households sharing a common courtyard) were collected.","Household","Household observation details","http://purl.obolibrary.org/obo/EUPATH_0011995","Year of survey","2012 to 2015","variable","","","",""
"http://purl.obolibrary.org/obo/EUPATH_0037016","Household week","2","uptake_dh::svyweek","uptake_dh","Calendar week in which enrollment (pre-intervention baseline), midline (1 year post-intervention initiation), and endline (2 years post-intervention initiation) data on households and compounds (multiple households sharing a common courtyard) were collected.","Household","Household observation details","http://purl.obolibrary.org/obo/EUPATH_0011995","Week of survey","1 to 52","variable","","","",""
"http://purl.obolibrary.org/obo/EUPATH_0035091","Stored drinking water","1","uptake_dh::storewat","uptake_dh","Whether drinking water was stored. Assessed for the target child's household at enrollment (when target children were in utero), 1 year after intervention initiation (midline, when target children were 8-15m of age) and 2 years after intervention initiation (endline, when target children were 21-27m of age).","Household","Household water","http://purl.obolibrary.org/obo/EUPATH_0000731","Store drinking water (q10001)","0 to 1","variable","","","",""
"http://purl.obolibrary.org/obo/EUPATH_0010108","Drinking water treatment","2","","","","Household","Household water","http://purl.obolibrary.org/obo/EUPATH_0000731","","","category","","","",""
"http://purl.obolibrary.org/obo/EUPATH_0037012","Water and soap at hand washing location","1","uptake_dh::hwsws","uptake_dh","Whether the primary hand washing location has both water and soap. Assessed for the target child's household at enrollment (when target children were in utero), 1 year after intervention initiation (midline, when target children were 8-15m of age) and 2 years after intervention initiation (endline, when target children were 21-27m of age).","Household","Hygiene","http://purl.obolibrary.org/obo/EUPATH_0000686","Prim handwashing loc has water+soap (q704_1-6)","0 to 1","variable","","","",""
"http://purl.obolibrary.org/obo/EUPATH_0035034","Water at hand washing location","2","uptake_dh::hwsw","uptake_dh","Whether the primary hand washing location has water. Assessed for the target child's household at enrollment (when target children were in utero), 1 year after intervention initiation (midline, when target children were 8-15m of age) and 2 years after intervention initiation (endline, when target children were 21-27m of age).","Household","Hygiene","http://purl.obolibrary.org/obo/EUPATH_0000686","Prim handwashing loc has water (q704_1)","0 to 1","variable","","","",""
"http://purl.obolibrary.org/obo/EUPATH_0035035","Soap at hand washing location","3","uptake_dh::hwss","uptake_dh","Whether the primary hand washing location has soap. Assessed for the target child's household at enrollment (when target children were in utero), 1 year after intervention initiation (midline, when target children were 8-15m of age) and 2 years after intervention initiation (endline, when target children were 21-27m of age).","Household","Hygiene","http://purl.obolibrary.org/obo/EUPATH_0000686","Prim handwashing loc has soap (q704_2-6)","0 to 1","variable","","","",""
"http://purl.obolibrary.org/obo/EUPATH_0035031","Percent LNS consumed, caregiver report","1","uptake_dh::rlnsp","uptake_dh","Percent of expected lipid-based nutrient supplement (LNS) sachets consumed by the household, as reported by the mother. The study only provided households with LN provided LNS only to target children because older, age-eligible siblings were rare in the study population. The expected number of sachets for 100% adherence is 14 sachets (7 days x 2 sachets per day). Assessed for the household 1 year after intervention initiation (midline, when target children were 8-15m of age) and 2 years after intervention initiation (endline, when target children were 21-27m of age). Analyses utilized this measurement of LNS consumption.","Household","Nutrition supplementation","http://purl.obolibrary.org/obo/EUPATH_0035116","Percent of expected LNS sachets consumed (reported)","0 to 3.5","variable","","","",""
"http://purl.obolibrary.org/obo/EUPATH_0035030","LNS consumed, caregiver report","2","uptake_dh::rlnsn","uptake_dh","Number of lipid-based nutrient supplement (LNS) sachets consumed by the household per week, as reported by the mother. Housholds were only provided with LNS for target children because older, age-eligible siblings were rare in the study population. The expected number of sachets for 100% adherence is 14 sachets (7 days x 2 sachets per day). Assessed for the household 1 year after intervention initiation (midline, when target children were 8-15m of age) and 2 years after intervention initiation (endline, when target children were 21-27m of age).","Household","Nutrition supplementation","http://purl.obolibrary.org/obo/EUPATH_0035116","LNS sachets consumed per week (reported)","0 to 49","variable","","","",""
"http://purl.obolibrary.org/obo/EUPATH_0035029","Percent LNS consumed","3","uptake_dh::lnsp_new","uptake_dh","Percent of expected lipid-based nutrient supplement (LNS) sachets consumed by the household per week, based on counting sachets present at the time of a field visit. Housholds were only provided with LNS for target children because older, age-eligible siblings were rare in the study population. The expected number of sachets for 100% adherence is 14 sachets (7 days x 2 sachets per day). Values of LNS consumed that were negative or >28 were flagged. Assessed for the household 1 year after intervention initiation (midline, when target children were 8-15m of age) and 2 years after intervention initiation (endline, when target children were 21-27m of age).","Household","Nutrition supplementation","http://purl.obolibrary.org/obo/EUPATH_0035116","","","variable, derived","","","",""
"http://purl.obolibrary.org/obo/EUPATH_0035027","LNS consumed","4","uptake_dh::lnsn","uptake_dh","Number of lipid-based nutrient supplement (LNS) sachets consumed by the household per week, based on counting sachets present at the time of a field visit. Housholds were only provided with LNS for target children because older, age-eligible siblings were rare in the study population. The expected number of sachets for 100% adherence is 14 sachets (7 days x 2 sachets per day). Values of LNS consumed that were negative or >28 were flagged.  Assessed for the household 1 year after intervention initiation (midline, when target children were 8-15m of age) and 2 years after intervention initiation (endline, when target children were 21-27m of age).","Household","Nutrition supplementation","http://purl.obolibrary.org/obo/EUPATH_0035116","","","variable","","","",""
"http://purl.obolibrary.org/obo/EUPATH_0035028","LNS consumed flag","5","uptake_dh::lnsn_flag","uptake_dh","Whether the number of lipid-based nutrient supplement (LNS) sachets consumed by the household per week was flagged for being negative or greater than 28. Assessed for the household 1 year after intervention initiation (midline, when target children were 8-15m of age) and 2 years after intervention initiation (endline, when target children were 21-27m of age).","Household","Nutrition supplementation","http://purl.obolibrary.org/obo/EUPATH_0035116","","","variable, derived","","","",""
"http://purl.obolibrary.org/obo/EUPATH_0035042","Maternal education level","1","enrol_dh2::momedu","enrol_dh2","Categorization of the amount of education completed by the target child participant's mother. Assessed for the household at enrollment (when target children were in utero).","Household","Schooling","http://purl.obolibrary.org/obo/EUPATH_0011708","Mother's education (category)","0 to 2","variable","","","",""
"http://purl.obolibrary.org/obo/EUPATH_0011605","Maternal education (years)","2","enrol_dh2::momeduy","enrol_dh2","Number of years of education completed by the target child participant's mother. Assessed for the household at enrollment (when target children were in utero).","Household","Schooling","http://purl.obolibrary.org/obo/EUPATH_0011708","Mother, years of education (q009)","0 to 17","variable","","","",""
"http://purl.obolibrary.org/obo/EUPATH_0035043","Paternal education (years)","3","enrol_dh2::dadeduy","enrol_dh2","Number of years of education completed by the target child participant's father. Assessed for the household at enrollment (when target children were in utero).","Household","Schooling","http://purl.obolibrary.org/obo/EUPATH_0011708","Father, years of education (q010)","0 to 17","variable","","","",""
"http://purl.obolibrary.org/obo/EUPATH_0000019","Persons living in house count","1","enrol_dh2::nhh","enrol_dh2","Total number of people that lived in the target child participant's household. Assessed for the household at enrollment (when target children were in utero).","Household","Socioeconomic factors","http://purl.obolibrary.org/obo/EUPATH_0000304","Number of persons in household (q012)","1 to 23","variable","","","",""
"http://purl.obolibrary.org/obo/EUPATH_0035045","Persons 18yrs and younger living in house","2","enrol_dh2::nlt18","enrol_dh2","Total number of children 18 years of age and younger that lived in the target child participant's household. Assessed for the household at enrollment (when target children were in utero).","Household","Socioeconomic factors","http://purl.obolibrary.org/obo/EUPATH_0000304","N indivs in HH <=18y","0 to 10","variable","","","",""
"http://purl.obolibrary.org/obo/EUPATH_0011683","Food security","3","","","","Household","Socioeconomic factors","http://purl.obolibrary.org/obo/EUPATH_0000304","","","category","","","",""
"http://purl.obolibrary.org/obo/EUPATH_0011708","Schooling","4","","","","Household","Socioeconomic factors","http://purl.obolibrary.org/obo/EUPATH_0000304","","","category","","","",""
"http://purl.obolibrary.org/obo/EUPATH_0000026","Acres","5","enrol_dh2::landacre","enrol_dh2","Acres of land owned by the target child participant's household. Assessed for the household at enrollment (when target children were in utero).","Household","Socioeconomic factors","http://purl.obolibrary.org/obo/EUPATH_0000304","Acres of land owned (q4110: How much homestead land (decimal) does your household own?)","0 to 8.88","variable","","","",""
"http://purl.obolibrary.org/obo/EUPATH_0000144","Assets","6","","enrol_dh2","Whether the target child participant's household owns any of the following items. Assessed for the household at enrollment (when target children were in utero).","Household","Socioeconomic factors","http://purl.obolibrary.org/obo/EUPATH_0000304","","","multifilter","","","",""
"http://purl.obolibrary.org/obo/EUPATH_0035046","Chair count","7","enrol_dh2::n_asset_chair","enrol_dh2","Number of chairs owned by the target child participant's household. Assessed for the household at enrollment (when target children were in utero).","Household","Socioeconomic factors","http://purl.obolibrary.org/obo/EUPATH_0000304","Number of Chair","0 to 25","variable","","","",""
"http://purl.obolibrary.org/obo/EUPATH_0035047","Chouki (traditional wooden bed) count","8","enrol_dh2::n_asset_chouki","enrol_dh2","Number of chouki (a traditional wooden bed that is an indicator of wealth in the study population) owned by the target child participant's household. Assessed for the household at enrollment (when target children were in utero).","Household","Socioeconomic factors","http://purl.obolibrary.org/obo/EUPATH_0000304","Number of chouki (bed)","0 to 6","variable","","","",""
"http://purl.obolibrary.org/obo/EUPATH_0035048","Clock count","9","enrol_dh2::n_asset_clock","enrol_dh2","Number of clocks owned by the target child participant's household. Assessed for the household at enrollment (when target children were in utero).","Household","Socioeconomic factors","http://purl.obolibrary.org/obo/EUPATH_0000304","Number of clock","0 to 10","variable","","","",""
"http://purl.obolibrary.org/obo/EUPATH_0035049","Cupboard count","10","enrol_dh2::n_asset_wardrobe","enrol_dh2","Number of wardrobes owned by the target child participant's household. Assessed for the household at enrollment (when target children were in utero).","Household","Socioeconomic factors","http://purl.obolibrary.org/obo/EUPATH_0000304","Number of wardrobes","0 to 8","variable","","","",""
"http://purl.obolibrary.org/obo/EUPATH_0035050","Khat (traditional wooden table) count","11","enrol_dh2::n_asset_khat","enrol_dh2","Number of khat (a traditional wooden table that is an indicator of wealth in the study population) owned by the target child participant's household. Assessed for the household at enrollment (when target children were in utero).","Household","Socioeconomic factors","http://purl.obolibrary.org/obo/EUPATH_0000304","Number of Khat","0 to 10","variable","","","",""
"http://purl.obolibrary.org/obo/EUPATH_0035051","Mobile phone count","12","enrol_dh2::n_asset_mobile","enrol_dh2","Number of mobile phones owned by the target child participant's household. Assessed for the household at enrollment (when target children were in utero).","Household","Socioeconomic factors","http://purl.obolibrary.org/obo/EUPATH_0000304","Number of mobile phone","0 to 13","variable","","","",""
"http://purl.obolibrary.org/obo/EUPATH_0035052","Table count","13","enrol_dh2::n_asset_table","enrol_dh2","Number of tables owned by the target child participant's household. Assessed for the household at enrollment (when target children were in utero).","Household","Socioeconomic factors","http://purl.obolibrary.org/obo/EUPATH_0000304","Number of Tables","0 to 10","variable","","","",""
"http://purl.obolibrary.org/obo/PCO_0000024","Household","1","","","","Household","","http://www.w3.org/2002/07/owl#Thing","","","category","","","","yes"
"http://purl.obolibrary.org/obo/EUPATH_0035061","Severely stunted","1","anthro_dh::lazminus3","anthro_dh","Whether the target child participant was severely stunted, defined as having a length- or height-for-age z-score of less than -3. Anthropometry of target children was assessed 1 year after intervention initiation (midline, when target children were 8-15m of age) and 2 years after intervention initiation (endline, when target children were 21-27m of age).","Observation","Anthropometry","http://purl.obolibrary.org/obo/EUPATH_0000649","Severely Stunted (LAZ<-3)","0 to 1","variable","","","",""
"http://purl.obolibrary.org/obo/EUPATH_0035062","Stunted","2","anthro_dh::lazminus2","anthro_dh","Whether the target child participant was stunted, defined as having a length- or height-for-age z-score of less than -2. Anthropometry of target children was assessed 1 year after intervention initiation (midline, when target children were 8-15m of age) and 2 years after intervention initiation (endline, when target children were 21-27m of age).","Observation","Anthropometry","http://purl.obolibrary.org/obo/EUPATH_0000649","Stunted (LAZ<-2)","0 to 1","variable","","","",""
"http://purl.obolibrary.org/obo/EUPATH_0035063","Severely wasted","3","anthro_dh::whzminus3","anthro_dh","Whether the target child participant was severely wasted, defined as having a weight-for-length or -height z-score of less than -3. Anthropometry of target children was assessed 1 year after intervention initiation (midline, when target children were 8-15m of age) and 2 years after intervention initiation (endline, when target children were 21-27m of age).","Observation","Anthropometry","http://purl.obolibrary.org/obo/EUPATH_0000649","Severely Wasted (WHZ<-3)","0 to 1","variable","","","",""
"http://purl.obolibrary.org/obo/EUPATH_0035064","Wasted","4","anthro_dh::whzminus2","anthro_dh","Whether the target child participant was wasted, defined as having a weight-for-length or -height z-score of less than -2. Anthropometry of target children was assessed 1 year after intervention initiation (midline, when target children were 8-15m of age) and 2 years after intervention initiation (endline, when target children were 21-27m of age).","Observation","Anthropometry","http://purl.obolibrary.org/obo/EUPATH_0000649","Wasted (WHZ<-2)","0 to 1","variable","","","",""
"http://purl.obolibrary.org/obo/EUPATH_0035065","Severely underweight","5","anthro_dh::wazminus3","anthro_dh","Whether the target child participant was severely underweight, defined as having a weight-for-age z-score of less than -3. Anthropometry of target children was assessed 1 year after intervention initiation (midline, when target children were 8-15m of age) and 2 years after intervention initiation (endline, when target children were 21-27m of age).","Observation","Anthropometry","http://purl.obolibrary.org/obo/EUPATH_0000649","Severely Underweight (WAZ<-3)","0 to 1","variable","","","",""
"http://purl.obolibrary.org/obo/EUPATH_0035066","Underweight","6","anthro_dh::wazminus2","anthro_dh","Whether the target child participant was underweight, defined as having a weight-for-age z-score of less than -2. Anthropometry of target children was assessed 1 year after intervention initiation (midline, when target children were 8-15m of age) and 2 years after intervention initiation (endline, when target children were 21-27m of age).","Observation","Anthropometry","http://purl.obolibrary.org/obo/EUPATH_0000649","Underweight (WAZ<-2)","0 to 1","variable","","","",""
"http://purl.obolibrary.org/obo/EUPATH_0035067","Length- or height-for-age z-score, using median stature","7","anthro_dh::laz","anthro_dh","Length- or height-for-age z-score for the target child participant, using median stature. Values greater than 6 or less than -6 were flagged and set to missing.  Anthropometry of target children was assessed 1 year after intervention initiation (midline, when target children were 8-15m of age) and 2 years after intervention initiation (endline, when target children were 21-27m of age).","Observation","Anthropometry","http://purl.obolibrary.org/obo/EUPATH_0000649","Length/height-for-age Z-score","-5.68 to 5.18","variable","","","",""
"http://purl.obolibrary.org/obo/EUPATH_0035068","Length- or height-for-age z-score flag","8","anthro_dh::laz_x","anthro_dh","Whether the length- or height-for-age z-score for the target child participant was flagged for being greater than 6 or less than -6. Anthropometry of target children was assessed 1 year after intervention initiation (midline, when target children were 8-15m of age) and 2 years after intervention initiation (endline, when target children were 21-27m of age).","Observation","Anthropometry","http://purl.obolibrary.org/obo/EUPATH_0000649","Abs(LAZ)>6, set to missing","0 to 1","variable","","","",""
"http://purl.obolibrary.org/obo/EUPATH_0035069","Weight-for-length or -height z-score, using median weight and median length or height","9","anthro_dh::whz","anthro_dh","Weight-for-length or -height z-score for the target child participant, using median weight and median length or height. Values greater than 5 or less than -5 were flagged and set to missing.  Anthropometry of target children was assessed 1 year after intervention initiation (midline, when target children were 8-15m of age) and 2 years after intervention initiation (endline, when target children were 21-27m of age).","Observation","Anthropometry","http://purl.obolibrary.org/obo/EUPATH_0000649","Weight-for-length/height Z-score","-4.91 to 4.97","variable","","","",""
"http://purl.obolibrary.org/obo/EUPATH_0035070","Weight-for-length or -height z-score flag","10","anthro_dh::whz_x","anthro_dh","Whether the weight-for-length or -height z-score for the target child participant was flagged for being greater than 5 or less than -5. Anthropometry of target children was assessed 1 year after intervention initiation (midline, when target children were 8-15m of age) and 2 years after intervention initiation (endline, when target children were 21-27m of age).","Observation","Anthropometry","http://purl.obolibrary.org/obo/EUPATH_0000649","Abs(WHZ)>5, set to missing","0 to 1","variable","","","",""
"http://purl.obolibrary.org/obo/EUPATH_0035071","BMI-for-age z-score, using median weight and median length or height","11","anthro_dh::bmiz","anthro_dh","BMI-for-age z-score for the target child participant, using median weight and median length or height. Values greater than 5 or less than -5 were flagged and set to missing.  Anthropometry of target children was assessed 1 year after intervention initiation (midline, when target children were 8-15m of age) and 2 years after intervention initiation (endline, when target children were 21-27m of age).","Observation","Anthropometry","http://purl.obolibrary.org/obo/EUPATH_0000649","BMI-for-age Z-score","-4.57 to 4.67","variable","","","",""
"http://purl.obolibrary.org/obo/EUPATH_0035072","BMI-for-age z-score flag","12","anthro_dh::bmiz_x","anthro_dh","Whether the BMI-for-age z-score for the target child participant was flagged for being greater than 5 or less than -5. Anthropometry of target children was assessed 1 year after intervention initiation (midline, when target children were 8-15m of age) and 2 years after intervention initiation (endline, when target children were 21-27m of age).","Observation","Anthropometry","http://purl.obolibrary.org/obo/EUPATH_0000649","Abs(BMIZ)>5, set to missing","0 to 1","variable","","","",""
"http://purl.obolibrary.org/obo/EUPATH_0035073","Weight-for-age z-score, using median weight","13","anthro_dh::waz","anthro_dh","Weight-for-age z-score for the target child participant, using median weight. Values greater than 5 or less than -6 were flagged and set to missing.  Anthropometry of target children was assessed 1 year after intervention initiation (midline, when target children were 8-15m of age) and 2 years after intervention initiation (endline, when target children were 21-27m of age).","Observation","Anthropometry","http://purl.obolibrary.org/obo/EUPATH_0000649","Weight-for-age Z-score","-5.48 to 4.28","variable","","","",""
"http://purl.obolibrary.org/obo/EUPATH_0035074","Weight-for-age z-score flag","14","anthro_dh::waz_x","anthro_dh","Whether the weight-for-age z-score for the target child participant was flagged for being greater than 5 or less than -6. Anthropometry of target children was assessed 1 year after intervention initiation (midline, when target children were 8-15m of age) and 2 years after intervention initiation (endline, when target children were 21-27m of age).","Observation","Anthropometry","http://purl.obolibrary.org/obo/EUPATH_0000649","WAZ < -6 or WAZ > 5, set to missing","0 to 1","variable","","","",""
"http://purl.obolibrary.org/obo/EUPATH_0035075","Head circumference-for-age z-score, using median circumference","15","anthro_dh::hcz","anthro_dh","Head circumference-for-age z-score for the target child participant, using median circumference. Values greater than 5 or less than -5 were flagged and set to missing.  Anthropometry of target children was assessed 1 year after intervention initiation (midline, when target children were 8-15m of age) and 2 years after intervention initiation (endline, when target children were 21-27m of age).","Observation","Anthropometry","http://purl.obolibrary.org/obo/EUPATH_0000649","Head circumference-for-age z-score","-4.96 to 3.33","variable","","","",""
"http://purl.obolibrary.org/obo/EUPATH_0035076","Head circumference-for-age z-score flag","16","anthro_dh::hcz_x","anthro_dh","Whether the head circumference-for-age z-score for the target child participant was flagged for being greater than 5 or less than -5. Anthropometry of target children was assessed 1 year after intervention initiation (midline, when target children were 8-15m of age) and 2 years after intervention initiation (endline, when target children were 21-27m of age).","Observation","Anthropometry","http://purl.obolibrary.org/obo/EUPATH_0000649","Abs(HCZ)>5, set to missing","0 to 1","variable","","","",""
"http://purl.obolibrary.org/obo/EUPATH_0035077","Median stature (cm)","17","anthro_dh::length","anthro_dh","Median stature of the target child participant, in cm. Stature was measured as either recumbent length or height while standing.  Anthropometry of target children was assessed 1 year after intervention initiation (midline, when target children were 8-15m of age) and 2 years after intervention initiation (endline, when target children were 21-27m of age).","Observation","Anthropometry","http://purl.obolibrary.org/obo/EUPATH_0000649","* Child length (median), cm","42.15 to 99.65","variable","","","",""
"http://purl.obolibrary.org/obo/EUPATH_0011893","Stature (cm)","18","anthro_dh::c414","anthro_dh","Measurement #1 of the stature of the target child participant, in cm. Stature was measured as either recumbent length or height while standing. Anthropometry of target children was assessed 1 year after intervention initiation (midline, when target children were 8-15m of age) and 2 years after intervention initiation (endline, when target children were 21-27m of age).","Observation","Anthropometry","http://purl.obolibrary.org/obo/EUPATH_0000649","Child length meas 1","42.1 to 999.9","variable","","","",""
"http://purl.obolibrary.org/obo/EUPATH_0035078","Stature (cm), 2nd","19","anthro_dh::c415","anthro_dh","Measurement #2 of the stature of the target child participant, in cm. Stature was measured as either recumbent length or height while standing. Anthropometry of target children was assessed 1 year after intervention initiation (midline, when target children were 8-15m of age) and 2 years after intervention initiation (endline, when target children were 21-27m of age).","Observation","Anthropometry","http://purl.obolibrary.org/obo/EUPATH_0000649","Child length meas 2","42.2 to 999.9","variable","","","",""
"http://purl.obolibrary.org/obo/EUPATH_0035079","Stature (cm), 3rd","20","anthro_dh::c416","anthro_dh","Measurement #3 of the stature of the target child participant, in cm. Stature was measured as either recumbent length or height while standing. A 3rd measurement was only taken if the difference between measures 1 & 2 was greater than or equal to 0.5 cm. Anthropometry of target children was assessed 1 year after intervention initiation (midline, when target children were 8-15m of age) and 2 years after intervention initiation (endline, when target children were 21-27m of age).","Observation","Anthropometry","http://purl.obolibrary.org/obo/EUPATH_0000649","Child length meas 3","0 to 999.9","variable","","","",""
"http://purl.obolibrary.org/obo/EUPATH_0035080","Median weight (kg)","21","anthro_dh::weight","anthro_dh","Median weight of the target child participant, in kg. Target child participant weight was either assessed directly or by measuring the weight of the mother plus the target child and subtracting out the mother's weight. Anthropometry of target children was assessed 1 year after intervention initiation (midline, when target children were 8-15m of age) and 2 years after intervention initiation (endline, when target children were 21-27m of age).","Observation","Anthropometry","http://purl.obolibrary.org/obo/EUPATH_0000649","* Child weight (median), kg","3.275 to 19","variable","","","",""
"http://purl.obolibrary.org/obo/IAO_0000414","Weight","22","anthro_dh::c411","anthro_dh","Direct measurement #1 of the weight of the target child participant, in kg. These direct weight measurement were reserved for endline anthropometric assessment and did not occur at the midline assessment. Target child participants who were not weighed directly at the endline assessment were weighed in combination with their mother.","Participant","Anthropometry","http://purl.obolibrary.org/obo/EUPATH_0000649","Child weight meas 1","5.2 to 19","variable","EUPATH_0000732","kg","http://purl.obolibrary.org/obo/UO_0000009",""
"http://purl.obolibrary.org/obo/EUPATH_0035081","Weight (kg), 2nd","23","anthro_dh::c412","anthro_dh","Direct measurement #2 of the weight of the target child participant, in kg. These direct weight measurement were reserved for endline anthropometric assessment and did not occur at the midline assessment. Target child participants who were not weighed directly at the endline assessment were weighed in combination with their mother.","Observation","Anthropometry","http://purl.obolibrary.org/obo/EUPATH_0000649","Child weight meas 2","5.2 to 19","variable","","","",""
"http://purl.obolibrary.org/obo/EUPATH_0035082","Weight (kg), 3rd","24","anthro_dh::c413","anthro_dh","Direct measurement #3 of the weight of the target child participant, in kg. These direct weight measurement were reserved for endline anthropometric assessment and did not occur at the midline assessment. Target child participants who were not weighed directly at the endline assessment were weighed in combination with their mother. A 3rd measurement was only taken if the difference between measures 1 & 2 is greater than or equal to 0.1 kg.","Observation","Anthropometry","http://purl.obolibrary.org/obo/EUPATH_0000649","Child weight meas 3","8.25 to 14.35","variable","","","",""
"http://purl.obolibrary.org/obo/EUPATH_0035083","Median head circumference (cm)","25","anthro_dh::headcir","anthro_dh","Median head circumference of the target child participant, in cm. Anthropometry of target children was assessed 1 year after intervention initiation (midline, when target children were 8-15m of age) and 2 years after intervention initiation (endline, when target children were 21-27m of age).","Observation","Anthropometry","http://purl.obolibrary.org/obo/EUPATH_0000649","* Child head circumference (median), cm","34.95 to 69.15","variable","","","",""
"http://purl.obolibrary.org/obo/EUPATH_0000683","Head circumference","26","anthro_dh::c418","anthro_dh","Measurement #1 of the head circumference of the target child participant, in cm. Anthropometry of target children was assessed 1 year after intervention initiation (midline, when target children were 8-15m of age) and 2 years after intervention initiation (endline, when target children were 21-27m of age).","Participant","Anthropometry","http://purl.obolibrary.org/obo/EUPATH_0000649","Head circumference meas 1","34.9 to 99.9","variable","","cm","http://purl.obolibrary.org/obo/UO_0000015",""
"http://purl.obolibrary.org/obo/EUPATH_0035084","Head circumference (cm), 2nd","27","anthro_dh::c419","anthro_dh","Measurement #2 of the head circumference of the target child participant, in cm. Anthropometry of target children was assessed 1 year after intervention initiation (midline, when target children were 8-15m of age) and 2 years after intervention initiation (endline, when target children were 21-27m of age).","Observation","Anthropometry","http://purl.obolibrary.org/obo/EUPATH_0000649","Head circumference meas 2","35 to 99.9","variable","","","",""
"http://purl.obolibrary.org/obo/EUPATH_0035085","Head circumference (cm), 3rd","28","anthro_dh::c420","anthro_dh","Measurement #3 of the head circumference of the target child participant, in cm. Anthropometry of target children was assessed 1 year after intervention initiation (midline, when target children were 8-15m of age) and 2 years after intervention initiation (endline, when target children were 21-27m of age).","Observation","Anthropometry","http://purl.obolibrary.org/obo/EUPATH_0000649","Head circumference meas 3","37.5 to 442.4","variable","","","",""
"http://purl.obolibrary.org/obo/EUPATH_0010070","Caregiver plus participant weight","29","anthro_dh::c408","anthro_dh","Measurement #1 of the weight of the target child participant plus the mother, in kg. Anthropometry of target children was assessed 1 year after intervention initiation (midline, when target children were 8-15m of age) and 2 years after intervention initiation (endline, when target children were 21-27m of age). Mother plus target child participant weights may not have been recorded at the endline anthropometry assessment if the target child was weighed directly.","Participant","Anthropometry","http://purl.obolibrary.org/obo/EUPATH_0000649","Child weight w/ mother meas 1","33.25 to 92.95","variable","","kg","http://purl.obolibrary.org/obo/UO_0000009",""
"http://purl.obolibrary.org/obo/EUPATH_0035086","Caregiver plus participant weight (kg), 2nd","30","anthro_dh::c409","anthro_dh","Measurement #2 of the weight of the target child participant plus the mother, in kg. Anthropometry of target children was assessed 1 year after intervention initiation (midline, when target children were 8-15m of age) and 2 years after intervention initiation (endline, when target children were 21-27m of age). Mother plus target child participant weights may not have been recorded at the endline anthropometry assessment if the target child was weighed directly.","Observation","Anthropometry","http://purl.obolibrary.org/obo/EUPATH_0000649","Child weight w/ mother meas 2","33.05 to 92.75","variable","","","",""
"http://purl.obolibrary.org/obo/EUPATH_0035087","Caregiver plus participant weight (kg), 3rd","31","anthro_dh::c410","anthro_dh","Measurement #3 of the weight of the target child participant plus the mother, in kg. A 3rd measurement was only taken if the difference between measures 1 & 2 is greater than or equal to 0.1 kg. Anthropometry of target children was assessed 1 year after intervention initiation (midline, when target children were 8-15m of age) and 2 years after intervention initiation (endline, when target children were 21-27m of age). Mother plus target child participant weights may not have been recorded at the endline anthropometry assessment if the target child was weighed directly.","Observation","Anthropometry","http://purl.obolibrary.org/obo/EUPATH_0000649","Child weight w/ mother meas 3","33.15 to 92.95","variable","","","",""
"http://purl.obolibrary.org/obo/EUPATH_0010071","Caregiver weight","32","anthro_dh::c404","anthro_dh","Measurement #1 of the weight of the target child participant's mother, in kg. Anthropometry of target children was assessed 1 year after intervention initiation (midline, when target children were 8-15m of age) and 2 years after intervention initiation (endline, when target children were 21-27m of age). Mother's weights may not have been recorded at the endline anthropometry assessment if the target child was weighed directly.","Participant","Anthropometry","http://purl.obolibrary.org/obo/EUPATH_0000649","Maternal weight meas 1","26.15 to 90","variable","","kg","http://purl.obolibrary.org/obo/UO_0000009",""
"http://purl.obolibrary.org/obo/EUPATH_0035088","Caregiver weight (kg), 2nd","33","anthro_dh::c405","anthro_dh","Measurement #2 of the weight of the target child participant's mother, in kg. Anthropometry of target children was assessed 1 year after intervention initiation (midline, when target children were 8-15m of age) and 2 years after intervention initiation (endline, when target children were 21-27m of age). Mother's weights may not have been recorded at the endline anthropometry assessment if the target child was weighed directly.","Observation","Anthropometry","http://purl.obolibrary.org/obo/EUPATH_0000649","Maternal weight meas 2","26.2 to 90","variable","","","",""
"http://purl.obolibrary.org/obo/EUPATH_0035089","Caregiver weight (kg), 3rd","34","anthro_dh::c406","anthro_dh","Measurement #3 of the weight of the target child participant's mother, in kg. A 3rd measurement was only taken if the difference between measures 1 & 2 is greater than or equal to 0.1 kg. Anthropometry of target children was assessed 1 year after intervention initiation (midline, when target children were 8-15m of age) and 2 years after intervention initiation (endline, when target children were 21-27m of age). Mother's weights may not have been recorded at the endline anthropometry assessment if the target child was weighed directly.","Observation","Anthropometry","http://purl.obolibrary.org/obo/EUPATH_0000649","Maternal weight meas 3","27.7 to 82.65","variable","","","",""
"http://purl.obolibrary.org/obo/OBI_0001508","Study timepoint","1","diar_dh::svy | anthro_dh::svy","anthro_dh | diar_dh","Survey data on participants were collected at enrollment (year 0, baseline), 1 year post-intervention (midline), and 2 years post-intervention (endline). Outcomes were measured after 1 year (midline) and 2 years (endline) of intervention delivery. If you would like to view only data from a particular timepoint for all variables, please make sure to select that timepoint for variables in three locations: 'Compound study timepoint' (under 'Compound'), 'Household study timepoint' (under 'Household') and 'Study timepoint' (under 'Observation').","Observation","Observation","http://purl.obolibrary.org/obo/EUPATH_0000738","Survey round (0,1,2)","1 to 2 | 0 to 2","variable","","","",""
"http://purl.obolibrary.org/obo/OBI_0001169","Age","2","anthro_dh::aged | diar_dh::agedays","anthro_dh | diar_dh","","Participant","Observation details","http://purl.obolibrary.org/obo/EUPATH_0000310","Age in days (anthro meas) | Age in days","-42 to 2013 | 42 to 1159","variable","EUPATH_0000579","days","http://purl.obolibrary.org/obo/UO_0000033",""
"http://purl.obolibrary.org/obo/EUPATH_0000649","Anthropometry","4","","","","Observation","Observation","http://purl.obolibrary.org/obo/EUPATH_0000738","","","category","","","",""
"http://purl.obolibrary.org/obo/EUPATH_0000309","Signs and symptoms","5","","","","Observation","Observation","http://purl.obolibrary.org/obo/EUPATH_0000738","","","category","","","",""
"http://purl.obolibrary.org/obo/EUPATH_0000310","Observation details","6","","","","Observation","Observation","http://purl.obolibrary.org/obo/EUPATH_0000738","","","category","","","",""
"http://purl.obolibrary.org/obo/EUPATH_0010374","Year","1","diar_dh::svyyear | anthro_dh::anthroyear","anthro_dh | diar_dh","Calendar year in which data on participants were collected.","Observation","Observation details","http://purl.obolibrary.org/obo/EUPATH_0000310","Year of survey | Year of anthropometry measurement","2013 to 2015 | 2012 to 2015","variable","","","",""
"http://purl.obolibrary.org/obo/EUPATH_0035095","Month","2","anthro_dh::month | diar_dh::month","anthro_dh | diar_dh","Calendar month in which data on participants was collected.","Observation","Observation details","http://purl.obolibrary.org/obo/EUPATH_0000310","Month of measurement","1 to 12","variable","","","",""
"http://purl.obolibrary.org/obo/EUPATH_0035096","Week","3","diar_dh::svyweek | anthro_dh::anthroweek","anthro_dh | diar_dh","Calendar week in which data on participants were collected.","Observation","Observation details","http://purl.obolibrary.org/obo/EUPATH_0000310","Week of survey | Week of anthropometry measurement","1 to 52","variable","","","",""
"http://purl.obolibrary.org/obo/EUPATH_0035022","Reason missing follow-up","7","diar_dh::missreason","diar_dh","Reason target child participant was not assessed at one or more follow-up study timepoints. Target children were to be assessed 1 year after intervention initiation (midline, when target children were 8-15m of age) and 2 years after intervention initiation (endline, when target children were 21-27m of age).","Observation","Observation details","http://purl.obolibrary.org/obo/EUPATH_0000310","Reason not measured at year 1 or 2","0 to 5","variable","","","",""
"http://purl.obolibrary.org/obo/EUPATH_0011878","Symptoms by caregiver report","1","","","","Observation","Signs and symptoms","http://purl.obolibrary.org/obo/EUPATH_0000309","","","category","","","",""
"http://purl.obolibrary.org/obo/EUPATH_0035097","Diarrhea case during the last 7 days, caregiver report","1","diar_dh::diar7d","diar_dh","Whether the participant was classified as a diarrhea case within the last 7 days. To meet the definition for a diarrhea case, the participant must have had 3+ loose or watery stools in 24 hours OR 1+ stool with blood. This variable, with a 7-day recall period, was used in the primary analysis to improve power as there was no evidence for differential recall by arm. Caregiver reported symptoms were assessed in target children 1 year after intervention initiation (midline, when target children were 8-15m of age) and 2 years after intervention initiation (endline, when target children were 21-27m of age). Caregiver reported symptoms were also assessed in sibling/neighbor participants at enrollment, midline, and endline.","Observation","Symptoms by caregiver report","http://purl.obolibrary.org/obo/EUPATH_0011878","* Diarrhea case, 7d recall","0 to 1","variable","","","",""
"http://purl.obolibrary.org/obo/EUPATH_0035098","Diarrhea case during the last 2 days, caregiver report","2","diar_dh::diar2d","diar_dh","Whether the participant was classified as a diarrhea case within the last 2 days. To meet the definition for a diarrhea case, the participant must have had 3+ loose or watery stools in 24 hours OR 1+ stool with blood. Caregiver reported symptoms were assessed in target children 1 year after intervention initiation (midline, when target children were 8-15m of age) and 2 years after intervention initiation (endline, when target children were 21-27m of age). Caregiver reported symptoms were also assessed in sibling/neighbor participants at enrollment, midline, and endline.","Observation","Symptoms by caregiver report","http://purl.obolibrary.org/obo/EUPATH_0011878","* Diarrhea case, 2d recall","0 to 1","variable","","","",""
"http://purl.obolibrary.org/obo/EUPATH_0035099","Loose or watery stools during last 7 days, caregiver report","3","diar_dh::dloose7d","diar_dh","Whether the participant had loose or watery stools within in the last 2 days. Caregiver reported symptoms were assessed in target children 1 year after intervention initiation (midline, when target children were 8-15m of age) and 2 years after intervention initiation (endline, when target children were 21-27m of age). Caregiver reported symptoms were also assessed in sibling/neighbor participants at enrollment, midline, and endline.","Observation","Symptoms by caregiver report","http://purl.obolibrary.org/obo/EUPATH_0011878","Loose or watery stool, 7d recall","0 to 1","variable","","","",""
"http://purl.obolibrary.org/obo/EUPATH_0035100","Loose or watery stools during last 2 days, caregiver report","4","diar_dh::dloose2d","diar_dh","Whether the participant had loose or watery stools within in the last 2 days. Caregiver reported symptoms were assessed in target children 1 year after intervention initiation (midline, when target children were 8-15m of age) and 2 years after intervention initiation (endline, when target children were 21-27m of age). Caregiver reported symptoms were also assessed in sibling/neighbor participants at enrollment, midline, and endline.","Observation","Symptoms by caregiver report","http://purl.obolibrary.org/obo/EUPATH_0011878","Loose or watery stool, 2d recall","0 to 1","variable","","","",""
"http://purl.obolibrary.org/obo/EUPATH_0035101","Blood in stool during last 7 days, caregiver report","5","diar_dh::dblood7d","diar_dh","Whether the participant had blood in their stools within in the last 7 days. Caregiver reported symptoms were assessed in target children 1 year after intervention initiation (midline, when target children were 8-15m of age) and 2 years after intervention initiation (endline, when target children were 21-27m of age). Caregiver reported symptoms were also assessed in sibling/neighbor participants at enrollment, midline, and endline.","Observation","Symptoms by caregiver report","http://purl.obolibrary.org/obo/EUPATH_0011878","Blood in stool, 7d recall","0 to 1","variable","","","",""
"http://purl.obolibrary.org/obo/EUPATH_0035102","Blood in stool during last 2 days, caregiver report","6","diar_dh::dblood2d","diar_dh","Whether the participant had blood in their stools within in the last 2 days. Caregiver reported symptoms were assessed in target children 1 year after intervention initiation (midline, when target children were 8-15m of age) and 2 years after intervention initiation (endline, when target children were 21-27m of age). Caregiver reported symptoms were also assessed in sibling/neighbor participants at enrollment, midline, and endline.","Observation","Symptoms by caregiver report","http://purl.obolibrary.org/obo/EUPATH_0011878","Blood in stool, 2d recall","0 to 1","variable","","","",""
"http://purl.obolibrary.org/obo/EUPATH_0035103","3+ stools in 24hrs during last 7 days, caregiver report","7","diar_dh::d3plus7d","diar_dh","Whether the participant had 3 or more bowel movements in a 24 hour period within in the last 7 days. Caregiver reported symptoms were assessed in target children 1 year after intervention initiation (midline, when target children were 8-15m of age) and 2 years after intervention initiation (endline, when target children were 21-27m of age). Caregiver reported symptoms were also assessed in sibling/neighbor participants at enrollment, midline, and endline.","Observation","Symptoms by caregiver report","http://purl.obolibrary.org/obo/EUPATH_0011878","3+ stools in 24 hr, 7d recall","0 to 1","variable","","","",""
"http://purl.obolibrary.org/obo/EUPATH_0035104","3+ stools in 24hrs during last 2 days, caregiver report","8","diar_dh::d3plus2d","diar_dh","Whether the participant had 3 or more bowel movements in a 24 hour period within in the last 2 days. Caregiver reported symptoms were assessed in target children 1 year after intervention initiation (midline, when target children were 8-15m of age) and 2 years after intervention initiation (endline, when target children were 21-27m of age). Caregiver reported symptoms were also assessed in sibling/neighbor participants at enrollment, midline, and endline.","Observation","Symptoms by caregiver report","http://purl.obolibrary.org/obo/EUPATH_0011878","3+ stools in 24 hr, 2d recall","0 to 1","variable","","","",""
"http://purl.obolibrary.org/obo/EUPATH_0035105","Toothache during the last 7 days, caregiver report","9","diar_dh::tooth7d","diar_dh","Whether the participant had a toothache (a negative control outcome measured to detect potential differential bias in symptom reporting) within in the last 7 days. Caregiver reported symptoms were assessed in target children 1 year after intervention initiation (midline, when target children were 8-15m of age) and 2 years after intervention initiation (endline, when target children were 21-27m of age). Caregiver reported symptoms were also assessed in sibling/neighbor participants at enrollment, midline, and endline.","Observation","Symptoms by caregiver report","http://purl.obolibrary.org/obo/EUPATH_0011878","Toothache, 7d recall","0 to 1","variable","","","",""
"http://purl.obolibrary.org/obo/EUPATH_0035106","Toothache during the last 2 days, caregiver report","10","diar_dh::tooth2d","diar_dh","Whether the participant had a toothache (a negative control outcome measured to detect potential differential bias in symptom reporting) within in the last 2 days. Caregiver reported symptoms were assessed in target children 1 year after intervention initiation (midline, when target children were 8-15m of age) and 2 years after intervention initiation (endline, when target children were 21-27m of age). Caregiver reported symptoms were also assessed in sibling/neighbor participants at enrollment, midline, and endline.","Observation","Symptoms by caregiver report","http://purl.obolibrary.org/obo/EUPATH_0011878","Toothache, 2d recall","0 to 1","variable","","","",""
"http://purl.obolibrary.org/obo/EUPATH_0035107","Bruising during the last 7 days, caregiver report","11","diar_dh::bruise7d","diar_dh","Whether the participant had bruising (a negative control outcome measured to detect potential differential bias in symptom reporting) within in the last 7 days. Caregiver reported symptoms were assessed in target children 1 year after intervention initiation (midline, when target children were 8-15m of age) and 2 years after intervention initiation (endline, when target children were 21-27m of age). Caregiver reported symptoms were also assessed in sibling/neighbor participants at enrollment, midline, and endline.","Observation","Symptoms by caregiver report","http://purl.obolibrary.org/obo/EUPATH_0011878","Bruising, 7d recall","0 to 1","variable","","","",""
"http://purl.obolibrary.org/obo/EUPATH_0035108","Bruising during the last 2 days, caregiver report","12","diar_dh::bruise2d","diar_dh","Whether the participant had bruising (a negative control outcome measured to detect potential differential bias in symptom reporting) within in the last 2 days. Caregiver reported symptoms were assessed in target children 1 year after intervention initiation (midline, when target children were 8-15m of age) and 2 years after intervention initiation (endline, when target children were 21-27m of age). Caregiver reported symptoms were also assessed in sibling/neighbor participants at enrollment, midline, and endline.","Observation","Symptoms by caregiver report","http://purl.obolibrary.org/obo/EUPATH_0011878","Bruising, 2d recall","0 to 1","variable","","","",""
"http://purl.obolibrary.org/obo/EUPATH_0000738","Observation","1","","","","Observation","","http://www.w3.org/2002/07/owl#Thing","","","category","","","",""
"http://purl.obolibrary.org/obo/EUPATH_0035128","Participant never surveyed flag","1","diar_dh::lost","diar_dh","Whether the target child participant, who was in utero at enrollment, was ever surveyed. Target children who were not ever surveyed either moved, were absent, or refused to participate when the surveys were conducted, or there was no live birth, and/or the child died.","Participant","Administrative information","http://purl.obolibrary.org/obo/EUPATH_0010035","","","variable, derived","","","",""
"http://purl.obolibrary.org/obo/EUPATH_0035114","Birth order","1","anthro_dh::birthord","anthro_dh","Order the target child participant was born into their family.","Participant","Clinical history","http://purl.obolibrary.org/obo/OGMS_0000015","Birth order (target child)","1 to 11","variable","","","",""
"http://purl.obolibrary.org/obo/EUPATH_0035113","Multiple birth","2","diar_dh::t_twin","diar_dh","Whether the target child participant was a twin.","Participant","Clinical history","http://purl.obolibrary.org/obo/OGMS_0000015","","","variable, derived","","","",""
"http://purl.obolibrary.org/obo/PATO_0000047","Sex","4","diar_dh::sex","diar_dh","","Participant","Demographics","http://purl.obolibrary.org/obo/EUPATH_0010981","Sex","0 to 1","variable","","","",""
"http://purl.obolibrary.org/obo/EUPATH_0035109","Mother's age (years)","1","diar_dh::momage","diar_dh","Age of the target child participant's mother, in years. Assessed at enrollment (when target children were in utero).","Participant","Individuals related to participant","http://purl.obolibrary.org/obo/EUPATH_0010037","Mother's age, years","14 to 60","variable","","","",""
"http://purl.obolibrary.org/obo/EUPATH_0035110","Median mother's height (cm)","2","diar_dh::momheight","diar_dh","Median height of the target child participant's mother, in centimeters, based on measurements taken 1 year after intervention initiation (midline, when target children were 8-15m of age) and 2 years after intervention initiation (endline, when target children were 21-27m of age. Maternal height was measured in later visits and not at enrollment because it could have been influenced by pregnancy.","Participant","Individuals related to participant","http://purl.obolibrary.org/obo/EUPATH_0010037","Maternal height (median)","120.65 to 168","variable","","","",""
"http://purl.obolibrary.org/obo/EUPATH_0035111","Father employed in agriculture","3","diar_dh::dadagri","diar_dh","Whether the target child participant's father worked in agriculture. Assessed for the household at enrollment (when target children were in utero).","Participant","Individuals related to participant","http://purl.obolibrary.org/obo/EUPATH_0010037","Father works in agriculture (q011)","0 to 1","variable","","","",""
"http://purl.obolibrary.org/obo/EUPATH_0035112","Target child or sibling/neighbor","1","diar_dh::tchild","diar_dh","Target child participants were in utero at enrollment and were the primary study population (referred to as 'index children' in the manuscript). Older sibling or neighbor participants were less than 36m at the time of target child enrollment.","Participant","Participant","http://purl.obolibrary.org/obo/EUPATH_0000096","Target child in birth cohort","0 to 1","variable","","","",""
"http://purl.obolibrary.org/obo/EUPATH_0010035","Administrative information","2","","","","Participant","Participant","http://purl.obolibrary.org/obo/EUPATH_0000096","","","category","","","",""
"http://purl.obolibrary.org/obo/EUPATH_0000307","Participant study details","3","","","","Participant","Participant","http://purl.obolibrary.org/obo/EUPATH_0000096","","","category","","","",""
"http://purl.obolibrary.org/obo/OGMS_0000015","Clinical history","4","","","","Participant","Participant","http://purl.obolibrary.org/obo/EUPATH_0000096","","","category","","","",""
"http://purl.obolibrary.org/obo/EUPATH_0010981","Demographics","5","","","","Participant","Participant","http://purl.obolibrary.org/obo/EUPATH_0000096","","","category","","","",""
"http://purl.obolibrary.org/obo/EUPATH_0010037","Individuals related to participant","6","","","","Participant","Participant","http://purl.obolibrary.org/obo/EUPATH_0000096","","","category","","","",""
"http://purl.obolibrary.org/obo/EUPATH_0000120","Age at enrollment","1","diar_dh::enrolage","diar_dh","Compounds with a pregnant women were enrolled. Target child participants (the primary study population) were, by definition, in utero at enrollment and were always born after enrollment. Older sibling or neighbor participants who were less than 36m at the time of enrollment or who were born during follow-up were also included as participants. All participants who were born after the date that their compound was enrolled were assiged a negative value for 'Age at enrollment.'","Participant","Participant study details","http://purl.obolibrary.org/obo/EUPATH_0000307","Age at enrollment, years","-2.683094 to 3.000684","variable","","years","http://purl.obolibrary.org/obo/UO_0000036",""
"http://purl.obolibrary.org/obo/EUPATH_0035115","Participant born after enrollment","2","diar_dh::newbirth","diar_dh","Compounds with a pregnant women were enrolled. Target child participants (the primary study population) were, by definition, in utero at enrollment and always born after enrollment. Older sibling or neighbor participants who were less than 36m at the time of enrollment or who were born during follow-up were also included as participants.","Participant","Participant study details","http://purl.obolibrary.org/obo/EUPATH_0000307","New birth","0 to 1","variable","","","",""
"http://purl.obolibrary.org/obo/EUPATH_0000096","Participant","1","","","","Participant","","http://www.w3.org/2002/07/owl#Thing","","","category","","","","yes"
