IRI,label,displayOrder,variable,dataFile,definition,category,parentLabel,parentIRI,codebookDescription,codebookValues,termType,replaces,unitLabel,unitIRI,repeated ,is_temporal,mergeKey,is_featured,hidden,scale,defaultDisplayRangeMin,defaultDisplayRangeMax,defaultBinWidth
http://purl.obolibrary.org/obo/HP_0002027,Abdominal pain,3,symptoms_chk___10,,,Participant,Symptoms,http://purl.obolibrary.org/obo/EUPATH_0021002,,,value,,,,yes,,,,,,,,
http://purl.obolibrary.org/obo/HP_0012531,Aches or pains,4,symptoms_chk___3,,,Participant,Symptoms,http://purl.obolibrary.org/obo/EUPATH_0021002,,,value,SYMP_0000099,,,yes,,,,,,,,
http://purl.bioontology.org/ontology/SNOMEDCT/40541001,Acute pulmonary edema,20,manifestations_chk___1,,,Participant,Symptoms,http://purl.obolibrary.org/obo/EUPATH_0021002,,,value,,,,yes,,,,,,,,
http://purl.obolibrary.org/obo/OBI_0001169,Age,,age_fu,,,Participant,Observation details,http://purl.obolibrary.org/obo/EUPATH_0000310,,,variable,http://purl.obolibrary.org/obo/EUPATH_0000113,years,,yes,yes,,,,,,,
http://purl.obolibrary.org/obo/EUPATH_0000120,Age at enrollment,,age_en,,,Participant,Participant study details,http://purl.obolibrary.org/obo/EUPATH_0000307,,,variable,,years,,,,,,,,,,
http://purl.obolibrary.org/obo/EUPATH_0000418,Animals indoors,1,cen_indoor_residents,,,Household,Dwelling environment,http://purl.obolibrary.org/obo/EUPATH_0010032,,,variable,,,,,,,,,,,,
http://purl.obolibrary.org/obo/EUPATH_0000343,Animals on property,2,,,,Household,Dwelling environment,http://purl.obolibrary.org/obo/EUPATH_0010032,,,multifilter,,,,,,,,,,,,
http://purl.obolibrary.org/obo/SYMP_0000523,Anorexia,5,symptoms_chk___6,,,Participant,Symptoms,http://purl.obolibrary.org/obo/EUPATH_0021002,,,value,,,,yes,,,,,,,,
http://purl.obolibrary.org/obo/EUPATH_0000649,Anthropometry,4,,,,Participant,Participant,http://purl.obolibrary.org/obo/EUPATH_0000096,,,category,,,,,,,,,,,,
http://purl.obolibrary.org/obo/EUPATH_0021091,Antimalarial medication in last 2 weeks,2,drugs_2wk_codes_2 | drugs_2wk_codes_1,,Malaria medication taken in last 2 weeks,Participant,Treatment,http://purl.obolibrary.org/obo/OGMS_0000090,,,variable,,,,yes,,,,,,,,
http://purl.obolibrary.org/obo/EUPATH_0000430,Antimalarial medications used,4,,,Type of antimalarials used for the most recent treament within the last year. This variable was only collected at the first visit.,Participant,Days since last malaria diagnosis,http://purl.obolibrary.org/obo/EUPATH_0000427,,,multifilter,,,,,,,,,,,,
http://purl.obolibrary.org/obo/EUPATH_0000429,Antimalarial treatment date,3,pastyear_treatdate,,Date of most recent treatment with antimalarials within the last year. This variable was only collected at the first visit.,Participant,Days since last malaria diagnosis,http://purl.obolibrary.org/obo/EUPATH_0000427,,,variable,,,,yes,yes,,,,,,,
http://purl.obolibrary.org/obo/EUPATH_0021088,Any signs,1,manifestations_yn,,,Participant,Symptoms,http://purl.obolibrary.org/obo/EUPATH_0021002,,,value,,,,yes,,,,,,,,
http://purl.obolibrary.org/obo/EUPATH_0021089,Any symptoms,2,symptoms_yn,,,Participant,Symptoms,http://purl.obolibrary.org/obo/EUPATH_0021002,,,value,,,,yes,,,,,,,,
http://purl.obolibrary.org/obo/EUPATH_0021036,Artesunate,1,pastyear_treatdrugs_chk___1,,,Participant,Antimalarial medications used,http://purl.obolibrary.org/obo/EUPATH_0000430,,,value,,,,,,,,,,,,
http://purl.obolibrary.org/obo/EUPATH_0021039,Artesunate/pyrimethamine/sulphadoxine,2,pastyear_treatdrugs_chk___2,,,Participant,Antimalarial medications used,http://purl.obolibrary.org/obo/EUPATH_0000430,,,value,,,,,,,,,,,,
http://purl.obolibrary.org/obo/EUPATH_0021010,Asbestos,,cen_type_of_roof___3,,,Household,Roof material,http://purl.obolibrary.org/obo/EUPATH_0000003,,,value,,,,,,,,,,,,
http://purl.obolibrary.org/obo/EUPATH_0000144,Assets,,,,,Household,Socioeconomic factors,http://purl.obolibrary.org/obo/EUPATH_0000304,,,category,,,,,,,,,,,,
http://purl.obolibrary.org/obo/EUPATH_0021130,Blood eukaryote testing,,,,,Sample,Blood microbiology tests procedures,http://purl.obolibrary.org/obo/EUPATH_0020125,,,category,,,,,,,,,,,,
http://purl.obolibrary.org/obo/OBI_0002649,Blood microbiology test,,,,,Sample,Laboratory test,http://purl.obolibrary.org/obo/OGMS_0000056,,,category,EUPATH_0020005,,,,,,,,,,,
http://purl.obolibrary.org/obo/EUPATH_0020125,Blood microbiology tests procedures,,,,,Sample,Blood microbiology test,http://purl.obolibrary.org/obo/OBI_0002649,,,category,,,,,,,,,,,,
http://purl.obolibrary.org/obo/OBI_0000655,Blood sample,,,,Types of blood samples obtained,Sample,Sample,http://purl.obolibrary.org/obo/EUPATH_0000609,,,category,,,,,,,,,,,,
http://purl.obolibrary.org/obo/EUPATH_0021081,Blood smear sample,,samples_chk___1,,,Sample,Blood sample,http://purl.obolibrary.org/obo/OBI_0000655,,,variable,,,,yes,,,,,,,,
http://purl.obolibrary.org/obo/EUPATH_0011795,Blood test,,,,,Sample,Laboratory test,http://purl.obolibrary.org/obo/OGMS_0000056,,,category,,,,,,,,,,,,
http://purl.obolibrary.org/obo/EUPATH_0021077,Bore well,3,cen_water_supply___2,,,Household,Water source,http://purl.obolibrary.org/obo/EUPATH_0021093,,,value,,,,,,,,,,,,
http://purl.obolibrary.org/obo/EUPATH_0021005,Brick,2,cen_building_material___2,,,Household,Building material,http://purl.obolibrary.org/obo/EUPATH_0000001,,,value,,,,,,,,,,,,
http://purl.obolibrary.org/obo/EUPATH_0000001,Building material,1,,,,Household,Dwelling characteristics,http://purl.obolibrary.org/obo/EUPATH_0000303,,,multifilter,,,,,,,,,,,,
http://purl.obolibrary.org/obo/EUPATH_0021073,Can't remember,3,sprayed_chk___4,,,Household,Sprayed in the last 12 months,http://purl.obolibrary.org/obo/EUPATH_0000441,,,value,,,,,,,,,,,,
http://purl.obolibrary.org/obo/EUPATH_0021066,Can't remember,6,repellent_chk___6,,,Participant,Personal mosquito repellent,http://purl.obolibrary.org/obo/EUPATH_0000439,,,value,,,,yes,,,,,,,,
http://purl.obolibrary.org/obo/EUPATH_0021038,Can't remember,11,pastyear_treatdrugs_chk___11,,,Participant,Antimalarial medications used,http://purl.obolibrary.org/obo/EUPATH_0000430,,,value,,,,yes,,,,,,,,
http://purl.obolibrary.org/obo/EUPATH_0021035,Can't remember,4,pastyear_dx_chk___4,,,Participant,Plasmodium species in last year,http://purl.obolibrary.org/obo/EUPATH_0000425,,,value,,,,yes,,,,,,,,
http://purl.obolibrary.org/obo/EUPATH_0021047,Can't remember,4,pastyear_treatwhere_chk___4,,,Participant,Where treated,http://purl.obolibrary.org/obo/EUPATH_0000431,,,value,,,,yes,,,,,,,,
http://purl.obolibrary.org/obo/EUPATH_0021011,Cement,,cen_type_of_roof___4,,,Household,Roof material,http://purl.obolibrary.org/obo/EUPATH_0000003,,,value,,,,,,,,,,,,
http://purl.obolibrary.org/obo/HP_0100749,Chest pain,6,symptoms_chk___15,,,Participant,Symptoms,http://purl.obolibrary.org/obo/EUPATH_0021002,,,value,,,,yes,,,,,,,,
http://purl.obolibrary.org/obo/SYMP_0019174,Chills,7,symptoms_chk___2,,,Participant,Symptoms,http://purl.obolibrary.org/obo/EUPATH_0021002,,,value,,,,yes,,,,,,,,
http://purl.obolibrary.org/obo/CHEBI_3638,Chloroquine,3,pastyear_treatdrugs_chk___3,,,Participant,Antimalarial medications used,http://purl.obolibrary.org/obo/EUPATH_0000430,,,value,,,,,,,,,,,,
http://purl.obolibrary.org/obo/EUPATH_0021040,Chloroquine/primaquine,4,pastyear_treatdrugs_chk___4,,,Participant,Antimalarial medications used,http://purl.obolibrary.org/obo/EUPATH_0000430,,,value,,,,,,,,,,,,
http://purl.obolibrary.org/obo/EUPATH_0021023,Clinic,1,fever_2wk_where_chk___1,,,Participant,Fever treatment location,http://purl.obolibrary.org/obo/EUPATH_0000413,,,value,,,,yes,,,,,,,,
http://purl.obolibrary.org/obo/EUPATH_0021044,Clinic or hospital,1,pastyear_treatwhere_chk___1,,,Participant,Where treated,http://purl.obolibrary.org/obo/EUPATH_0000431,,,value,,,,,,,,,,,,
http://purl.obolibrary.org/obo/OGMS_0000015,Clinical history,5,,,,Participant,Participant,http://purl.obolibrary.org/obo/EUPATH_0000096,,,category,,,,,,,,,,,,
http://purl.obolibrary.org/obo/OGMS_0000015,Clinical history,3,,,,Participant,Participant,http://purl.obolibrary.org/obo/EUPATH_0000096,,,category,,,,,,,,,,,,
http://purl.obolibrary.org/obo/EUPATH_0021062,Coils,1,repellent_chk___2,,,Participant,Personal mosquito repellent,http://purl.obolibrary.org/obo/EUPATH_0000439,,,value,,,,yes,,,,,,,,
http://purl.obolibrary.org/obo/HP_0001259,Coma,21,manifestations_chk___2,,,Participant,Symptoms,http://purl.obolibrary.org/obo/EUPATH_0021002,,,value,http://purl.bioontology.org/ontology/SNOMEDCT/371632003,,,yes,,,,,,,,
http://purl.obolibrary.org/obo/EUPATH_0021006,Concrete,3,cen_building_material___3,,,Household,Building material,http://purl.obolibrary.org/obo/EUPATH_0000001,,,value,,,,,,,,,,,,
http://purl.obolibrary.org/obo/SYMP_0000614,Cough,8,symptoms_chk___7,,,Participant,Symptoms,http://purl.obolibrary.org/obo/EUPATH_0021002,,,value,,,,yes,,,,,,,,
http://purl.obolibrary.org/obo/ENVO_00000004,Country,,country,,,Household,Geographic location,http://purl.obolibrary.org/obo/GAZ_00000448,,,"variable, derived",,,,,,,yes,,,,,
http://purl.obolibrary.org/obo/EUPATH_0000445,Country visited,2,travel_2wk_country,,,Participant,Travel details,http://purl.obolibrary.org/obo/EUPATH_0000340,,,variable,,,,yes,,,,,,,,
http://purl.obolibrary.org/obo/EUPATH_0021064,Cream or spray,3,repellent_chk___4,,,Participant,Personal mosquito repellent,http://purl.obolibrary.org/obo/EUPATH_0000439,,,value,,,,yes,,,,,,,,
http://purl.obolibrary.org/obo/EUPATH_0000191,Days since enrollment,,days,,,Participant,Observation details,http://purl.obolibrary.org/obo/EUPATH_0000310,,,variable,,,,yes,yes,,,,,,,
http://purl.obolibrary.org/obo/EUPATH_0000427,Days since last malaria diagnosis,2,pastyear_num_mo,,This variable was only collected at the first visit.,Participant,Clinical history,http://purl.obolibrary.org/obo/OGMS_0000015,,,variable,,,,,yes,,,,,,,
http://purl.obolibrary.org/obo/EUPATH_0010981,Demographics,2,,,,Participant,Participant,http://purl.obolibrary.org/obo/EUPATH_0000096,,,category,,,,,,,,,,,,
http://purl.obolibrary.org/obo/OGMS_0000073,Diagnosis,8,,,,Participant,Participant,http://purl.obolibrary.org/obo/EUPATH_0000096,,,category,,,,,,,,,,,,
http://purl.obolibrary.org/obo/HP_0002014,Diarrhea,9,symptoms_chk___11,,,Participant,Symptoms,http://purl.obolibrary.org/obo/EUPATH_0021002,,,value,DOID_13250,,,yes,,,,,,,,
http://purl.obolibrary.org/obo/EUPATH_0021087,Diastolic blood pressure ,3,DIASTOLIC_BP,,,Participant,Physical examination,http://purl.obolibrary.org/obo/OGMS_0000083,,,"variable, derived",,mmHg,,yes,,,,,,,,
http://purl.obolibrary.org/obo/EUPATH_0000407,District,2,cen_district,,,Household,Geographic location,http://purl.obolibrary.org/obo/GAZ_00000448,,,variable,,,,,,,yes,,,,,
http://purl.obolibrary.org/obo/EUPATH_0000446,District visited,4,travel_2wk_district,,,Participant,Travel details,http://purl.obolibrary.org/obo/EUPATH_0000340,,,variable,,,,yes,,,,,,,,
http://purl.obolibrary.org/obo/SYMP_0000610,Dizziness,10,symptoms_chk___8,,,Participant,Symptoms,http://purl.obolibrary.org/obo/EUPATH_0021002,,,value,,,,yes,,,,,,,,
http://purl.obolibrary.org/obo/EUPATH_0000303,Dwelling characteristics,5,,,,Household,Household,http://purl.obolibrary.org/obo/PCO_0000024,,,category,,,,,,,,,,,,
http://purl.obolibrary.org/obo/EUPATH_0010032,Dwelling environment,4,,,,Household,Household,http://purl.obolibrary.org/obo/PCO_0000024,,,category,,,,,,,,,,,,
http://purl.obolibrary.org/obo/ENVO_01000744,Dwelling type,2,cen_type_of_dwelling,,,Household,Dwelling characteristics,http://purl.obolibrary.org/obo/EUPATH_0000303,,,variable,,,,,,,,,,,,
http://purl.obolibrary.org/obo/HP_0030766,Ear pain,11,symptoms_chk___17,,,Participant,Symptoms,http://purl.obolibrary.org/obo/EUPATH_0021002,,,value,,,,yes,,,,,,,,
http://purl.obolibrary.org/obo/EUPATH_0000345,Education level,4,education_rad,,The highest level of education completed,Participant,Demographics,http://purl.obolibrary.org/obo/EUPATH_0010981,,,variable,,,,,,,,,,,,
http://purl.obolibrary.org/obo/EUPATH_0021022,Electric bat,5,bednet_chk___7,,,Participant,Personal bednet treatment,http://purl.obolibrary.org/obo/EUPATH_0000344,,,value,,,,,,,,,,,,
http://purl.obolibrary.org/obo/EUPATH_0021084,Electricity,,cen_electricity_yesno,,,Household,Assets,http://purl.obolibrary.org/obo/EUPATH_0000144,,,variable,,,,,,,,,,,,
http://purl.obolibrary.org/obo/EUPATH_0000342,Employment,3,,,,Participant,Participant,http://purl.obolibrary.org/obo/EUPATH_0000096,,,category,,,,,,,,,,,,
http://purl.obolibrary.org/obo/EUPATH_0033307,Eukaryota in blood,,,,,Sample,Blood microbiology test,http://purl.obolibrary.org/obo/OBI_0002649,,,category,NCBITaxon_2759,,,,,,,,,,,
http://purl.obolibrary.org/obo/EUPATH_0000412,Existing illness,1,existing_illness_yn,,,Participant,Immediate clinical history,http://purl.obolibrary.org/obo/EUPATH_0021098,,,variable,,,,yes,,,,,,,,
http://purl.obolibrary.org/obo/HP_0200026,Eye pain,12,symptoms_chk___13,,,Participant,Symptoms,http://purl.obolibrary.org/obo/EUPATH_0021002,,,value,http://purl.bioontology.org/ontology/MEDDRA/10015958,,,yes,,,,,,,,
http://purl.obolibrary.org/obo/EUPATH_0021056,FalciVax RDT performed,,rdt_fv_chk___4,,,Sample,Blood eukaryote testing,http://purl.obolibrary.org/obo/EUPATH_0021130,,,variable,,,,yes,,,,,,,,
http://purl.obolibrary.org/obo/EUPATH_0021067,Fastcard,5,repellent_chk___7,,,Participant,Personal mosquito repellent,http://purl.obolibrary.org/obo/EUPATH_0000439,,,value,,,,yes,,,,,,,,
http://purl.obolibrary.org/obo/SYMP_0019177,Fatigue,13,symptoms_chk___4,,,Participant,Symptoms,http://purl.obolibrary.org/obo/EUPATH_0021002,,,value,,,,yes,,,,,,,,
http://purl.obolibrary.org/obo/EUPATH_0000414,Fever duration ,,fever_48hr_numdays,,"If the participant had a fever in the last 2 days, the number of days they were febrile.",Participant,Signs and symptoms,http://purl.obolibrary.org/obo/EUPATH_0000309,,,variable,,days,,,,,,,,,,
http://purl.obolibrary.org/obo/EUPATH_0021096,Fever in last 2 weeks,3,fever_2wk_yn,,,Participant,Immediate clinical history,http://purl.obolibrary.org/obo/EUPATH_0021098,,,variable,,,,yes,,,,,,,,
http://purl.obolibrary.org/obo/EUPATH_0021090,Fever in last 48hrs,,fever_48hr_yn,,,Participant,Signs and symptoms,http://purl.obolibrary.org/obo/EUPATH_0000309,,,variable,,,,yes,,,,,,,,
http://purl.obolibrary.org/obo/EUPATH_0000413,Fever treatment location,4,,,Type of healthcare facility where treated for fever in the last two weeks,Participant,Immediate clinical history,http://purl.obolibrary.org/obo/EUPATH_0021098,,,multifilter,,,,,,,,,,,,
http://purl.obolibrary.org/obo/EUPATH_0000127,Filter paper sample,,samples_chk___3,,,Sample,Blood sample,http://purl.obolibrary.org/obo/OBI_0000655,,,variable,,,,yes,,,,,,,,
http://purl.obolibrary.org/obo/EUPATH_0000033,G6PD genotype,,gpd_rad,,"In this study, glucose-6-phosphate dehydrogenase (G6PD) deficiency was not identified in any of the participants who were genotyped",Participant,Participant genotype,http://purl.obolibrary.org/obo/EUPATH_0000306,,,variable,,,,,,,,,,,,
http://purl.obolibrary.org/obo/GAZ_00000448,Geographic location,3,,,,Household,Household,http://purl.obolibrary.org/obo/PCO_0000024,,,category,,,,,,,,,,,,
http://purl.obolibrary.org/obo/HP_0002315,Headache,14,symptoms_chk___1,,,Participant,Symptoms,http://purl.obolibrary.org/obo/EUPATH_0021002,,,value,,,,yes,,,,,,,,
http://purl.obolibrary.org/obo/EUPATH_0010075,Height ,,height,,,Participant,Anthropometry,http://purl.obolibrary.org/obo/EUPATH_0000649,,,variable,,cm,,yes,,,,,,,,
http://purl.obolibrary.org/obo/EUPATH_0000047,Hemoglobin,1,hemocue,,,Sample,Blood test,http://purl.obolibrary.org/obo/EUPATH_0011795,,,variable,,,,yes,,,,,,,,
http://purl.obolibrary.org/obo/PCO_0000024,Household,,,,,Household,,http://www.w3.org/2002/07/owl#Thing,,,category,,,,,,,,yes,,,,
http://purl.obolibrary.org/obo/EUPATH_0021085,Household data collection date,1,date | cen_date,,,Household,Household,http://purl.obolibrary.org/obo/PCO_0000024,,,variable,,,,,yes,,,,,,,
http://purl.obolibrary.org/obo/EUPATH_0015467,Household observation type,2,redcap_event_name,,,Household,Household,http://purl.obolibrary.org/obo/PCO_0000024,,,variable,,,,,,,,,,,,
http://purl.obolibrary.org/obo/EUPATH_0000341,Household vector intervention,9,,,,Household,Household,http://purl.obolibrary.org/obo/PCO_0000024,,,category,,,,,,,,,,,,
http://purl.obolibrary.org/obo/EUPATH_0000731,Household water,6,,,,Household,Household,http://purl.obolibrary.org/obo/PCO_0000024,,,category,,,,,,,,,,,,
http://purl.obolibrary.org/obo/EUPATH_0000417,Ill now,6,illnow_yn,,Ill at time of visit,Participant,Diagnosis,http://purl.obolibrary.org/obo/OGMS_0000073,,,variable,,,,yes,,,,,,,,
http://purl.obolibrary.org/obo/EUPATH_0021071,Indoor,1,sprayed_chk___2,,,Household,Sprayed in the last 12 months,http://purl.obolibrary.org/obo/EUPATH_0000441,,,value,,,,,,,,,,,,
http://purl.obolibrary.org/obo/EUPATH_0021076,Indoor plumbing,1,cen_water_supply___1,,,Household,Water source,http://purl.obolibrary.org/obo/EUPATH_0021093,,,value,,,,,,,,,,,,
http://purl.obolibrary.org/obo/EUPATH_0000398,"ITN bednet count, treated less than 6 months ago",5,cen_bednet_count_2,,,Household,Household vector intervention,http://purl.obolibrary.org/obo/EUPATH_0000341,,,variable,,,,,,,,,,,,
http://purl.obolibrary.org/obo/EUPATH_0000399,"ITN bednet count, treated more than 6 months ago",4,cen_bednet_count_3,,,Household,Household vector intervention,http://purl.obolibrary.org/obo/EUPATH_0000341,,,variable,,,,,,,,,,,,
http://purl.obolibrary.org/obo/HP_0000952,Jaundice,22,manifestations_chk___3,,,Participant,Symptoms,http://purl.obolibrary.org/obo/EUPATH_0021002,,,value,,,,yes,,,,,,,,
http://purl.obolibrary.org/obo/OGMS_0000056,Laboratory test,,,,,Sample,Sample,http://purl.obolibrary.org/obo/EUPATH_0000609,,,category,,,,,,,,,,,,
http://purl.obolibrary.org/obo/EUPATH_0000419,Larvicide frequency,2,cen_larvicide_in_use,,,Household,Household vector intervention,http://purl.obolibrary.org/obo/EUPATH_0000341,,,variable,,,,,,,,,,,,
http://purl.obolibrary.org/obo/EUPATH_0021014,Livestock,1,cen_animals___2,,,Household,Animals on property,http://purl.obolibrary.org/obo/EUPATH_0000343,,,value,,,,,,,,,,,,
http://purl.obolibrary.org/obo/EUPATH_0000395,Livestock count,3,cen_animals_nonpets_count,,,Household,Dwelling environment,http://purl.obolibrary.org/obo/EUPATH_0010032,,,variable,,,,,,,,,,,,
http://purl.obolibrary.org/obo/EUPATH_0021020,Long-lasting ITN,4,bednet_chk___5,,,Participant,Personal bednet treatment,http://purl.obolibrary.org/obo/EUPATH_0000344,,,value,,,,yes,,,,,,,,
http://purl.obolibrary.org/obo/EUPATH_0000400,Long-lasting ITN bednet count,6,cen_bednet_count_4,,,Household,Household vector intervention,http://purl.obolibrary.org/obo/EUPATH_0000341,,,variable,,,,,,,,,,,,
http://purl.obolibrary.org/obo/HP_0003419,Lower back pain,15,symptoms_chk___12,,,Participant,Symptoms,http://purl.obolibrary.org/obo/EUPATH_0021002,,,value,,,,yes,,,,,,,,
http://purl.obolibrary.org/obo/EUPATH_0000426,Malaria diagnoses in the past year (count),1,pastyear_num_dx,,This variable was only collected at the first visit.,Participant,Clinical history,http://purl.obolibrary.org/obo/OGMS_0000015,,,variable,,,,,,,,,,,,
http://purl.obolibrary.org/obo/EUPATH_0000036,Malaria-related diagnosis,,prelim_dx_rad,,Preliminary diagnosis based on symptoms and RDT results,Participant,Diagnosis,http://purl.obolibrary.org/obo/OGMS_0000073,,,variable,,,,yes,,,,,,,,
http://purl.obolibrary.org/obo/EUPATH_0021065,Mat,4,repellent_chk___5,,,Participant,Personal mosquito repellent,http://purl.obolibrary.org/obo/EUPATH_0000439,,,value,,,,yes,,,,,,,,
http://purl.obolibrary.org/obo/CHEBI_63609,Mefloquine,5,pastyear_treatdrugs_chk___5,,,Participant,Antimalarial medications used,http://purl.obolibrary.org/obo/EUPATH_0000430,,,value,,,,,,,,,,,,
http://purl.obolibrary.org/obo/EUPATH_0021031,Microscopy performed,,mx_species_chk___5,,,Sample,Blood eukaryote testing,http://purl.obolibrary.org/obo/EUPATH_0021130,,,variable,,,,yes,,,,,,,,
http://purl.obolibrary.org/obo/EUPATH_0021082,Microvette sample (100 uL) ,,samples_chk___4,,,Sample,Blood sample,http://purl.obolibrary.org/obo/OBI_0000655,,,variable,,,,yes,,,,,,,,
http://purl.obolibrary.org/obo/EUPATH_0021004,Mud,1,cen_building_material___1,,,Household,Building material,http://purl.obolibrary.org/obo/EUPATH_0000001,,,value,,,,,,,,,,,,
http://purl.obolibrary.org/obo/EUPATH_0000424,Nationality,3,nationality,,Country of birth,Participant,Demographics,http://purl.obolibrary.org/obo/EUPATH_0010981,,,variable,,,,,,,,,,,,
http://purl.obolibrary.org/obo/EUPATH_0021055,Negative,3,rdt_fv_chk___3,,,Sample,"Plasmodium species, by FalciVax RDT",http://purl.obolibrary.org/obo/EUPATH_0000437,,,value,,,,yes,,,,,,,,
http://purl.obolibrary.org/obo/EUPATH_0021059,Negative,3,rdt_op_chk___3,,,Sample,"Plasmodium species, by OptiMAL RDT",http://purl.obolibrary.org/obo/EUPATH_0000438,,,value,,,,yes,,,,,,,,
http://purl.obolibrary.org/obo/EUPATH_0021027,Negative,4,mx_species_chk___1,,,Sample,"Plasmodium species, by microscopy",http://purl.obolibrary.org/obo/EUPATH_0000423,,,value,,,,yes,,,,,,,,
http://purl.obolibrary.org/obo/EUPATH_0021048,Negative,5,pcr_species_chk___1,,,Sample,"Plasmodium species, by qPCR",http://purl.obolibrary.org/obo/EUPATH_0000433,,,value,,,,yes,,,,,,,,
http://purl.obolibrary.org/obo/EUPATH_0021070,No/not applicable,4,sprayed_chk___1,,,Household,Sprayed in the last 12 months,http://purl.obolibrary.org/obo/EUPATH_0000441,,,value,,,,,,,,,,,,
http://purl.obolibrary.org/obo/EUPATH_0021013,None,3,cen_animals___1,,,Household,Animals on property,http://purl.obolibrary.org/obo/EUPATH_0000343,,,value,,,,,,,,,,,,
http://purl.obolibrary.org/obo/EUPATH_0021016,None,7,bednet_chk___1,,,Participant,Personal bednet treatment,http://purl.obolibrary.org/obo/EUPATH_0000344,,,value,,,,yes,,,,,,,,
http://purl.obolibrary.org/obo/EUPATH_0021061,None,7,repellent_chk___1,,,Participant,Personal mosquito repellent,http://purl.obolibrary.org/obo/EUPATH_0000439,,,value,,,,yes,,,,,,,,
http://purl.obolibrary.org/obo/EUPATH_0021026,Not treated,4,fever_2wk_where_chk___4,,,Participant,Fever treatment location,http://purl.obolibrary.org/obo/EUPATH_0000413,,,value,,,,yes,,,,,,,,
http://purl.obolibrary.org/obo/EUPATH_0004991,Observation date,,date,,,Participant,Observation details,http://purl.obolibrary.org/obo/EUPATH_0000310,,,variable,http://purl.obolibrary.org/obo/EUPATH_0000091,,,yes,yes,,,,,,,
http://purl.obolibrary.org/obo/EUPATH_0000310,Observation details,2,,,,Participant,Participant,http://purl.obolibrary.org/obo/EUPATH_0000096,,,category,,,,,,,,,,,,
http://purl.obolibrary.org/obo/BFO_0000015,Observation type,1,redcap_event_name,,,Participant,Participant,http://purl.obolibrary.org/obo/EUPATH_0000096,,,variable,,,,yes,,,,,,,,
http://purl.obolibrary.org/obo/EUPATH_0000359,Occupation,,occupation_rad,,,Participant,Employment,http://purl.obolibrary.org/obo/EUPATH_0000342,,,variable,,,,,,,,,,,,
http://purl.obolibrary.org/obo/EUPATH_0000443,On fever suppressant,4,suppressant_now_yn,,On fever suppressant at visit,Participant,Treatment,http://purl.obolibrary.org/obo/OGMS_0000090,,,variable,,,,yes,,,,,,,,
http://purl.obolibrary.org/obo/EUPATH_0021078,Open well,4,cen_water_supply___3,,,Household,Water source,http://purl.obolibrary.org/obo/EUPATH_0021093,,,value,,,,,,,,,,,,
http://purl.obolibrary.org/obo/EUPATH_0021060,OptiMAL RDT performed,,rdt_op_chk___4,,,Sample,Blood eukaryote testing,http://purl.obolibrary.org/obo/EUPATH_0021130,,,variable,,,,,,,,,,,,
http://purl.obolibrary.org/obo/EUPATH_0021021,Other,6,bednet_chk___6,,,Participant,Personal bednet treatment,http://purl.obolibrary.org/obo/EUPATH_0000344,,,value,,,,,,,,,,,,
http://purl.obolibrary.org/obo/EUPATH_0021037,Other,10,pastyear_treatdrugs_chk___10,,,Participant,Antimalarial medications used,http://purl.obolibrary.org/obo/EUPATH_0000430,,,value,,,,yes,,,,,,,,
http://purl.obolibrary.org/obo/EUPATH_0021072,Outdoor,2,sprayed_chk___3,,,Household,Sprayed in the last 12 months,http://purl.obolibrary.org/obo/EUPATH_0000441,,,value,,,,,,,,,,,,
http://purl.obolibrary.org/obo/HP_0000980,Paleness,16,symptoms_chk___14,,,Participant,Symptoms,http://purl.obolibrary.org/obo/EUPATH_0021002,,,value,,,,yes,,,,,,,,
http://purl.obolibrary.org/obo/EUPATH_0021058,Pan Plasmodium,2,rdt_op_chk___2,,,Sample,"Plasmodium species, by OptiMAL RDT",http://purl.obolibrary.org/obo/EUPATH_0000438,,,value,,,,,,,,,,,,
http://purl.obolibrary.org/obo/EUPATH_0000096,Participant,,,,,Participant,,http://www.w3.org/2002/07/owl#Thing,,,category,,,,,,,,yes,,,,
http://purl.obolibrary.org/obo/EUPATH_0000306,Participant genotype,4,,,,Participant,Participant,http://purl.obolibrary.org/obo/EUPATH_0000096,,,category,,,,,,,,,,,,
http://purl.obolibrary.org/obo/EUPATH_0000307,Participant study details,1,,,,Participant,Participant,http://purl.obolibrary.org/obo/EUPATH_0000096,,,category,,,,,,,,,,,,
http://purl.obolibrary.org/obo/EUPATH_0000432,PCR DNA sample source (5 mL),,pcr_dna_source_rad,,Type of sample used for Plasmodium species identification by PCR,Sample,Blood sample,http://purl.obolibrary.org/obo/OBI_0000655,,,variable,,,,yes,,,,,,,,
http://purl.obolibrary.org/obo/EUPATH_0021068,Permanent,,cen_resident_status___1,,,Household,Resident status,http://purl.obolibrary.org/obo/EUPATH_0000440,,,value,,,,,,,,,,,,
http://purl.obolibrary.org/obo/EUPATH_0000344,Personal bednet treatment,,,,This variable was only collected at the first visit.,Participant,Personal vector intervention,http://purl.obolibrary.org/obo/EUPATH_0021097,,,multifilter,,,,,,,,,,,,
http://purl.obolibrary.org/obo/EUPATH_0000439,Personal mosquito repellent,,,,This variable was only collected at the first visit.,Participant,Personal vector intervention,http://purl.obolibrary.org/obo/EUPATH_0021097,,,multifilter,,,,,,,,,,,,
http://purl.obolibrary.org/obo/EUPATH_0021097,Personal vector intervention,11,,,,Participant,Participant,http://purl.obolibrary.org/obo/EUPATH_0000096,,,category,,,,,,,,,,,,
http://purl.obolibrary.org/obo/EUPATH_0000019,Persons living in house,,cen_household_size,,,Household,Socioeconomic factors,http://purl.obolibrary.org/obo/EUPATH_0000304,,,variable,,,,,,,,,,,,
http://purl.obolibrary.org/obo/EUPATH_0000396,Pet or other animal count,4,cen_animals_pets_count,,,Household,Dwelling environment,http://purl.obolibrary.org/obo/EUPATH_0010032,,,variable,,,,,,,,,,,,
http://purl.obolibrary.org/obo/EUPATH_0021015,Pets or other animals,2,cen_animals___3,,,Household,Animals on property,http://purl.obolibrary.org/obo/EUPATH_0000343,,,value,,,,,,,,,,,,
http://purl.obolibrary.org/obo/OGMS_0000083,Physical examination,5,,,,Participant,Participant,http://purl.obolibrary.org/obo/EUPATH_0000096,,,category,,,,,,,,,,,,
http://purl.obolibrary.org/obo/EUPATH_0021032,Plasmodium falciparum,1,pastyear_dx_chk___1,,,Participant,Plasmodium species in last year,http://purl.obolibrary.org/obo/EUPATH_0000425,,,value,,,,yes,,,,,,,,
http://purl.obolibrary.org/obo/EUPATH_0021053,Plasmodium falciparum,1,rdt_fv_chk___1,,,Sample,"Plasmodium species, by FalciVax RDT",http://purl.obolibrary.org/obo/EUPATH_0000437,,,value,,,,yes,,,,,,,,
http://purl.obolibrary.org/obo/EUPATH_0021057,Plasmodium falciparum,1,rdt_op_chk___1,,,Sample,"Plasmodium species, by OptiMAL RDT",http://purl.obolibrary.org/obo/EUPATH_0000438,,,value,,,,yes,,,,,,,,
http://purl.obolibrary.org/obo/EUPATH_0021028,Plasmodium falciparum,1,mx_species_chk___2,,,Sample,"Plasmodium species, by microscopy",http://purl.obolibrary.org/obo/EUPATH_0000423,,,value,,,,yes,,,,,,,,
http://purl.obolibrary.org/obo/EUPATH_0021049,Plasmodium falciparum,1,pcr_species_chk___2,,,Sample,"Plasmodium species, by qPCR",http://purl.obolibrary.org/obo/EUPATH_0000433,,,value,,,,yes,,,,,,,,
http://purl.obolibrary.org/obo/EUPATH_0000550,"Plasmodium falciparum asexual stages, by microscopy",2,mx_counts1_asexual_pf,,,Sample,Plasmodium in blood,http://purl.obolibrary.org/obo/EUPATH_0033308,,,"variable, derived",,/uL  ,,yes,,,,,,,,
http://purl.obolibrary.org/obo/EUPATH_0000546,"Plasmodium falciparum gametocytes, by microscopy",3,mx_counts1_sexual_pf,,,Sample,Plasmodium in blood,http://purl.obolibrary.org/obo/EUPATH_0033308,,,"variable, derived",,/uL  ,,yes,,,,,,,,
http://purl.obolibrary.org/obo/EUPATH_0033308,Plasmodium in blood,,,,,Sample,Eukaryota in blood,http://purl.obolibrary.org/obo/EUPATH_0033307,,,category,NCBITaxon_5820,,,,,,,,,,,
http://purl.obolibrary.org/obo/EUPATH_0021034,Plasmodium malariae,3,pastyear_dx_chk___3,,,Participant,Plasmodium species in last year,http://purl.obolibrary.org/obo/EUPATH_0000425,,,value,,,,yes,,,,,,,,
http://purl.obolibrary.org/obo/EUPATH_0021030,Plasmodium malariae,3,mx_species_chk___4,,,Sample,"Plasmodium species, by microscopy",http://purl.obolibrary.org/obo/EUPATH_0000423,,,value,,,,yes,,,,,,,,
http://purl.obolibrary.org/obo/EUPATH_0021051,Plasmodium malariae,3,pcr_species_chk___4,,,Sample,"Plasmodium species, by qPCR",http://purl.obolibrary.org/obo/EUPATH_0000433,,,value,,,,yes,,,,,,,,
http://purl.obolibrary.org/obo/EUPATH_0021052,Plasmodium ovale,4,pcr_species_chk___5,,,Sample,"Plasmodium species, by qPCR",http://purl.obolibrary.org/obo/EUPATH_0000433,,,value,,,,yes,,,,,,,,
http://purl.obolibrary.org/obo/EUPATH_0000425,Plasmodium species in last year,1,,,This variable was only collected at the first visit.,Participant,Days since last malaria diagnosis,http://purl.obolibrary.org/obo/EUPATH_0000427,,,multifilter,,,,,,,,,,,,
http://purl.obolibrary.org/obo/EUPATH_0000437,"Plasmodium species, by FalciVax RDT",7,,,,Sample,Plasmodium in blood,http://purl.obolibrary.org/obo/EUPATH_0033308,,,multifilter,,,,,,,,,,,,
http://purl.obolibrary.org/obo/EUPATH_0000423,"Plasmodium species, by microscopy",1,,,,Sample,Plasmodium in blood,http://purl.obolibrary.org/obo/EUPATH_0033308,,,multifilter,,,,,,,,,,,,
http://purl.obolibrary.org/obo/EUPATH_0000438,"Plasmodium species, by OptiMAL RDT",8,,,,Sample,Plasmodium in blood,http://purl.obolibrary.org/obo/EUPATH_0033308,,,multifilter,,,,,,,,,,,,
http://purl.obolibrary.org/obo/EUPATH_0000433,"Plasmodium species, by qPCR",6,,,,Sample,Plasmodium in blood,http://purl.obolibrary.org/obo/EUPATH_0033308,,,multifilter,,,,,,,,,,,,
http://purl.obolibrary.org/obo/EUPATH_0021033,Plasmodium vivax,2,pastyear_dx_chk___2,,,Participant,Plasmodium species in last year,http://purl.obolibrary.org/obo/EUPATH_0000425,,,value,,,,yes,,,,,,,,
http://purl.obolibrary.org/obo/EUPATH_0021054,Plasmodium vivax,2,rdt_fv_chk___2,,,Sample,"Plasmodium species, by FalciVax RDT",http://purl.obolibrary.org/obo/EUPATH_0000437,,,value,,,,yes,,,,,,,,
http://purl.obolibrary.org/obo/EUPATH_0021029,Plasmodium vivax,2,mx_species_chk___3,,,Sample,"Plasmodium species, by microscopy",http://purl.obolibrary.org/obo/EUPATH_0000423,,,value,,,,yes,,,,,,,,
http://purl.obolibrary.org/obo/EUPATH_0021050,Plasmodium vivax,2,pcr_species_chk___3,,,Sample,"Plasmodium species, by qPCR",http://purl.obolibrary.org/obo/EUPATH_0000433,,,value,,,,yes,,,,,,,,
http://purl.obolibrary.org/obo/EUPATH_0000551,"Plasmodium vivax asexual stages, by microscopy",4,mx_counts2_asexual_pv,,,Sample,Raw eukaryota data for blood,http://purl.obolibrary.org/obo/EUPATH_0022270,,,"variable, derived",,/uL  ,,yes,,,,,,,,
http://purl.obolibrary.org/obo/EUPATH_0000547,"Plasmodium vivax gametocytes, by microscopy",5,mx_counts2_sexual_pv,,,Sample,Raw eukaryota data for blood,http://purl.obolibrary.org/obo/EUPATH_0022270,,,"variable, derived",,/uL  ,,yes,,,,,,,,
http://purl.obolibrary.org/obo/EUPATH_0000435,Poverty line,,cen_poverty_line,,,Household,Socioeconomic factors,http://purl.obolibrary.org/obo/EUPATH_0000304,,,variable,,,,,,,,,,,,
http://purl.obolibrary.org/obo/CHEBI_8405,Primaquine,6,pastyear_treatdrugs_chk___6,,,Participant,Antimalarial medications used,http://purl.obolibrary.org/obo/EUPATH_0000430,,,value,,,,,,,,,,,,
http://purl.obolibrary.org/obo/EUPATH_0021075,Private,,cen_typical_healthcare___2,,,Household,Typical healthcare,http://purl.obolibrary.org/obo/EUPATH_0000451,,,value,,,,,,,,,,,,
http://purl.obolibrary.org/obo/EUPATH_0021045,Private doctor,2,pastyear_treatwhere_chk___2,,,Participant,Where treated,http://purl.obolibrary.org/obo/EUPATH_0000431,,,value,,,,,,,,,,,,
http://purl.obolibrary.org/obo/EUPATH_0021024,Private practice,2,fever_2wk_where_chk___2,,,Participant,Fever treatment location,http://purl.obolibrary.org/obo/EUPATH_0000413,,,value,,,,yes,,,,,,,,
http://purl.obolibrary.org/obo/EUPATH_0021074,Public,,cen_typical_healthcare___1,,,Household,Typical healthcare,http://purl.obolibrary.org/obo/EUPATH_0000451,,,value,,,,,,,,,,,,
http://purl.obolibrary.org/obo/EUPATH_0021080,Public tank or pump,2,cen_water_supply___5,,,Household,Water source,http://purl.obolibrary.org/obo/EUPATH_0021093,,,value,,,,,,,,,,,,
http://purl.obolibrary.org/obo/EUPATH_0021041,Pyrimethamine/sulphadoxine,7,pastyear_treatdrugs_chk___7,,,Participant,Antimalarial medications used,http://purl.obolibrary.org/obo/EUPATH_0000430,,,value,,,,,,,,,,,,
http://purl.obolibrary.org/obo/EUPATH_0021042,Quinine/quinidine,8,pastyear_treatdrugs_chk___8,,,Participant,Antimalarial medications used,http://purl.obolibrary.org/obo/EUPATH_0000430,,,value,,,,,,,,,,,,
http://purl.obolibrary.org/obo/DOID_0050486,Rash,17,symptoms_chk___16,,,Participant,Symptoms,http://purl.obolibrary.org/obo/EUPATH_0021002,,,value,,,,yes,,,,,,,,
http://purl.obolibrary.org/obo/EUPATH_0022270,Raw eukaryota data for blood,1,,,,Sample,Raw test result for blood,http://purl.obolibrary.org/obo/EUPATH_0021143,,,category,,,,,,,,,,,,
http://purl.obolibrary.org/obo/EUPATH_0021143,Raw test result for blood,3,,,,Sample,Blood microbiology test,http://purl.obolibrary.org/obo/OBI_0002649,,,category,,,,,,,,,,,,
http://purl.obolibrary.org/obo/EUPATH_0021019,"Regular ITN, treated less than 6 months ago",3,bednet_chk___4,,,Participant,Personal bednet treatment,http://purl.obolibrary.org/obo/EUPATH_0000344,,,value,,,,,,,,,,,,
http://purl.obolibrary.org/obo/EUPATH_0021018,"Regular ITN, treated more than 6 months ago",2,bednet_chk___3,,,Participant,Personal bednet treatment,http://purl.obolibrary.org/obo/EUPATH_0000344,,,value,,,,,,,,,,,,
http://purl.obolibrary.org/obo/DOID_1074,Renal failure,23,manifestations_chk___4,,,Participant,Symptoms,http://purl.obolibrary.org/obo/EUPATH_0021002,,,value,,,,yes,,,,,,,,
http://purl.obolibrary.org/obo/EUPATH_0000440,Resident status,7,,,,Household,Household,http://purl.obolibrary.org/obo/PCO_0000024,,,multifilter,,,,,,,,,,,,
http://purl.obolibrary.org/obo/HP_0002098,Respiratory distress,24,manifestations_chk___5,,,Participant,Symptoms,http://purl.obolibrary.org/obo/EUPATH_0021002,,,value,http://purl.bioontology.org/ontology/MEDDRA/10009119,,,yes,,,,,,,,
http://purl.obolibrary.org/obo/EUPATH_0000003,Roof material,3,,,,Household,Dwelling characteristics,http://purl.obolibrary.org/obo/EUPATH_0000303,,,multifilter,,,,,,,,,,,,
http://purl.obolibrary.org/obo/EUPATH_0000609,Sample,,,,,Sample,,http://www.w3.org/2002/07/owl#Thing,,,category,,,,,,,,yes,,,,
http://purl.obolibrary.org/obo/EUPATH_0021025,Self-treated,3,fever_2wk_where_chk___3,,,Participant,Fever treatment location,http://purl.obolibrary.org/obo/EUPATH_0000413,,,value,,,,yes,,,,,,,,
http://purl.obolibrary.org/obo/EUPATH_0021046,Self-treated,3,pastyear_treatwhere_chk___3,,,Participant,Where treated,http://purl.obolibrary.org/obo/EUPATH_0000431,,,value,,,,yes,,,,,,,,
http://purl.obolibrary.org/obo/EUPATH_0000215,Severe anemia,25,manifestations_chk___7,,,Participant,Symptoms,http://purl.obolibrary.org/obo/EUPATH_0021002,,,value,,,,yes,,,,,,,,
http://purl.obolibrary.org/obo/PATO_0000047,Sex,1,sex_rad,,,Participant,Demographics,http://purl.obolibrary.org/obo/EUPATH_0010981,,,variable,,,,,,,,,,,,
http://purl.obolibrary.org/obo/EUPATH_0000309,Signs and symptoms,7,,,,Participant,Participant,http://purl.obolibrary.org/obo/EUPATH_0000096,,,category,,,,,,,,,,,,
http://purl.obolibrary.org/obo/EUPATH_0000304,Socioeconomic factors,8,,,,Household,Household,http://purl.obolibrary.org/obo/PCO_0000024,,,category,,,,,,,,,,,,
http://purl.obolibrary.org/obo/HP_0001744,Splenomegaly,27,symptoms_chk___18,,,Participant,Symptoms,http://purl.obolibrary.org/obo/EUPATH_0021002,,,value,,,,yes,,,,,,,,
http://purl.obolibrary.org/obo/SYMP_0000007,Spontaneous bleeding,26,manifestations_chk___6,,,Participant,Symptoms,http://purl.obolibrary.org/obo/EUPATH_0021002,,,value,,,,yes,,,,,,,,
http://purl.obolibrary.org/obo/EUPATH_0000441,Sprayed in the last 12 months,1,,,Use of insecticide spraying in last 12 months. This variable was only collected at the first visit.,Household,Household vector intervention,http://purl.obolibrary.org/obo/EUPATH_0000341,,,multifilter,,,,,,,,,,,,
http://purl.obolibrary.org/obo/EUPATH_0021095,State,1,state,,,Household,Geographic location,http://purl.obolibrary.org/obo/GAZ_00000448,,,variable,,,,,,,yes,,,,,
http://purl.obolibrary.org/obo/EUPATH_0000442,State of birth,2,state_birth,,,Participant,Demographics,http://purl.obolibrary.org/obo/EUPATH_0010981,,,variable,,,,,,,,,,,,
http://purl.obolibrary.org/obo/EUPATH_0000447,State visited,3,travel_2wk_state,,,Participant,Travel details,http://purl.obolibrary.org/obo/EUPATH_0000340,,,variable,,,,yes,,,,,,,,
http://purl.obolibrary.org/obo/EUPATH_0021079,Stream or river,5,cen_water_supply___4,,,Household,Water source,http://purl.obolibrary.org/obo/EUPATH_0021093,,,value,,,,,,,,,,,,
http://purl.obolibrary.org/obo/EUPATH_0021094,Study site,4,studySite,,,Household,Geographic location,http://purl.obolibrary.org/obo/GAZ_00000448,,,variable,,,,,,,yes,,,,,
http://purl.obolibrary.org/obo/HP_0000975,Sweating,18,symptoms_chk___9,,,Participant,Symptoms,http://purl.obolibrary.org/obo/EUPATH_0021002,,,value,,,,yes,,,,,,,,
http://purl.obolibrary.org/obo/EUPATH_0021002,Symptoms,,,,,Participant,Signs and symptoms,http://purl.obolibrary.org/obo/EUPATH_0000309,,,multifilter,,,,,,,,,,,,
http://purl.obolibrary.org/obo/EUPATH_0021086,Systolic blood pressure ,2,SYSTOLIC_BP,,,Participant,Physical examination,http://purl.obolibrary.org/obo/OGMS_0000083,,,"variable, derived",,mmHg,,yes,,,,,,,,
http://purl.obolibrary.org/obo/EUPATH_0000444,Taluk,3,cen_taluk,,Administrative division with a city or town that serves as its administrative center. Generally encompasses an area of land with a number of villages and possibly some towns.,Household,Geographic location,http://purl.obolibrary.org/obo/GAZ_00000448,,,variable,,,,,,,,,,,,
http://purl.obolibrary.org/obo/EUPATH_0000448,Taluk visited,5,travel_2wk_taluk,,,Participant,Travel details,http://purl.obolibrary.org/obo/EUPATH_0000340,,,variable,,,,yes,,,,,,,,
http://purl.obolibrary.org/obo/EUPATH_0000110,Temperature  ,1,temp_celsius,,,Participant,Physical examination,http://purl.obolibrary.org/obo/OGMS_0000083,,,variable,,C,,yes,,,,,,,,
http://purl.obolibrary.org/obo/EUPATH_0021069,Temporary,,cen_resident_status___2,,,Household,Resident status,http://purl.obolibrary.org/obo/EUPATH_0000440,,,value,,,,,,,,,,,,
http://purl.obolibrary.org/obo/EUPATH_0021043,Tetracycline/doxycycline,9,pastyear_treatdrugs_chk___9,,,Participant,Antimalarial medications used,http://purl.obolibrary.org/obo/EUPATH_0000430,,,value,,,,,,,,,,,,
http://purl.obolibrary.org/obo/EUPATH_0021007,Thatch,4,cen_building_material___4,,,Household,Building material,http://purl.obolibrary.org/obo/EUPATH_0000001,,,value,,,,,,,,,,,,
http://purl.obolibrary.org/obo/EUPATH_0021008,Thatched,,cen_type_of_roof___1,,,Household,Roof material,http://purl.obolibrary.org/obo/EUPATH_0000003,,,value,,,,,,,,,,,,
http://purl.obolibrary.org/obo/EUPATH_0021012,Tile,,cen_type_of_roof___5,,,Household,Roof material,http://purl.obolibrary.org/obo/EUPATH_0000003,,,value,,,,,,,,,,,,
http://purl.obolibrary.org/obo/EUPATH_0021009,Tin,,cen_type_of_roof___2,,,Household,Roof material,http://purl.obolibrary.org/obo/EUPATH_0000003,,,value,,,,,,,,,,,,
http://purl.obolibrary.org/obo/EUPATH_0000410,Took antimalarial medication,1,drugs_2wk_yn,,Took antimalarial medication in last 2 weeks,Participant,Treatment,http://purl.obolibrary.org/obo/OGMS_0000090,,,variable,,,,yes,,,,,,,,
http://purl.obolibrary.org/obo/EUPATH_0000409,Took antimalarial medication as advised,3,drugs_2wk_comply_yn,,Took antimalarial medications as advised in the last 2 weeks.,Participant,Treatment,http://purl.obolibrary.org/obo/OGMS_0000090,,,variable,,,,yes,,,,,,,,
http://purl.obolibrary.org/obo/EUPATH_0000340,Travel details,10,,,,Participant,Participant,http://purl.obolibrary.org/obo/EUPATH_0000096,,,category,,,,,,,,,,,,
http://purl.obolibrary.org/obo/EUPATH_0000450,Traveled in last 2 weeks,1,travel_2wk_yn,,,Participant,Travel details,http://purl.obolibrary.org/obo/EUPATH_0000340,,,variable,,,,yes,,,,,,,,
http://purl.obolibrary.org/obo/EUPATH_0000428,Treated with antimalarials,2,pastyear_treat_rad,,Whether antimalarials were used for the most recent malaria diagnosis within the last year. This variable was only collected at the first visit.,Participant,Days since last malaria diagnosis,http://purl.obolibrary.org/obo/EUPATH_0000427,,,variable,,,,,,,,,,,,
http://purl.obolibrary.org/obo/OGMS_0000090,Treatment,9,,,,Participant,Participant,http://purl.obolibrary.org/obo/EUPATH_0000096,,,category,,,,,,,,,,,,
http://purl.obolibrary.org/obo/EUPATH_0000411,Type of existing illness,2,existing_illness_list,,,Participant,Immediate clinical history,http://purl.obolibrary.org/obo/EUPATH_0021098,,,variable,,,,yes,,,,,,,,
http://purl.obolibrary.org/obo/EUPATH_0000451,Typical healthcare,,,,Typical healthcare source,Household,Socioeconomic factors,http://purl.obolibrary.org/obo/EUPATH_0000304,,,multifilter,,,,,,,,,,,,
http://purl.obolibrary.org/obo/EUPATH_0021017,Untreated,1,bednet_chk___2,,,Participant,Personal bednet treatment,http://purl.obolibrary.org/obo/EUPATH_0000344,,,value,,,,yes,,,,,,,,
http://purl.obolibrary.org/obo/EUPATH_0000401,Untreated bednet count,3,cen_bednet_count_5,,,Household,Household vector intervention,http://purl.obolibrary.org/obo/EUPATH_0000341,,,variable,,,,,,,,,,,,
http://purl.obolibrary.org/obo/EUPATH_0021083,Vacutainer sample ,,samples_chk___5,,,Sample,Blood sample,http://purl.obolibrary.org/obo/OBI_0000655,,,variable,,g/dL,,yes,,,,,,,,
http://purl.obolibrary.org/obo/EUPATH_0021063,Vapor or liquidizer,2,repellent_chk___3,,,Participant,Personal mosquito repellent,http://purl.obolibrary.org/obo/EUPATH_0000439,,,value,,,,yes,,,,,,,,
http://purl.obolibrary.org/obo/EUPATH_0000449,Village visited,6,travel_2wk_village,,,Participant,Travel details,http://purl.obolibrary.org/obo/EUPATH_0000340,,,variable,,,,yes,,,,,,,,
http://purl.obolibrary.org/obo/HP_0002013,Vomiting,19,symptoms_chk___5,,,Participant,Symptoms,http://purl.obolibrary.org/obo/EUPATH_0021002,,,value,,,,yes,,,,,,,,
http://purl.obolibrary.org/obo/EUPATH_0021093,Water source,,,,,Household,Household water,http://purl.obolibrary.org/obo/EUPATH_0000731,,,multifilter,,,,,,,,,,,,
http://purl.obolibrary.org/obo/EUPATH_0000732,Weight ,,weight,,,Participant,Anthropometry,http://purl.obolibrary.org/obo/EUPATH_0000649,,,variable,,kg,,yes,,,,,,,,
http://purl.obolibrary.org/obo/EUPATH_0000431,Where treated,5,,,Where treated for the most recent malaria episode within the last year. This variable was only collected at the first visit.,Participant,Days since last malaria diagnosis,http://purl.obolibrary.org/obo/EUPATH_0000427,,,multifilter,,,,,,,,,,,,