IRI,label,variable,displayOrder,dataFile,definition,category,parentIRI,parentLabel,codebookDescription,codebookValues,termType,repeated,is_temporal,mergeKey,dataSet,replaces,unitLabel,unitIRI,is_featured,hidden,scale,defaultDisplayRangeMin,defaultDisplayRangeMax,defaultBinWidth
http://purl.obolibrary.org/obo/EUPATH_0000327,Entomology,,,,,Entomology,http://www.w3.org/2002/07/owl#Thing,,,,category,,,,Malawi ICEMR Case-Control,,,,,yes,,,,
http://purl.obolibrary.org/obo/EUPATH_0025026,Female Aedes count,aedesf | aedesf_trap | aedesf_cup,1,DATA_WHICEMR_PROJECT_3_URBAN_MALARIA_ABAULENI_2019-02-28-11-43-09.csv,,Entomology,http://purl.obolibrary.org/obo/EUPATH_0025052,Aedes results,Number of female <i>Aedes</i>,,variable,,,,Malawi ICEMR Case-Control,,,,,,,,,
http://purl.obolibrary.org/obo/EUPATH_0025027,Male Aedes count,aedesm | aedesm_trap | aedesm_cup,2,DATA_WHICEMR_PROJECT_3_URBAN_MALARIA_ABAULENI_2019-02-28-11-43-09.csv,,Entomology,http://purl.obolibrary.org/obo/EUPATH_0025052,Aedes results,Number of male <i>Aedes</i>,,variable,,,,Malawi ICEMR Case-Control,,,,,,,,,
http://purl.obolibrary.org/obo/EUPATH_0000135,Female Anopheles count,anof_trap | anof | anof_cup,1,DATA_WHICEMR_PROJECT_3_URBAN_MALARIA_ABAULENI_2019-02-28-11-43-09.csv,,Entomology,http://purl.obolibrary.org/obo/EUPATH_0025053,Anopheles results,Number of female <i>Anopheles</i>,,variable,,,,Malawi ICEMR Case-Control,,,,,,,,,
http://purl.obolibrary.org/obo/EUPATH_0025031,Male Anopheles count,anom_cup | anom | anom_trap,2,DATA_WHICEMR_PROJECT_3_URBAN_MALARIA_ABAULENI_2019-02-28-11-43-09.csv,,Entomology,http://purl.obolibrary.org/obo/EUPATH_0025053,Anopheles results,Number of male <i>Anopheles</i>,,variable,,,,Malawi ICEMR Case-Control,,,,,,,,,
http://purl.obolibrary.org/obo/EUPATH_0025004,Total Anopheles count,anot_trap | anot | anot_cup,3,DATA_WHICEMR_PROJECT_3_URBAN_MALARIA_ABAULENI_2019-02-28-11-43-09.csv,,Entomology,http://purl.obolibrary.org/obo/EUPATH_0025053,Anopheles results,Total number of <i>Anopheles</i> male and female mosquitoes | Total number of male and female <i>Anopheles</i> mosquitoes in the petri dish,[anom]+[anof],variable,,,,Malawi ICEMR Case-Control,,,,,,,,,
http://purl.obolibrary.org/obo/EUPATH_0025042,Female Culex count,culexf | culexf_cup | culexf_trap,1,DATA_WHICEMR_PROJECT_3_URBAN_MALARIA_ABAULENI_2019-02-28-11-43-09.csv,,Entomology,http://purl.obolibrary.org/obo/EUPATH_0025056,Culex results,Number of female <i>Culex</i>,,variable,,,,Malawi ICEMR Case-Control,,,,,,,,,
http://purl.obolibrary.org/obo/EUPATH_0025043,Male Culex count,culexm_cup | culexm_trap | culexm,2,DATA_WHICEMR_PROJECT_3_URBAN_MALARIA_ABAULENI_2019-02-28-11-43-09.csv,,Entomology,http://purl.obolibrary.org/obo/EUPATH_0025056,Culex results,Number of male <i>Culex</i>,,variable,,,,Malawi ICEMR Case-Control,,,,,,,,,
http://purl.obolibrary.org/obo/EUPATH_0025098,Mosquito count,mossit_cup | most | mossit_trap,1,DATA_WHICEMR_PROJECT_3_URBAN_MALARIA_ABAULENI_2019-02-28-11-43-09.csv,,Entomology,http://purl.obolibrary.org/obo/EUPATH_0000327,Entomology,Total number of mosquitoes collected | Total count of all male and female mosquitoes in the petri dish,[culexm_cup]+[culexf_cup]+[anom_cup]+[anof_cup]+[aedesm_cup]+[aedesf_cup] | [culexm]+[culexf]+[anom]+[anof]+[aedesm]+[aedesf] | [culexm_trap]+[culexf_trap]+[anom_trap]+[anof_trap]+[aedesm_trap]+[aedesf_trap],variable,,,,Malawi ICEMR Case-Control,,,,,,,,,
http://purl.obolibrary.org/obo/EUPATH_0025170,Entomology collection,,2,,,Entomology,http://purl.obolibrary.org/obo/EUPATH_0000327,Entomology,,,,,,,Malawi ICEMR Case-Control,,,,,,,,,
http://purl.obolibrary.org/obo/EUPATH_0025052,Aedes results,,3,,,Entomology,http://purl.obolibrary.org/obo/EUPATH_0000327,Entomology,,,,,,,Malawi ICEMR Case-Control,,,,,,,,,
http://purl.obolibrary.org/obo/EUPATH_0025053,Anopheles results,,4,,,Entomology,http://purl.obolibrary.org/obo/EUPATH_0000327,Entomology,,,,,,,Malawi ICEMR Case-Control,,,,,,,,,
http://purl.obolibrary.org/obo/EUPATH_0025056,Culex results,,5,,,Entomology,http://purl.obolibrary.org/obo/EUPATH_0000327,Entomology,,,,,,,Malawi ICEMR Case-Control,,,,,,,,,
http://purl.obolibrary.org/obo/EUPATH_0025137,Rooms aspirated count,asprooms,6,DATA_WHICEMR_PROJECT_3_URBAN_MALARIA_ABAULENI_2019-02-28-11-43-09.csv,,Entomology,http://purl.obolibrary.org/obo/EUPATH_0000327,Entomology,How many rooms were aspirated?,,variable,,,,Malawi ICEMR Case-Control,,,,,,,,,
http://purl.obolibrary.org/obo/EUPATH_0025020,Collection time,mostime,1,DATA_WHICEMR_PROJECT_3_URBAN_MALARIA_ABAULENI_2019-02-28-11-43-09.csv,,Entomology,http://purl.obolibrary.org/obo/EUPATH_0025170,Entomology collection,Time of collection,"1, 6:00-11:00am | 2, After 11:00am",variable,,,,Malawi ICEMR Case-Control,,,,,,,,,
http://purl.obolibrary.org/obo/EUPATH_0025151,Collection type,,2,,,Entomology,http://purl.obolibrary.org/obo/EUPATH_0025170,Entomology collection,,,"variable, derived",,,,Malawi ICEMR Case-Control,,,,,,,,,
http://purl.obolibrary.org/obo/PCO_0000024,Household,,,,,Household,http://www.w3.org/2002/07/owl#Thing,,,,category,,,,Malawi ICEMR Case-Control,,,,,yes,,,,
http://purl.obolibrary.org/obo/ENVO_01000614,Bicycle,bike,1,DATA_WHICEMR_PROJECT_3_URBAN_MALARIA_ABAULENI_2019-02-28-11-43-09.csv,,Household,http://purl.obolibrary.org/obo/EUPATH_0000144,Assets,"<font color=""blue"">Kodi m'nyumba mwanu muli ndi njinga? </font>","-9, Unknown | 1, Yes | 0, No",value,,,,Malawi ICEMR Case-Control,,,,,,,,,
http://purl.obolibrary.org/obo/EUPATH_0000171,Car or truck,car,2,DATA_WHICEMR_PROJECT_3_URBAN_MALARIA_ABAULENI_2019-02-28-11-43-09.csv,,Household,http://purl.obolibrary.org/obo/EUPATH_0000144,Assets,"<font color=""blue"">Kodi m'nyumba mwanu muli ndi galimoto? </font>","-9, Unknown | 1, Yes | 0, No",value,,,,Malawi ICEMR Case-Control,,,,,,,,,
http://purl.obolibrary.org/obo/EUPATH_0021084,Electricity,electric,3,DATA_WHICEMR_PROJECT_3_URBAN_MALARIA_ABAULENI_2019-02-28-11-43-09.csv,,Household,http://purl.obolibrary.org/obo/EUPATH_0000144,Assets,"<font color=""blue"">Kodi m'nyumba mwanu muli ndi magesti?</font>","-9, Unknown | 1, Yes | 0, No",value,,,,Malawi ICEMR Case-Control,,,,,,,,,
http://purl.obolibrary.org/obo/EUPATH_0025041,House,house,4,DATA_WHICEMR_PROJECT_3_URBAN_MALARIA_ABAULENI_2019-02-28-11-43-09.csv,,Household,http://purl.obolibrary.org/obo/EUPATH_0000144,Assets,"<font color=""blue"">Kodi muli ndi malo/nyumba?</font>","-9, Unknown | 1, Yes | 0, No",value,,,,Malawi ICEMR Case-Control,,,,,,,,,
http://purl.obolibrary.org/obo/ENVO_01000577,Radio,radio,5,DATA_WHICEMR_PROJECT_3_URBAN_MALARIA_ABAULENI_2019-02-28-11-43-09.csv,,Household,http://purl.obolibrary.org/obo/EUPATH_0000144,Assets,"<font color=""blue"">Kodi m'nyumba mwanu muli ndi wailesi?</font>","-9, Unknown | 1, Yes | 0, No",value,,,,Malawi ICEMR Case-Control,,,,,,,,,
http://purl.obolibrary.org/obo/ENVO_01000579,Television,tv,6,DATA_WHICEMR_PROJECT_3_URBAN_MALARIA_ABAULENI_2019-02-28-11-43-09.csv,,Household,http://purl.obolibrary.org/obo/EUPATH_0000144,Assets,"<font color=""blue"">Kodi m'nyumba mwanu muli ndi kanema?</font>","-9, Unknown | 1, Yes | 0, No",value,,,,Malawi ICEMR Case-Control,,,,,,,,,
http://purl.obolibrary.org/obo/EUPATH_0000006,Floor material,floormat,1,DATA_WHICEMR_PROJECT_3_URBAN_MALARIA_ABAULENI_2019-02-28-11-43-09.csv,,Household,http://purl.obolibrary.org/obo/EUPATH_0000303,Dwelling characteristics,"<font color=""blue"">Kodi pansi pa nyumba yanu ndipopangidwa ndi chiani?</font>","4, Other | 1, Natural floor | 3, Finished floor | 2, Rudimentary floor",variable,,,,Malawi ICEMR Case-Control,,,,,,,,,
http://purl.obolibrary.org/obo/EUPATH_0025048,Screened windows,screen,10,DATA_WHICEMR_PROJECT_3_URBAN_MALARIA_ABAULENI_2019-02-28-11-43-09.csv,,Household,http://purl.obolibrary.org/obo/EUPATH_0000303,Dwelling characteristics,Are the windows of the house screened? <i>(Observe)</i>,"1, Yes | 0, No",variable,,,,Malawi ICEMR Case-Control,,,,,,,,,
http://purl.obolibrary.org/obo/EUPATH_0011593,Room count,nrooms,11,DATA_WHICEMR_PROJECT_3_URBAN_MALARIA_ABAULENI_2019-02-28-11-43-09.csv,,Household,http://purl.obolibrary.org/obo/EUPATH_0000303,Dwelling characteristics,Number of rooms in the house?,,variable,,,,Malawi ICEMR Case-Control,,,,,,,,,
http://purl.obolibrary.org/obo/EUPATH_0031052,Natural floor material,floor_nat,2,DATA_WHICEMR_PROJECT_3_URBAN_MALARIA_ABAULENI_2019-02-28-11-43-09.csv,,Household,http://purl.obolibrary.org/obo/EUPATH_0000303,Dwelling characteristics,Select the type of natural floor,"11, Earth/sand | 12, Dung",variable,,,,Malawi ICEMR Case-Control,,,,,,,,,
http://purl.obolibrary.org/obo/EUPATH_0000015,Eaves,eaves,3,DATA_WHICEMR_PROJECT_3_URBAN_MALARIA_ABAULENI_2019-02-28-11-43-09.csv,,Household,http://purl.obolibrary.org/obo/EUPATH_0000303,Dwelling characteristics,What is the condition of the house eaves? <i>(Observe)</i>,"2, Closed | 1, Open",variable,,,,Malawi ICEMR Case-Control,,,,,,,,,
http://purl.obolibrary.org/obo/EUPATH_0025167,Wall material type,housemat,4,DATA_WHICEMR_PROJECT_3_URBAN_MALARIA_ABAULENI_2019-02-28-11-43-09.csv,,Household,http://purl.obolibrary.org/obo/EUPATH_0000303,Dwelling characteristics,"<font color =""blue"">Kodi Khoma la nyumbayi linamangidwa ndi chiani?</font> What was the building of the building?","4, Other | 3, Finished wall | 2, Rudimentary wall | 1, Natural wall",variable,,,,Malawi ICEMR Case-Control,,,,,,,,,
http://purl.obolibrary.org/obo/EUPATH_0000009,Wall material,hous_other | hous_rud | hous_nat | hous_fin,5,DATA_WHICEMR_PROJECT_3_URBAN_MALARIA_ABAULENI_2019-02-28-11-43-09.csv,,Household,http://purl.obolibrary.org/obo/EUPATH_0000303,Dwelling characteristics,"<font color=""blue"">Ngati pali zina nenani</font> | Select the type of natural wall | Select the type of finished wall | Select the type of rudementary wall","12, Cane/sticks/bamboo/reed | 24, Plywood | 25, Carton | 11, No walls | 32, Stone with lime/cement | 33, Bricks | 36, Wood planks/shingles | 31, Cement | 21, Bamboo/wood with mud | 35, Covered adobe | 34, Cement blocks | 22, Stone with mud | 23, Uncovered abode",variable,,,,Malawi ICEMR Case-Control,,,,,,,,,
http://purl.obolibrary.org/obo/EUPATH_0025047,Roof material type,roofmat,6,DATA_WHICEMR_PROJECT_3_URBAN_MALARIA_ABAULENI_2019-02-28-11-43-09.csv,,Household,http://purl.obolibrary.org/obo/EUPATH_0000303,Dwelling characteristics,"<font color =""blue"">Kodi denga lanyumba yanu ndi lopangidwa ndi chiani?</font> What is your home roof made of?","4, Other | 2, Rudimentary roof | 3, Finished roof | 1, Natural roof",variable,,,,Malawi ICEMR Case-Control,,,,,,,,,
http://purl.obolibrary.org/obo/EUPATH_0000003,Roof material,roof_other | roof_nat | roof_fin | roof_rud,7,DATA_WHICEMR_PROJECT_3_URBAN_MALARIA_ABAULENI_2019-02-28-11-43-09.csv,,Household,http://purl.obolibrary.org/obo/EUPATH_0000303,Dwelling characteristics,"Select the type of finished roof | Select the type of rudementary roof | Select the type of natural roof | <font color=""blue"">Ngati pali zina nenani</font>","31, Corrugated iron | 23, Wood planks | 34, Cement/concrete | 22, Reed/bamboo | 35, Roofing shingles | 11, Thatch/leaf | 33, Calamine/cement fiber | 21, Rustic mat/plastic sheet | 32, Wood | 12, Sticks and mud",variable,,,,Malawi ICEMR Case-Control,,,,,,,,,
http://purl.obolibrary.org/obo/EUPATH_0025050,Windows,window,8,DATA_WHICEMR_PROJECT_3_URBAN_MALARIA_ABAULENI_2019-02-28-11-43-09.csv,,Household,http://purl.obolibrary.org/obo/EUPATH_0000303,Dwelling characteristics,"<font color=""blue"">Kodi nyumba yanu ili ndi mazenera?</font> (<i>observe</i>) Does your house have windows?","1, Yes | 0, No",variable,,,,Malawi ICEMR Case-Control,,,,,,,,,
http://purl.obolibrary.org/obo/EUPATH_0025049,Window material,,9,,,Household,http://purl.obolibrary.org/obo/EUPATH_0000303,Dwelling characteristics,,,multifilter,,,,Malawi ICEMR Case-Control,,,,,,,,,
http://purl.obolibrary.org/obo/EUPATH_0025164,Specific dwelling environment,,1,,,Household,http://purl.obolibrary.org/obo/EUPATH_0010032,Dwelling environment,,,multifilter,,,,Malawi ICEMR Case-Control,,,,,,,,,
http://purl.obolibrary.org/obo/EUPATH_0025060,Discarded tires distance,dtyrem,2,DATA_WHICEMR_PROJECT_3_URBAN_MALARIA_ABAULENI_2019-02-28-11-43-09.csv,,Household,http://purl.obolibrary.org/obo/EUPATH_0010032,Dwelling environment,Distance from the house,,variable,,,,Malawi ICEMR Case-Control,,m,http://purl.obolibrary.org/obo/UO_0000008,,,,,,
http://purl.obolibrary.org/obo/EUPATH_0025062,Discarded trash distance,dtrashm,3,DATA_WHICEMR_PROJECT_3_URBAN_MALARIA_ABAULENI_2019-02-28-11-43-09.csv,,Household,http://purl.obolibrary.org/obo/EUPATH_0010032,Dwelling environment,Distance from the house,,variable,,,,Malawi ICEMR Case-Control,,m,http://purl.obolibrary.org/obo/UO_0000008,,,,,,
http://purl.obolibrary.org/obo/EUPATH_0025067,Forest distance,forestm,4,DATA_WHICEMR_PROJECT_3_URBAN_MALARIA_ABAULENI_2019-02-28-11-43-09.csv,,Household,http://purl.obolibrary.org/obo/EUPATH_0010032,Dwelling environment,Distance from the house,,variable,,,,Malawi ICEMR Case-Control,,m,http://purl.obolibrary.org/obo/UO_0000008,,,,,,
http://purl.obolibrary.org/obo/EUPATH_0025068,Garden distance,gardenm,5,DATA_WHICEMR_PROJECT_3_URBAN_MALARIA_ABAULENI_2019-02-28-11-43-09.csv,,Household,http://purl.obolibrary.org/obo/EUPATH_0010032,Dwelling environment,Distance from the house,,variable,,,,Malawi ICEMR Case-Control,,m,http://purl.obolibrary.org/obo/UO_0000008,,,,,,
http://purl.obolibrary.org/obo/EUPATH_0025090,Marshes distance,marshm,6,DATA_WHICEMR_PROJECT_3_URBAN_MALARIA_ABAULENI_2019-02-28-11-43-09.csv,,Household,http://purl.obolibrary.org/obo/EUPATH_0010032,Dwelling environment,Distance from the house,,variable,,,,Malawi ICEMR Case-Control,,m,http://purl.obolibrary.org/obo/UO_0000008,,,,,,
http://purl.obolibrary.org/obo/EUPATH_0025096,Mosquito breeding site count,breedingn,7,DATA_WHICEMR_PROJECT_3_URBAN_MALARIA_ABAULENI_2019-02-28-11-43-09.csv,,Household,http://purl.obolibrary.org/obo/EUPATH_0010032,Dwelling environment,"If yes, how many breeding sites are there? <i>(Observe)</i>",,variable,,,,Malawi ICEMR Case-Control,,,,,,,,,
http://purl.obolibrary.org/obo/EUPATH_0025145,Standing water distance,stwaterm,8,DATA_WHICEMR_PROJECT_3_URBAN_MALARIA_ABAULENI_2019-02-28-11-43-09.csv,,Household,http://purl.obolibrary.org/obo/EUPATH_0010032,Dwelling environment,Distance from the house,,variable,,,,Malawi ICEMR Case-Control,,m,http://purl.obolibrary.org/obo/UO_0000008,,,,,,
http://purl.obolibrary.org/obo/EUPATH_0000023,Cooking fuel,fuelmat,1,DATA_WHICEMR_PROJECT_3_URBAN_MALARIA_ABAULENI_2019-02-28-11-43-09.csv,,Household,http://purl.obolibrary.org/obo/EUPATH_0000302,Dwelling facilities,"<font color=""blue"">Kodi mumagwiritsa ntchito chiani pophikira?</font> What do you use for cooking?","09, Other | 08, Dung | 01, Electricity | 07, Firewood/straw | 05, Coal/lignite | 02, LPG/ natural gas | 06, Charcoal | 03, Biogas | 04, Kerosene",variable,,,,Malawi ICEMR Case-Control,,,,,,,,,
http://purl.obolibrary.org/obo/EUPATH_0000596,Waste disposal,,2,,,Household,http://purl.obolibrary.org/obo/EUPATH_0000302,Dwelling facilities,,,category,,,,Malawi ICEMR Case-Control,,,,,,,,,
http://purl.obolibrary.org/obo/EUPATH_0025072,Health center,site_ses,1,DATA_WHICEMR_PROJECT_3_SCREENING_ABAULENI_2019-02-28-11-41-09.csv,Health center where screening and enrollment was conducted,Household,http://purl.obolibrary.org/obo/GAZ_00000448,Geographic location,Health centre,"2, Chileka Health Centre | 6, Zingwangwa Health Centre | 3, Chilomoni Health Centre | 5, Ndirande Health Centre | 1, Bangwe Health Centre | 4, Mpemba Health Centre",variable,,,,Malawi ICEMR Case-Control,,,,,,,,,
http://purl.obolibrary.org/obo/NCIT_C43428,Zone,zn_zone | cl_zone | mp_zone | bn_zone | nd_zone | ck_zone,2,DATA_WHICEMR_PROJECT_3_SCREENING_ABAULENI_2019-02-28-11-41-09.csv,,Household,http://purl.obolibrary.org/obo/GAZ_00000448,Geographic location,Chilomoni zone | Ndirande zone | Bangwe zone | Zingwangwa zone | Chileka zone | Mpemba zone,"-9, Unknown | 1, Zone 1 | 5, Zone 5 | 2, Zone 2 | 4, Zone 4 | 3, Zone 3",variable,,,,Malawi ICEMR Case-Control,,,,,,,,,
http://purl.obolibrary.org/obo/ENVO_00000009,Country,country,3,,,Household,http://purl.obolibrary.org/obo/GAZ_00000448,Geographic location,,,"variable, derived",,,,Malawi ICEMR Case-Control,,,,,,,,,
http://purl.obolibrary.org/obo/EUPATH_0011995,Household observation details,,1,,,Household,http://purl.obolibrary.org/obo/PCO_0000024,Household,,,,,,,,,,,,,,,,
http://purl.obolibrary.org/obo/EUPATH_0000303,Dwelling characteristics,,2,,,Household,http://purl.obolibrary.org/obo/PCO_0000024,Household,,,category,,,,Malawi ICEMR Case-Control,,,,,,,,,
http://purl.obolibrary.org/obo/EUPATH_0010032,Dwelling environment,,3,,,Household,http://purl.obolibrary.org/obo/PCO_0000024,Household,,,category,,,,Malawi ICEMR Case-Control,,,,,,,,,
http://purl.obolibrary.org/obo/EUPATH_0000302,Dwelling facilities,,4,,,Household,http://purl.obolibrary.org/obo/PCO_0000024,Household,,,category,,,,Malawi ICEMR Case-Control,,,,,,,,,
http://purl.obolibrary.org/obo/GAZ_00000448,Geographic location,,5,,,Household,http://purl.obolibrary.org/obo/PCO_0000024,Household,,,category,,,,Malawi ICEMR Case-Control,,,,,,,,,
http://purl.obolibrary.org/obo/EUPATH_0024182,Household relocation,,6,,,Household,http://purl.obolibrary.org/obo/PCO_0000024,Household,,,category,,,,Malawi ICEMR Case-Control,,,,,,,,,
http://purl.obolibrary.org/obo/EUPATH_0000731,Household water,,7,,,Household,http://purl.obolibrary.org/obo/PCO_0000024,Household,,,category,,,,Malawi ICEMR Case-Control,,,,,,,,,
http://purl.obolibrary.org/obo/EUPATH_0000304,Socioeconomic factors,,8,,,Household,http://purl.obolibrary.org/obo/PCO_0000024,Household,,,category,,,,Malawi ICEMR Case-Control,,,,,,,,,
http://purl.obolibrary.org/obo/EUPATH_0025075,Household visit status,finalsp | finalres,9,DATA_WHICEMR_PROJECT_3_URBAN_MALARIA_ABAULENI_2019-02-28-11-43-09.csv,,Household,http://purl.obolibrary.org/obo/EUPATH_0011995,Household observation details,Final result of the household visit,"1, Completed | 6, House vacant or address not a dwelling | 5, Withdrawn consent | 8, Other | 4, Postponed | 3, Entire household absent for extended period of time | 7, House not found | 2, No household member at home or no competent respondent at home at time of visit","variable, derived",,,,Malawi ICEMR Case-Control,,,,,,,,,
http://purl.obolibrary.org/obo/EUPATH_0021085,Household data collection date,hhqdate,,DATA_WHICEMR_PROJECT_3_URBAN_MALARIA_ABAULENI_2019-02-28-11-43-09.csv,,Household,http://purl.obolibrary.org/obo/EUPATH_0011995,Household observation details,Visit date,,variable,,,,Malawi ICEMR Case-Control,,,,,,,,,
http://purl.obolibrary.org/obo/EUPATH_0024002,Time at current location,tmhouse,,DATA_WHICEMR_PROJECT_3_URBAN_MALARIA_ABAULENI_2019-02-28-11-43-09.csv,,Household,http://purl.obolibrary.org/obo/EUPATH_0024182,Household relocation,"<font color=""blue"">Kodi mwakhala nthawi yotalika bwanji chiloweleni mnyumbamu?</font> 
How long have you stayed in the house?","3, >2 weeks | 2, 1-2 weeks | 1, < 1 week",variable,,,,Malawi ICEMR Case-Control,,,,,,,,,
http://purl.obolibrary.org/obo/ENVO_00003064,Drinking water source,water,1,DATA_WHICEMR_PROJECT_3_URBAN_MALARIA_ABAULENI_2019-02-28-11-43-09.csv,,Household,http://purl.obolibrary.org/obo/EUPATH_0000731,Household water,"<font color=""blue"">Kodi madzi akumwa mumawatenga kuti?</font> 
Where do you get your drinking water?","-9, Unknown | 96, Other | 21, Tube well or borehole | 51, Rainwater | 81, Surface water (river/dam/lake/pond/stream/canal/irrigation channel) | 91, Bottled water | 1, Piped water | 4, Water from spring | 3, Dug well | 71, Cart with small tank | 61, Tanker truck",variable,,,,Malawi ICEMR Case-Control,,,,,,,,,
http://purl.obolibrary.org/obo/EUPATH_0025121,Piped drinking water source,pipewater,2,DATA_WHICEMR_PROJECT_3_URBAN_MALARIA_ABAULENI_2019-02-28-11-43-09.csv,,Household,http://purl.obolibrary.org/obo/EUPATH_0000731,Household water,Select the type of piped water,"11, Piped into dwelling | 12, Piped into yard/plot | 13, Public tap/standpipe",variable,,,,Malawi ICEMR Case-Control,,,,,,,,,
http://purl.obolibrary.org/obo/EUPATH_0025143,Spring drinking water source,spring,3,DATA_WHICEMR_PROJECT_3_URBAN_MALARIA_ABAULENI_2019-02-28-11-43-09.csv,,Household,http://purl.obolibrary.org/obo/EUPATH_0000731,Household water,Select the type of water from spring,"42, Unprotected spring | 41, Protected spring",variable,,,,Malawi ICEMR Case-Control,,,,,,,,,
http://purl.obolibrary.org/obo/EUPATH_0025159,Well drinking water source,dug,4,DATA_WHICEMR_PROJECT_3_URBAN_MALARIA_ABAULENI_2019-02-28-11-43-09.csv,,Household,http://purl.obolibrary.org/obo/EUPATH_0000731,Household water,Select the type of dug well,"31, Protected well | 32, Unprotected well",variable,,,,Malawi ICEMR Case-Control,,,,,,,,,
http://purl.obolibrary.org/obo/EUPATH_0000144,Assets,,1,,,Household,http://purl.obolibrary.org/obo/EUPATH_0000304,Socioeconomic factors,,,multifilter,,,,Malawi ICEMR Case-Control,,,,,,,,,
http://purl.obolibrary.org/obo/EUPATH_0000019,Persons living in house count,nppllive,2,DATA_WHICEMR_PROJECT_3_URBAN_MALARIA_ABAULENI_2019-02-28-11-43-09.csv,,Household,http://purl.obolibrary.org/obo/EUPATH_0000304,Socioeconomic factors,"<font color=""blue"">Kodi ndi athu angati amene mumakhala m'nyumbamu kuphatikizapo ana?</font> How many of you live in the household, including children?",,variable,,,,Malawi ICEMR Case-Control,,,,,,,,,
http://purl.obolibrary.org/obo/EUPATH_0000714,Persons sleeping in dwelling count,nslept,3,DATA_WHICEMR_PROJECT_3_URBAN_MALARIA_ABAULENI_2019-02-28-11-43-09.csv,,Household,http://purl.obolibrary.org/obo/EUPATH_0000304,Socioeconomic factors,How many people slept in the house?,,variable,,,,Malawi ICEMR Case-Control,,,,,,,,,
http://purl.obolibrary.org/obo/EUPATH_0025051,Discarded tires,dtyre,1,DATA_WHICEMR_PROJECT_3_URBAN_MALARIA_ABAULENI_2019-02-28-11-43-09.csv,,Household,http://purl.obolibrary.org/obo/EUPATH_0025164,Specific dwelling environment,Discarded tyres,"1, Yes | 0, No",value,,,,Malawi ICEMR Case-Control,,,,,,,,,
http://purl.obolibrary.org/obo/EUPATH_0025061,Discarded trash,dtrash,2,DATA_WHICEMR_PROJECT_3_URBAN_MALARIA_ABAULENI_2019-02-28-11-43-09.csv,,Household,http://purl.obolibrary.org/obo/EUPATH_0025164,Specific dwelling environment,"Discarded trash (e.g., pots, pans, etc.)","1, Yes | 0, No",value,,,,Malawi ICEMR Case-Control,,,,,,,,,
http://purl.obolibrary.org/obo/EUPATH_0025066,Forest,forest,3,DATA_WHICEMR_PROJECT_3_URBAN_MALARIA_ABAULENI_2019-02-28-11-43-09.csv,,Household,http://purl.obolibrary.org/obo/EUPATH_0025164,Specific dwelling environment,Forest,"1, Yes | 0, No",value,,,,Malawi ICEMR Case-Control,,,,,,,,,
http://purl.obolibrary.org/obo/EUPATH_0025069,Gardens,garden,4,DATA_WHICEMR_PROJECT_3_URBAN_MALARIA_ABAULENI_2019-02-28-11-43-09.csv,,Household,http://purl.obolibrary.org/obo/EUPATH_0025164,Specific dwelling environment,Gardens,"1, Yes | 0, No",value,,,,Malawi ICEMR Case-Control,,,,,,,,,
http://purl.obolibrary.org/obo/EUPATH_0025089,Marshes,marsh,5,DATA_WHICEMR_PROJECT_3_URBAN_MALARIA_ABAULENI_2019-02-28-11-43-09.csv,,Household,http://purl.obolibrary.org/obo/EUPATH_0025164,Specific dwelling environment,Marshes,"1, Yes | 0, No",value,,,,Malawi ICEMR Case-Control,,,,,,,,,
http://purl.obolibrary.org/obo/EUPATH_0025097,Mosquito breeding sites,breeding,6,DATA_WHICEMR_PROJECT_3_URBAN_MALARIA_ABAULENI_2019-02-28-11-43-09.csv,,Household,http://purl.obolibrary.org/obo/EUPATH_0025164,Specific dwelling environment,Are there potential breeding sites around the house? <i>(Observe)</i>,"1, Yes | 0, No",value,,,,Malawi ICEMR Case-Control,,,,,,,,,
http://purl.obolibrary.org/obo/EUPATH_0025144,Standing water,stwater,7,DATA_WHICEMR_PROJECT_3_URBAN_MALARIA_ABAULENI_2019-02-28-11-43-09.csv,,Household,http://purl.obolibrary.org/obo/EUPATH_0025164,Specific dwelling environment,"If yes, what types of potential breeding sites are around the house? Standing water in the ground","1, Yes | 0, No",value,,,,Malawi ICEMR Case-Control,,,,,,,,,
http://purl.obolibrary.org/obo/EUPATH_0000335,Human waste facilities,toiletsp | toilet,1,DATA_WHICEMR_PROJECT_3_URBAN_MALARIA_ABAULENI_2019-02-28-11-43-09.csv,,Household,http://purl.obolibrary.org/obo/EUPATH_0000596,Waste disposal,"<font color=""blue"">Kodi muli ndi chimbudzi chotani?</font> 
Do you have a toilet?","-9, Unknown | 61, No facility/bush/field | 2, Pit latrine | 51, Hanging toilet/hanging latrine | 96, Other | 1, Flush or pour flush toilet | 41, Bucket toilet | 31, Composting toilet","variable, derived",,,,Malawi ICEMR Case-Control,,,,,,,,,
http://purl.obolibrary.org/obo/EUPATH_0025085,Latrine type,pit,2,DATA_WHICEMR_PROJECT_3_URBAN_MALARIA_ABAULENI_2019-02-28-11-43-09.csv,,Household,http://purl.obolibrary.org/obo/EUPATH_0000596,Waste disposal,Select the type of pit latrine,"23, Pit latrine without slab/open pit | 21, Ventilated improved pit latrine (VIP) | 22, Pit latrine with slab",variable,,,,Malawi ICEMR Case-Control,,,,,,,,,
http://purl.obolibrary.org/obo/EUPATH_0025150,Toilet type,flush,3,DATA_WHICEMR_PROJECT_3_URBAN_MALARIA_ABAULENI_2019-02-28-11-43-09.csv,,Household,http://purl.obolibrary.org/obo/EUPATH_0000596,Waste disposal,Select the type of flush or pour flush toilet,"12, Flush to septic tank | 11, Flush to piped sewer system | 13, Flush to pit latrine | 15, Flush, don't know where | 14, Flush to somewhere else",variable,,,,Malawi ICEMR Case-Control,,,,,,,,,
http://purl.obolibrary.org/obo/EUPATH_0025057,Curtain or shutters,windowmatsp___3,1,DATA_WHICEMR_PROJECT_3_URBAN_MALARIA_ABAULENI_2019-02-28-11-43-09.csv,,Household,http://purl.obolibrary.org/obo/EUPATH_0025049,Window material,Windows with curtains or shutters,,value,,,,Malawi ICEMR Case-Control,,,,,,,,,
http://purl.obolibrary.org/obo/EUPATH_0025140,Screen,windowmatsp___2,2,DATA_WHICEMR_PROJECT_3_URBAN_MALARIA_ABAULENI_2019-02-28-11-43-09.csv,,Household,http://purl.obolibrary.org/obo/EUPATH_0025049,Window material,Windows with screens,,value,,,,Malawi ICEMR Case-Control,,,,,,,,,
http://purl.obolibrary.org/obo/EUPATH_0025070,Glass,windowmatsp___1,3,DATA_WHICEMR_PROJECT_3_URBAN_MALARIA_ABAULENI_2019-02-28-11-43-09.csv,,Household,http://purl.obolibrary.org/obo/EUPATH_0025049,Window material,What are the windows of the building made? Windows with glass,,value,,,,Malawi ICEMR Case-Control,,,,,,,,,
http://purl.obolibrary.org/obo/EUPATH_0025169,Insect sample,,,,,Insect sample,http://www.w3.org/2002/07/owl#Thing,,,,category,,,,Malawi ICEMR Case-Control,,,,,yes,,,,
http://purl.obolibrary.org/obo/EUPATH_0025005,Anopheles gonotrophic status,anof9gono | anof5gono_trap | anof3gono | anof3gono_cup | anof6gono | anof2gono_trap | anof3gono_trap | anof8gono | anof1gono_trap | anof4gono_trap | anof1gono | anof4gono | anof1gono_cup | anof5gono | anof10gono | anof7gono | anof2gono | anof2gono_cup,1,DATA_WHICEMR_PROJECT_3_URBAN_MALARIA_ABAULENI_2019-02-28-11-43-09.csv,,Insect sample,http://purl.obolibrary.org/obo/EUPATH_0025169,Insect sample,Female #6: Gonotrophic status | Female #3: Gonotrophic status | Female #2: Gonotrophic status | Female #5: Gonotrophic status | Female #7: Gonotrophic status | Female #4: Gonotrophic status | Female #8: Gonotrophic status | Female #1: Gonotrophic status | Female #10: Gonotrophic status | Female #9: Gonotrophic status,"1, Empty/unfed | 2, Bloodfed | 4, Gravid | 3, Half-gravid",variable,,,,Malawi ICEMR Case-Control,,,,,,,,,
http://purl.obolibrary.org/obo/EUPATH_0025007,"Anopheles species, by morphology",anof3morph_trap | anom1morph | anof6morph | anof8morph | anof17morph_trap | anof16morph_trap | anof8morph_trap | anof5morph_trap | anof5morph_cup | anof19morph_trap | anof2morph_trap | anof1morph_trap | anof23morph_trap | anof2morph | anom2morph | anof10morph_trap | anof11morph_trap | anof24morph_trap | anof15morph_trap | anof4morph | anof1morph | anof10morph | anof3morph_cup | anof3morph | anom1morph_cup | anof7morph_trap | anof2morph_cup | anof7morph_cup | anof14morph_trap | anof12morph_trap | anof4morph_trap | anof6morph_cup | anof7morph | anof13morph_trap | anof18morph_trap | anof4morph_cup | anom2morph_cup | anof9morph_trap | anof9morph | anof20morph_trap | anof5morph | anof6morph_trap | anof1morph_cup | anof22morph_trap | anof21morph_trap,2,DATA_WHICEMR_PROJECT_3_URBAN_MALARIA_ABAULENI_2019-02-28-11-43-09.csv,,Insect sample,http://purl.obolibrary.org/obo/EUPATH_0025169,Insect sample,Female #5: Morphological identification | Female #1: Morphological identification | Female #24: Morphological identification | Female #20: Morphological identification | Male #1: Morphological identification | Female #9: Morphological identification | Female #13: Morphological identification | Female #16: Morphological identification | Female #12: Morphological identification | Female #18: Morphological identification | Female #19: Morphological identification | Female #7: Morphological identification | Female #10: Morphological identification | Male #2: Morphological identification | Female #8: Morphological identification | Female #6: Morphological identification | Female #22: Morphological identification | Female #14: Morphological identification | Female #15: Morphological identification | Female #11: Morphological identification | Female #21: Morphological identification | Female #3: Morphological identification | Female #4: Morphological identification | Female #2: Morphological identification | Female #23: Morphological identification | Female #17: Morphological identification,"2, An. funestus s.l. | 3, Other Anopheles | 1, An. gambiae s.l.",variable,,,,Malawi ICEMR Case-Control,,,,,,,,,
http://purl.obolibrary.org/obo/EUPATH_0025003,Anopheles abdomen ID,anof7abid | anof1abid | anof9abid | anof4abid | anof10abid | anof8abid | anof3abid | anof2abid | anof6abid | anof5abid,3,DATA_WHICEMR_PROJECT_3_URBAN_MALARIA_ABAULENI_2019-02-28-11-43-09.csv,,Insect sample,http://purl.obolibrary.org/obo/EUPATH_0025169,Insect sample,Female #1: Mosquito abdomen ID | Female #6: Mosquito abdomen ID | Female #9: Mosquito abdomen ID | Female #5: Mosquito abdomen ID | Female #10: Mosquito abdomen ID | Female #7: Mosquito abdomen ID | Female #3: Mosquito abdomen ID | Female #2: Mosquito abdomen ID | Female #8: Mosquito abdomen ID | Female #4: Mosquito abdomen ID,,variable,,,,Malawi ICEMR Case-Control,,,,,,,,,
http://purl.obolibrary.org/obo/EUPATH_0025032,Whole Anopheles ID,anom1id | anom2id,4,DATA_WHICEMR_PROJECT_3_URBAN_MALARIA_ABAULENI_2019-02-28-11-43-09.csv,,Insect sample,http://purl.obolibrary.org/obo/EUPATH_0025169,Insect sample,Male #2: Whole male <i>Anopheles</i> barcode | Male #1: Whole male <i>Anopheles</i> barcode,,variable,,,,Malawi ICEMR Case-Control,,,,,,,,,
http://purl.obolibrary.org/obo/EUPATH_0025006,Anopheles head and thorax ID,anof9hthid | anof1hthid | anof7hthid | anof10hthid | anof8hthid | anof3hthid | anof5hthid | anof2hthid | anof4hthid | anof6hthid,5,DATA_WHICEMR_PROJECT_3_URBAN_MALARIA_ABAULENI_2019-02-28-11-43-09.csv,,Insect sample,http://purl.obolibrary.org/obo/EUPATH_0025169,Insect sample,Female #4: Mosquito head + thorax ID | Female #1: Mosquito head + thorax ID | Female #9: Mosquito head + thorax ID | Female #6: Mosquito head + thorax ID | Female #10: Mosquito head + thorax ID | Female #2: Mosquito head + thorax ID | Female #3: Mosquito head + thorax ID | Female #7: Mosquito head + thorax ID | Female #5: Mosquito head + thorax ID | Female #8: Mosquito head + thorax ID,,variable,,,,Malawi ICEMR Case-Control,,,,,,,,,
http://purl.obolibrary.org/obo/EUPATH_0025171,Insect sample collection process,,6,,,Insect sample,http://purl.obolibrary.org/obo/EUPATH_0025169,Insect sample,,,category,,,,Malawi ICEMR Case-Control,,,,,,,,,
http://purl.obolibrary.org/obo/EUPATH_0025029,"Head and thorax, abdomen collected",anof7tubes | anof2tubes | anof1tubes | anof9tubes | anof8tubes | anof3tubes | anof10tubes | anof6tubes | anof4tubes | anof5tubes,1,DATA_WHICEMR_PROJECT_3_URBAN_MALARIA_ABAULENI_2019-02-28-11-43-09.csv,,Insect sample,http://purl.obolibrary.org/obo/EUPATH_0025171,Insect sample collection process,Female #6: Head + thorax and abdomen separated and placed into tubes? | Female #8: Head + thorax and abdomen separated and placed into tubes? | Female #7: Head + thorax and abdomen separated and placed into tubes? | Female #5: Head + thorax and abdomen separated and placed into tubes? | Female #4: Head + thorax and abdomen separated and placed into tubes? | Female #2: Head + thorax and abdomen separated and placed into tubes? | Female #1: Head + thorax and abdomen separated and placed into tubes? | Female #3: Head + thorax and abdomen separated and placed into tubes? | Female #9: Head + thorax and abdomen separated and placed into tubes? | Female #10: Head + thorax and abdomen separated and placed into tubes?,"1, Yes | 0, No",variable,,,,Malawi ICEMR Case-Control,,,,,,,,,
http://purl.obolibrary.org/obo/EUPATH_0025030,"Head and thorax, leg, abdomen collected",anof2tubes_trap | anof1tubes_trap,2,DATA_WHICEMR_PROJECT_3_URBAN_MALARIA_ABAULENI_2019-02-28-11-43-09.csv,,Insect sample,http://purl.obolibrary.org/obo/EUPATH_0025171,Insect sample collection process,"Female #1: Head + thorax, a leg, and abdomen separated and placed into 3 separate tubes? | Female #2: Head + thorax, a leg, and abdomen separated and placed into 3 separate tubes?","1, Yes | 0, No",variable,,,,Malawi ICEMR Case-Control,,,,,,,,,
http://purl.obolibrary.org/obo/EUPATH_0000096,Participant,,,,,Participant,http://www.w3.org/2002/07/owl#Thing,,,,category,,,,Malawi ICEMR Case-Control,,,,,yes,,,,
http://purl.obolibrary.org/obo/EUPATH_0010036,Eligibility criteria,,1,,,Participant,http://purl.obolibrary.org/obo/EUPATH_0010035,Administrative information,,,category,,,,Malawi ICEMR Case-Control,,,,,,,,,
http://purl.obolibrary.org/obo/EUPATH_0010049,Case ID,caseid,2,DATA_WHICEMR_PROJECT_3_URBAN_MALARIA_ABAULENI_2019-02-28-11-43-09.csv,,Participant,http://purl.obolibrary.org/obo/EUPATH_0010035,Administrative information,"If the child is a control, what is the subject ID for the matched malaria case?",,variable,,,,Malawi ICEMR Case-Control,,,,,,,,,
http://purl.obolibrary.org/obo/EUPATH_0025024,Household directions collected,maptaken,3,DATA_WHICEMR_PROJECT_3_URBAN_MALARIA_ABAULENI_2019-02-28-11-43-09.csv,Narrative directions to the child's home were collected,Participant,http://purl.obolibrary.org/obo/EUPATH_0010035,Administrative information,Has the narrative map directions to the child's home been taken?,"1, Yes | 0, No | 2, Not taken",variable,,,,Malawi ICEMR Case-Control,,,,,,,,,
http://purl.obolibrary.org/obo/EUPATH_0025025,Household had another child enrolled in study in past year,hhcase_ses,4,DATA_WHICEMR_PROJECT_3_SCREENING_ABAULENI_2019-02-28-11-41-09.csv,,Participant,http://purl.obolibrary.org/obo/EUPATH_0010035,Administrative information,Is this child from a household where another child has been previously enrolled in the urban malaria study in the past 12 months?,"-9, Unknown | 1, Yes | 0, No",variable,,,,Malawi ICEMR Case-Control,,,,,,,,,
http://purl.obolibrary.org/obo/EUPATH_0025033,Artesunate (injectable),anti_maldrug___3,1,DATA_WHICEMR_PROJECT_3_URBAN_MALARIA_ABAULENI_2019-02-28-11-43-09.csv,,Participant,http://purl.obolibrary.org/obo/EUPATH_0025017,Antimalarial treatment in last 2 weeks,"3, Artesunate (injectable)",,value,,,,Malawi ICEMR Case-Control,,,,,,,,,
http://purl.obolibrary.org/obo/EUPATH_0025038,Other medication or treatment,anti_maldrug___10,10,DATA_WHICEMR_PROJECT_3_URBAN_MALARIA_ABAULENI_2019-02-28-11-43-09.csv,,Participant,http://purl.obolibrary.org/obo/EUPATH_0025017,Antimalarial treatment in last 2 weeks,Other drugs/interventions,,value,,,,Malawi ICEMR Case-Control,,,,,,,,,
http://purl.obolibrary.org/obo/EUPATH_0025034,Artesunate-amodiaquine,anti_maldrug___2,2,DATA_WHICEMR_PROJECT_3_URBAN_MALARIA_ABAULENI_2019-02-28-11-43-09.csv,,Participant,http://purl.obolibrary.org/obo/EUPATH_0025017,Antimalarial treatment in last 2 weeks,"2, Artesunate-amodiaquine (ASAQ)",,value,,,,Malawi ICEMR Case-Control,,,,,,,,,
http://purl.obolibrary.org/obo/EUPATH_0025011,Bactrim,anti_maldrug___5,3,DATA_WHICEMR_PROJECT_3_URBAN_MALARIA_ABAULENI_2019-02-28-11-43-09.csv,,Participant,http://purl.obolibrary.org/obo/EUPATH_0025017,Antimalarial treatment in last 2 weeks,"5, Bactrim",,value,,,,Malawi ICEMR Case-Control,,,,,,,,,
http://purl.obolibrary.org/obo/EUPATH_0025168,Blood transfusion,anti_maldrug___9,4,DATA_WHICEMR_PROJECT_3_URBAN_MALARIA_ABAULENI_2019-02-28-11-43-09.csv,,Participant,http://purl.obolibrary.org/obo/EUPATH_0025017,Antimalarial treatment in last 2 weeks,Blood transfusion,,value,,,,Malawi ICEMR Case-Control,,,,,,,,,
http://purl.obolibrary.org/obo/EUPATH_0025035,Doxycycline or erythromycin,anti_maldrug___7,5,DATA_WHICEMR_PROJECT_3_URBAN_MALARIA_ABAULENI_2019-02-28-11-43-09.csv,,Participant,http://purl.obolibrary.org/obo/EUPATH_0025017,Antimalarial treatment in last 2 weeks,Doxycycline or erythromycin,,value,,,,Malawi ICEMR Case-Control,,,,,,,,,
http://purl.obolibrary.org/obo/EUPATH_0025036,Iron,anti_maldrug___8,6,DATA_WHICEMR_PROJECT_3_URBAN_MALARIA_ABAULENI_2019-02-28-11-43-09.csv,,Participant,http://purl.obolibrary.org/obo/EUPATH_0025017,Antimalarial treatment in last 2 weeks,iron,,value,,,,Malawi ICEMR Case-Control,,,,,,,,,
http://purl.obolibrary.org/obo/EUPATH_0025037,Lumefantrine-artemether,anti_maldrug___1,7,DATA_WHICEMR_PROJECT_3_URBAN_MALARIA_ABAULENI_2019-02-28-11-43-09.csv,,Participant,http://purl.obolibrary.org/obo/EUPATH_0025017,Antimalarial treatment in last 2 weeks,"1, Lumefantrine Artemether (LA)",,value,,,,Malawi ICEMR Case-Control,,,,,,,,,
http://purl.obolibrary.org/obo/EUPATH_0025039,Quinine,anti_maldrug___4,8,DATA_WHICEMR_PROJECT_3_URBAN_MALARIA_ABAULENI_2019-02-28-11-43-09.csv,,Participant,http://purl.obolibrary.org/obo/EUPATH_0025017,Antimalarial treatment in last 2 weeks,"4, Quinine",,value,,,,Malawi ICEMR Case-Control,,,,,,,,,
http://purl.obolibrary.org/obo/EUPATH_0025040,"Sulfadoxine-pyrimethamine (SP, Fansidar, or Novidar)",anti_maldrug___6,9,DATA_WHICEMR_PROJECT_3_URBAN_MALARIA_ABAULENI_2019-02-28-11-43-09.csv,,Participant,http://purl.obolibrary.org/obo/EUPATH_0025017,Antimalarial treatment in last 2 weeks,"6, Sulphadoxine Pyrimethamine (SP)/Fansidar/Novidar",,value,,,,Malawi ICEMR Case-Control,,,,,,,,,
http://purl.obolibrary.org/obo/EUPATH_0021096,Fever in last 2 weeks,fever,1,DATA_WHICEMR_PROJECT_3_URBAN_MALARIA_ABAULENI_2019-02-28-11-43-09.csv,Information collected at household visit,Participant,http://purl.obolibrary.org/obo/OGMS_0000015,Clinical history,"<font color=""blue"">Kodi (tchulani dzina la odwala) anatenthako thupi pamasabata awiri apitawa?</font> Did (name) have fever in the last two weeks","-9, Unknown | 1, Yes | 0, No",variable,,,,Malawi ICEMR Case-Control,,,,,,,,,
http://purl.obolibrary.org/obo/EUPATH_0025065,Fever in last 2 weeks duration,feverst,2,DATA_WHICEMR_PROJECT_3_URBAN_MALARIA_ABAULENI_2019-02-28-11-43-09.csv,Information collected at household visit,Participant,http://purl.obolibrary.org/obo/OGMS_0000015,Clinical history,"<font color=""blue"">Ngati anatentha thupi, anatenga nthawi yotalika bwanji?</font> duration of fever",,variable,,,,Malawi ICEMR Case-Control,,days,http://purl.obolibrary.org/obo/UO_0000033,,,,,,
http://purl.obolibrary.org/obo/EUPATH_0025135,Received antimalarial treatment in last 2 weeks,antimal,3,DATA_WHICEMR_PROJECT_3_URBAN_MALARIA_ABAULENI_2019-02-28-11-43-09.csv,Information collected at household visit,Participant,http://purl.obolibrary.org/obo/OGMS_0000015,Clinical history,"<font color=""blue"">Kodi odwalayu analandira mankhwala amalungo kapena chithandizo chilichonse pamasabata awiri apitawa?</font> did (name) receive any anti-malarial drug or treatment in the last two weeks?","-9, Unknown | 1, Yes | 0, No",variable,,,,Malawi ICEMR Case-Control,,,,,,,,,
http://purl.obolibrary.org/obo/EUPATH_0025017,Antimalarial treatment in last 2 weeks,,4,,Information collected at household visit,Participant,http://purl.obolibrary.org/obo/OGMS_0000015,Clinical history,,,multifilter,,,,Malawi ICEMR Case-Control,,,,,,,,,
http://purl.obolibrary.org/obo/EUPATH_0025101,Other antimalarial treatment in last 2 weeks,otherintsp,5,DATA_WHICEMR_PROJECT_3_URBAN_MALARIA_ABAULENI_2019-02-28-11-43-09.csv,Other antimalarial treatment used in the last 2 weeks. Information collected at household visit,Participant,http://purl.obolibrary.org/obo/OGMS_0000015,Clinical history,"<font color=""blue"">Makhwala ena ndi ati pambali pa makhwala omwe tatchulawa amene analandila?</font>What are some of the medicines besides these mentioned medicines?",,variable,,,,Malawi ICEMR Case-Control,,,,,,,,,
http://www.ebi.ac.uk/efo/EFO_0004950,Birth date,dob_ses,1,DATA_WHICEMR_PROJECT_3_SCREENING_ABAULENI_2019-02-28-11-41-09.csv,,Participant,http://purl.obolibrary.org/obo/EUPATH_0010981,Demographics,<span class=noToday>Child's date of birth</span>,,variable,,,,Malawi ICEMR Case-Control,,,,,yes,,,,
http://purl.obolibrary.org/obo/PATO_0000047,Sex,gender_ses,2,DATA_WHICEMR_PROJECT_3_SCREENING_ABAULENI_2019-02-28-11-41-09.csv,,Participant,http://purl.obolibrary.org/obo/EUPATH_0010981,Demographics,Sex,"1, Female | 0, Male",variable,,,,Malawi ICEMR Case-Control,,,,yes,,,,,
http://purl.obolibrary.org/obo/EUPATH_0025163,Specific diagnosis,,1,,,Participant,http://purl.obolibrary.org/obo/OGMS_0000073,Diagnosis,,,multifilter,,,,Malawi ICEMR Case-Control,,,,,,,,,
http://purl.obolibrary.org/obo/EUPATH_0000317,Other diagnosis,diagnossp,2,DATA_WHICEMR_PROJECT_3_URBAN_MALARIA_ABAULENI_2019-02-28-11-43-09.csv,,Participant,http://purl.obolibrary.org/obo/OGMS_0000073,Diagnosis,"If other, specify",,variable,,,,Malawi ICEMR Case-Control,,,,,,,,,
http://purl.obolibrary.org/obo/EUPATH_0025136,Resident of health center catchment area,resident_ses,1,DATA_WHICEMR_PROJECT_3_SCREENING_ABAULENI_2019-02-28-11-41-09.csv,Participant required to be part of health center catchment area,Participant,http://purl.obolibrary.org/obo/EUPATH_0010036,Eligibility criteria,Is this child a resident of the health centre√≠s catchment area?,"1, Yes | 0, No",variable,,,,Malawi ICEMR Case-Control,,,,,,,,,
http://purl.obolibrary.org/obo/EUPATH_0025118,Participant 5-69 months,agecheck_ses,2,DATA_WHICEMR_PROJECT_3_SCREENING_ABAULENI_2019-02-28-11-41-09.csv,Participant required to be 5-69 months old,Participant,http://purl.obolibrary.org/obo/EUPATH_0010036,Eligibility criteria,Is this child aged 6 to 59 months?,"1, Yes | 0, No",variable,,,,Malawi ICEMR Case-Control,,,,,,,,,
http://purl.obolibrary.org/obo/EUPATH_0025154,Treated with effective anti-malarial in past 7 days,symptoms,3,DATA_WHICEMR_PROJECT_3_SCREENING_ABAULENI_2019-02-28-11-41-09.csv,Participant cannot have been sick with the same symptoms and treated with an effective anti-malarial drug in the last 7 days,Participant,http://purl.obolibrary.org/obo/EUPATH_0010036,Eligibility criteria,Was the child sick with the same symptoms and treated with an effective anti-malarial drug in the last 7 days?,"1, Yes | 0, No",variable,,,,Malawi ICEMR Case-Control,,,,,,,,,
http://purl.obolibrary.org/obo/EUPATH_0025129,Previously enrolled in study,last_seven,4,DATA_WHICEMR_PROJECT_3_SCREENING_ABAULENI_2019-02-28-11-41-09.csv,Participant cannot have been previously enrolled in study,Participant,http://purl.obolibrary.org/obo/EUPATH_0010036,Eligibility criteria,"Was the child previously enrolled in the ICEMR urban malaria study? 
<i>(Ask the mother the probing questions to determine if the child was previously enrolled in the urban malaria study - If health passport is available verify mother's response and look for the subject ID barcode label.</i>)","-9, Unknown | 1, Yes | 0, No",variable,,,,Malawi ICEMR Case-Control,,,,,,,,,
http://purl.obolibrary.org/obo/EUPATH_0025128,Previous case in study,prevcase_ses,5,DATA_WHICEMR_PROJECT_3_SCREENING_ABAULENI_2019-02-28-11-41-09.csv,Participant cannot have been previously enrolled as a case in study,Participant,http://purl.obolibrary.org/obo/EUPATH_0010036,Eligibility criteria,"If yes, was the child previously enrolled in the study as a case? 
<br><i>(1. If the health passport is available, look for and scan the Patient ID barcode label in the health passport to find  the previous final case-control assignment for the child.
<br>2. If health passport is not available, the child should be enrolled and previous enrolment status will be searched in the database.)</i>","-9, Unknown | 1, Yes | 0, No | 2, Child previously enrolled but health passport forgotten",variable,,,,Malawi ICEMR Case-Control,,,,,,,,,
http://purl.obolibrary.org/obo/EUPATH_0010418,Eligible for enrollment,eligible_ses,6,DATA_WHICEMR_PROJECT_3_SCREENING_ABAULENI_2019-02-28-11-41-09.csv,,Participant,http://purl.obolibrary.org/obo/EUPATH_0010036,Eligibility criteria,"Is the child eligible to be enrolled in the study?<br> <i>(If yes, administer the informed consent.)</i>","1, Yes | 0, No",variable,,,,Malawi ICEMR Case-Control,,,,,,,,,
http://purl.obolibrary.org/obo/EUPATH_0010420,Consent for enrollment given,consent_ses,7,DATA_WHICEMR_PROJECT_3_SCREENING_ABAULENI_2019-02-28-11-41-09.csv,,Participant,http://purl.obolibrary.org/obo/EUPATH_0010036,Eligibility criteria,Did the parent/guardian give written informed consent for the child to be screened for malaria and participate in this study?,"1, Yes | 0, No",variable,,,,Malawi ICEMR Case-Control,,,,,,,,,
http://purl.obolibrary.org/obo/EUPATH_0010424,Participant enrolled,part_ses,8,DATA_WHICEMR_PROJECT_3_SCREENING_ABAULENI_2019-02-28-11-41-09.csv,,Participant,http://purl.obolibrary.org/obo/EUPATH_0010036,Eligibility criteria,Will the child be enrolled in the study?,"1, Yes | 0, No",variable,,,,Malawi ICEMR Case-Control,,,,,,,,,
http://purl.obolibrary.org/obo/EUPATH_0025073,Household member received malaria treatment in last month,other_treat,1,DATA_WHICEMR_PROJECT_3_URBAN_MALARIA_ABAULENI_2019-02-28-11-43-09.csv,Last month is taken from the time of the household visit,Participant,http://purl.obolibrary.org/obo/EUPATH_0010037,Individuals related to participant,"<font color=""blue""> Pambali pa odwala amene anapita ku chipatala, palinso ena amene anakalandirirako chithandizo cha makhwala a malungo mwezi wathawu?</font> 
Apart from patients who have gone to the hospital, are there some who have received treatment for malaria last month?","-9, Unknown | 1, Yes | 0, No",variable,,,,Malawi ICEMR Case-Control,,,,,,,,,
http://purl.obolibrary.org/obo/EUPATH_0025157,Under 5 years old with fever count,peads,10,DATA_WHICEMR_PROJECT_3_URBAN_MALARIA_ABAULENI_2019-02-28-11-43-09.csv,,Participant,http://purl.obolibrary.org/obo/EUPATH_0010037,Individuals related to participant,"<font color=""blue""> Ndi ana angati mwa amene anatenthako thupi mwezi wangothawu amene ali osaposera zaka zisanu?</font> If yes how many are underfive children?","2, 2 | 19, 19 | 1, 1 | -9, Unknown | 16, 16 | 10, 10 | 0, 0 | 17, 17 | 9, 9 | 8, 8 | 15, 15 | 20, 20 | 18, 18 | 12, 12 | 6, 6 | 13, 13 | 14, 14 | 11, 11 | 5, 5 | 3, 3 | 7, 7 | 4, 4",variable,,,,Malawi ICEMR Case-Control,,,,,,,,,
http://purl.obolibrary.org/obo/EUPATH_0025002,5-12 years old with fever count,five_12yrs,11,DATA_WHICEMR_PROJECT_3_URBAN_MALARIA_ABAULENI_2019-02-28-11-43-09.csv,,Participant,http://purl.obolibrary.org/obo/EUPATH_0010037,Individuals related to participant,"<font color=""blue""> Ndi ana angati mwa amene anatenthako thupi mwezi wangothawu amene ali oyambira zaka zisanu kufika khumi ndi ziwiri?</font> How many of those who have had a fever last month are from five to twelve years?","2, 2 | 19, 19 | 1, 1 | -9, Unknown | 16, 16 | 10, 10 | 0, 0 | 17, 17 | 9, 9 | 8, 8 | 15, 15 | 20, 20 | 18, 18 | 12, 12 | 6, 6 | 13, 13 | 14, 14 | 11, 11 | 5, 5 | 3, 3 | 7, 7 | 4, 4",variable,,,,Malawi ICEMR Case-Control,,,,,,,,,
http://purl.obolibrary.org/obo/EUPATH_0025117,Over 12 years old with fever count,adults,12,DATA_WHICEMR_PROJECT_3_URBAN_MALARIA_ABAULENI_2019-02-28-11-43-09.csv,,Participant,http://purl.obolibrary.org/obo/EUPATH_0010037,Individuals related to participant,"<font color=""blue""> Ndi anthu angati mwa amene anatenthako thupi mwezi wangothawu amene ali opitirira zaka khumi ndi ziwiri?</font> 
How many of those who have had a fever last month are over twelve?","2, 2 | 19, 19 | 1, 1 | -9, Unknown | 16, 16 | 10, 10 | 0, 0 | 17, 17 | 9, 9 | 8, 8 | 15, 15 | 20, 20 | 18, 18 | 12, 12 | 6, 6 | 13, 13 | 14, 14 | 11, 11 | 5, 5 | 3, 3 | 7, 7 | 4, 4",variable,,,,Malawi ICEMR Case-Control,,,,,,,,,
http://purl.obolibrary.org/obo/EUPATH_0025156,Under 5 years old treated for malaria count,peads_other,13,DATA_WHICEMR_PROJECT_3_URBAN_MALARIA_ABAULENI_2019-02-28-11-43-09.csv,,Participant,http://purl.obolibrary.org/obo/EUPATH_0010037,Individuals related to participant,"<font color=""blue""> Ndi ana angati mwa amene anakalandila chithandizo cha mankhwala a malungo mwezi wangothawu amene ali osaposera zaka zisanu?</font> 
How many of them have received treatment for malaria last month that is not more than five years old?","2, 2 | 19, 19 | 1, 1 | -9, Unknown | 16, 16 | 10, 10 | 0, 0 | 17, 17 | 9, 9 | 8, 8 | 15, 15 | 20, 20 | 18, 18 | 12, 12 | 6, 6 | 13, 13 | 14, 14 | 11, 11 | 5, 5 | 3, 3 | 7, 7 | 4, 4",variable,,,,Malawi ICEMR Case-Control,,,,,,,,,
http://purl.obolibrary.org/obo/EUPATH_0025001,5-12 years old treated for malaria count,five_12yrsother,14,DATA_WHICEMR_PROJECT_3_URBAN_MALARIA_ABAULENI_2019-02-28-11-43-09.csv,,Participant,http://purl.obolibrary.org/obo/EUPATH_0010037,Individuals related to participant,"<font color=""blue""> Ndi ana angati mwa amene anakalandila chithandizo cha mankhwala a malungo mwezi wangothawu amene ali oyambira zaka zisanu kufika khumi ndi ziwiri?</font> 
How many of them have received treatment for the last month of the month which is from five to twelve years?","2, 2 | 19, 19 | 1, 1 | -9, Unknown | 16, 16 | 10, 10 | 0, 0 | 17, 17 | 9, 9 | 8, 8 | 15, 15 | 20, 20 | 18, 18 | 12, 12 | 6, 6 | 13, 13 | 14, 14 | 11, 11 | 5, 5 | 3, 3 | 7, 7 | 4, 4",variable,,,,Malawi ICEMR Case-Control,,,,,,,,,
http://purl.obolibrary.org/obo/EUPATH_0025116,Over 12 years old treated for malaria count,adults_other,15,DATA_WHICEMR_PROJECT_3_URBAN_MALARIA_ABAULENI_2019-02-28-11-43-09.csv,,Participant,http://purl.obolibrary.org/obo/EUPATH_0010037,Individuals related to participant,"<font color=""blue""> Ndi anthu angati mwa amene anakalandila chithandizo cha mankhwala a malungo mwezi wangothawu amene ali opitirira zaka khumi ndi ziwiri?</font> How many people have received treatment for malaria last month that is over twelve years old?","2, 2 | 19, 19 | 1, 1 | -9, Unknown | 16, 16 | 10, 10 | 0, 0 | 17, 17 | 9, 9 | 8, 8 | 15, 15 | 20, 20 | 18, 18 | 12, 12 | 6, 6 | 13, 13 | 14, 14 | 11, 11 | 5, 5 | 3, 3 | 7, 7 | 4, 4",variable,,,,Malawi ICEMR Case-Control,,,,,,,,,
http://purl.obolibrary.org/obo/EUPATH_0025074,Household member with fever in last month,fammal,2,DATA_WHICEMR_PROJECT_3_URBAN_MALARIA_ABAULENI_2019-02-28-11-43-09.csv,Last month is taken from the time of the household visit,Participant,http://purl.obolibrary.org/obo/EUPATH_0010037,Individuals related to participant,"<font color=""blue""> Pambali pa odwala amene anapita kuchipatala, palinso munthu wina wa m'nyumbamu amene anatenthako thupi mwezi wangothawu?</font> Apart from patients who went to the hospital, there was another household member who had a fever in the last month?","-9, Unknown | 1, Yes | 0, No",variable,,,,Malawi ICEMR Case-Control,,,,,,,,,
http://purl.obolibrary.org/obo/EUPATH_0025077,Interviewee age,mccage,3,DATA_WHICEMR_PROJECT_3_URBAN_MALARIA_ABAULENI_2019-02-28-11-43-09.csv,,Participant,http://purl.obolibrary.org/obo/EUPATH_0010037,Individuals related to participant,"<font color=""blue"">Kodi muli ndi zaka zingati?</font> How old are you?",,variable,,,,Malawi ICEMR Case-Control,,,,,,,,,
http://purl.obolibrary.org/obo/EUPATH_0025078,Interviewee marital status,mccmarital | mccmaritalsp,4,DATA_WHICEMR_PROJECT_3_URBAN_MALARIA_ABAULENI_2019-02-28-11-43-09.csv,,Participant,http://purl.obolibrary.org/obo/EUPATH_0010037,Individuals related to participant,"<font color=""blue"">Kodi muli pa banja?</font > What is your marital status? <i>(Probe to establish the marital status to select the correct option.)</i> Are you married?","-9, Unknown | 3, Married with spouse living elsewhere | 6, Widowed | 2, Living with a partner in the household not married | 5, Divorced | 4, Single/never married | 1, Married with spouse in the household | 7, Other","variable, derived",,,,Malawi ICEMR Case-Control,,,,,,,,,
http://purl.obolibrary.org/obo/EUPATH_0010123,Interviewee relationship to participant,mccrel,5,DATA_WHICEMR_PROJECT_3_URBAN_MALARIA_ABAULENI_2019-02-28-11-43-09.csv,,Participant,http://purl.obolibrary.org/obo/EUPATH_0010037,Individuals related to participant,"<font color=""blue"">Kodi odwalayu ndi inu pali ubale wanji?</font> what is the relationship to you?","4, Aunt | 6, Self | 1, Mother | 3, Grandmother | 7, Husband | 2, Father | 8, Wife | 5, Other",variable,,,,Malawi ICEMR Case-Control,,,,,,,,,
http://purl.obolibrary.org/obo/EUPATH_0025079,Interviewee's education level,mctedu,6,DATA_WHICEMR_PROJECT_3_URBAN_MALARIA_ABAULENI_2019-02-28-11-43-09.csv,,Participant,http://purl.obolibrary.org/obo/EUPATH_0010037,Individuals related to participant,"<font color=""blue""> Kodi sukulu munaphunzira kulekeza pati?</font> 
Where did you go to school?","-9, Unknown | 5, University/College | 3, Form 1-2 | 0, None | 2, Standard 5-8 | 1, Standard 1-4 | 4, Form 3-4",variable,,,,Malawi ICEMR Case-Control,,,,,,,,,
http://purl.obolibrary.org/obo/EUPATH_0025080,Interviewee's occupation,mctearn | mctearnsp,7,DATA_WHICEMR_PROJECT_3_URBAN_MALARIA_ABAULENI_2019-02-28-11-43-09.csv,,Participant,http://purl.obolibrary.org/obo/EUPATH_0010037,Individuals related to participant,"<font color=""blue""> Kodi ndalama zanu mumazipeza bwanji?</font> How do you get your money?","-9, Unknown | 1, Working for wages | 2, Vending/selling items | 4, Other | 3, Farming | 0, Adult patient/mother/caregiver doesn't earn money",variable,,,,Malawi ICEMR Case-Control,,,,,,,,,
http://purl.obolibrary.org/obo/EUPATH_0025081,Interviewee's spouse's occupation,spo_inc | spouse,8,DATA_WHICEMR_PROJECT_3_URBAN_MALARIA_ABAULENI_2019-02-28-11-43-09.csv,,Participant,http://purl.obolibrary.org/obo/EUPATH_0010037,Individuals related to participant,"<font color=""blue""> Kodi amuna anu kapena akazi anu amapeza bwanji ndalama?</font> How does your spouse earn money?","-9, Unknown | 1, Working for wages | 4, Other | 3, Farming | 2, Vendor/selling items | 0, Spouse doesn't earn money","variable, derived",,,,Malawi ICEMR Case-Control,,,,,,,,,
http://purl.obolibrary.org/obo/EUPATH_0025109,Other interviewee relationship to participant,mccrelsp,9,DATA_WHICEMR_PROJECT_3_URBAN_MALARIA_ABAULENI_2019-02-28-11-43-09.csv,,Participant,http://purl.obolibrary.org/obo/EUPATH_0010037,Individuals related to participant,"<font color=""blue"">Ngati ndi wina nenani</font> If other type of relationship specify",,variable,,,,Malawi ICEMR Case-Control,,,,,,,,,
http://purl.obolibrary.org/obo/EUPATH_0025054,Artesunate,treatt___2,1,DATA_WHICEMR_PROJECT_3_URBAN_MALARIA_ABAULENI_2019-02-28-11-43-09.csv,,Participant,http://purl.obolibrary.org/obo/EUPATH_0025092,Medication,artesunate (injectable),,value,,,,Malawi ICEMR Case-Control,,,,,,,,,
http://purl.obolibrary.org/obo/EUPATH_0025008,Artesunate-amodiaquine,treatt___3,2,DATA_WHICEMR_PROJECT_3_URBAN_MALARIA_ABAULENI_2019-02-28-11-43-09.csv,,Participant,http://purl.obolibrary.org/obo/EUPATH_0025092,Medication,artesunate-amodiaquine (ASAQ),,value,,,,Malawi ICEMR Case-Control,,,,,,,,,
http://purl.obolibrary.org/obo/EUPATH_0025021,Cotrimoxazole acute therapy (COT or Bactrim or Cotrim or Septrim or TMP),treatt___7,3,DATA_WHICEMR_PROJECT_3_URBAN_MALARIA_ABAULENI_2019-02-28-11-43-09.csv,,Participant,http://purl.obolibrary.org/obo/EUPATH_0025092,Medication,cotrimoxazole acute therapy (COT or Bactrim or Cotrim or Septrim or TMP),,value,,,,Malawi ICEMR Case-Control,,,,,,,,,
http://purl.obolibrary.org/obo/EUPATH_0025082,Iron,treatt___31,4,DATA_WHICEMR_PROJECT_3_URBAN_MALARIA_ABAULENI_2019-02-28-11-43-09.csv,,Participant,http://purl.obolibrary.org/obo/EUPATH_0025092,Medication,iron,,value,,,,Malawi ICEMR Case-Control,,,,,,,,,
http://purl.obolibrary.org/obo/EUPATH_0025087,Lumefantrine-artemether,treatt___18,5,DATA_WHICEMR_PROJECT_3_URBAN_MALARIA_ABAULENI_2019-02-28-11-43-09.csv,,Participant,http://purl.obolibrary.org/obo/EUPATH_0025092,Medication,What treatment(s) has the participant been prescribed today? lumefantrine-artemether (LA),,value,,,,Malawi ICEMR Case-Control,,,,,,,,,
http://purl.obolibrary.org/obo/EUPATH_0025130,Quinine,treatt___25,6,DATA_WHICEMR_PROJECT_3_URBAN_MALARIA_ABAULENI_2019-02-28-11-43-09.csv,,Participant,http://purl.obolibrary.org/obo/EUPATH_0025092,Medication,quinine (QN),,value,,,,Malawi ICEMR Case-Control,,,,,,,,,
http://purl.obolibrary.org/obo/EUPATH_0025099,Other,treatt___30,7,DATA_WHICEMR_PROJECT_3_URBAN_MALARIA_ABAULENI_2019-02-28-11-43-09.csv,,Participant,http://purl.obolibrary.org/obo/EUPATH_0025092,Medication,other,,value,,,,Malawi ICEMR Case-Control,,,,,,,,,
http://purl.obolibrary.org/obo/EUPATH_0025160,Artesunate,treatpsp___2,1,DATA_WHICEMR_PROJECT_3_URBAN_MALARIA_ABAULENI_2019-02-28-11-43-09.csv,,Participant,http://purl.obolibrary.org/obo/EUPATH_0025094,Medication taken before visit,artesunate (injectable),,value,,,,Malawi ICEMR Case-Control,,,,,,,,,
http://purl.obolibrary.org/obo/EUPATH_0025055,Artesunate-amodiaquine,treatpsp___3,2,DATA_WHICEMR_PROJECT_3_URBAN_MALARIA_ABAULENI_2019-02-28-11-43-09.csv,,Participant,http://purl.obolibrary.org/obo/EUPATH_0025094,Medication taken before visit,artesunate-amodiaquine (ASAQ),,value,,,,Malawi ICEMR Case-Control,,,,,,,,,
http://purl.obolibrary.org/obo/EUPATH_0025022,Cotrimoxazole acute therapy (COT or Bactrim or Cotrim or Septrim or TMP),treatpsp___7,3,DATA_WHICEMR_PROJECT_3_URBAN_MALARIA_ABAULENI_2019-02-28-11-43-09.csv,,Participant,http://purl.obolibrary.org/obo/EUPATH_0025094,Medication taken before visit,cotrimoxazole acute therapy (COT or Bactrim or Cotrim or Septrim or TMP),,value,,,,Malawi ICEMR Case-Control,,,,,,,,,
http://purl.obolibrary.org/obo/EUPATH_0025083,Iron,treatpsp___31,4,DATA_WHICEMR_PROJECT_3_URBAN_MALARIA_ABAULENI_2019-02-28-11-43-09.csv,,Participant,http://purl.obolibrary.org/obo/EUPATH_0025094,Medication taken before visit,iron,,value,,,,Malawi ICEMR Case-Control,,,,,,,,,
http://purl.obolibrary.org/obo/EUPATH_0025088,Lumefantrine-artemether,treatpsp___18,5,DATA_WHICEMR_PROJECT_3_URBAN_MALARIA_ABAULENI_2019-02-28-11-43-09.csv,,Participant,http://purl.obolibrary.org/obo/EUPATH_0025094,Medication taken before visit,"If yes, what treatment(s) has the participant received prior to this clinic visit?  lumefantrine-artemether (LA)",,value,,,,Malawi ICEMR Case-Control,,,,,,,,,
http://purl.obolibrary.org/obo/EUPATH_0025131,Quinine,treatpsp___25,6,DATA_WHICEMR_PROJECT_3_URBAN_MALARIA_ABAULENI_2019-02-28-11-43-09.csv,,Participant,http://purl.obolibrary.org/obo/EUPATH_0025094,Medication taken before visit,quinine (QN),,value,,,,Malawi ICEMR Case-Control,,,,,,,,,
http://purl.obolibrary.org/obo/EUPATH_0025146,Sulfadoxine-pyrimethamine (SP or Fansidar),treatpsp___28,7,DATA_WHICEMR_PROJECT_3_URBAN_MALARIA_ABAULENI_2019-02-28-11-43-09.csv,,Participant,http://purl.obolibrary.org/obo/EUPATH_0025094,Medication taken before visit,sulfadoxine-pyrimethamine (SP or Fansidar),,value,,,,Malawi ICEMR Case-Control,,,,,,,,,
http://purl.obolibrary.org/obo/EUPATH_0025100,Other,treatpsp___30,8,DATA_WHICEMR_PROJECT_3_URBAN_MALARIA_ABAULENI_2019-02-28-11-43-09.csv,,Participant,http://purl.obolibrary.org/obo/EUPATH_0025094,Medication taken before visit,other,,value,,,,Malawi ICEMR Case-Control,,,,,,,,,
http://purl.obolibrary.org/obo/EUPATH_0010035,Administrative information,,1,,,Participant,http://purl.obolibrary.org/obo/EUPATH_0000096,Participant,,,category,,,,Malawi ICEMR Case-Control,,,,,,,,,
http://purl.obolibrary.org/obo/EUPATH_0010981,Demographics,,10,,,Participant,http://purl.obolibrary.org/obo/EUPATH_0000096,Participant,,,category,,,,Malawi ICEMR Case-Control,,,,,,,,,
http://purl.obolibrary.org/obo/EUPATH_0000340,Travel details,,11,,,Participant,http://purl.obolibrary.org/obo/EUPATH_0000096,Participant,,,category,,,,Malawi ICEMR Case-Control,,,,,,,,,
http://purl.obolibrary.org/obo/OGMS_0000015,Clinical history,,3,,,Participant,http://purl.obolibrary.org/obo/EUPATH_0000096,Participant,,,category,,,,Malawi ICEMR Case-Control,http://purl.obolibrary.org/obo/EUPATH_0021098,,,,,,,,
http://purl.obolibrary.org/obo/OGMS_0000073,Diagnosis,,4,,,Participant,http://purl.obolibrary.org/obo/EUPATH_0000096,Participant,,,category,,,,Malawi ICEMR Case-Control,,,,,,,,,
http://purl.obolibrary.org/obo/OGMS_0000083,Physical examination,,5,,,Participant,http://purl.obolibrary.org/obo/EUPATH_0000096,Participant,,,category,,,,Malawi ICEMR Case-Control,,,,,,,,,
http://purl.obolibrary.org/obo/EUPATH_0000309,Signs and symptoms,,6,,,Participant,http://purl.obolibrary.org/obo/EUPATH_0000096,Participant,,,category,,,,Malawi ICEMR Case-Control,,,,,,,,,
http://purl.obolibrary.org/obo/OGMS_0000090,Treatment,,7,,,Participant,http://purl.obolibrary.org/obo/EUPATH_0000096,Participant,,,category,,,,Malawi ICEMR Case-Control,,,,,,,,,
http://purl.obolibrary.org/obo/EUPATH_0010037,Individuals related to participant,,8,,,Participant,http://purl.obolibrary.org/obo/EUPATH_0000096,Participant,,,category,,,,Malawi ICEMR Case-Control,,,,,,,,,
http://purl.obolibrary.org/obo/EUPATH_0021097,Personal vector intervention,,9,,,Participant,http://purl.obolibrary.org/obo/EUPATH_0000096,Participant,,,category,,,,Malawi ICEMR Case-Control,,,,,,,,,
http://purl.obolibrary.org/obo/EUPATH_0010375,Case or control participant,casecontrol,1,DATA_WHICEMR_PROJECT_3_URBAN_MALARIA_ABAULENI_2019-02-28-11-43-09.csv,,Participant,http://purl.obolibrary.org/obo/EUPATH_0000310,Observation details,"Based on the RDT and PCR results, what is the case-control assignment for the participant?","0, Control | 1, Case",variable,,,,Malawi ICEMR Case-Control,,,,yes,,,,,
http://purl.obolibrary.org/obo/EUPATH_0000151,Enrollment date,screendate_ses,2,DATA_WHICEMR_PROJECT_3_SCREENING_ABAULENI_2019-02-28-11-41-09.csv,,Participant,http://purl.obolibrary.org/obo/EUPATH_0000310,Observation details,Date of screening,,variable,,,,Malawi ICEMR Case-Control,,,,,,,,,
http://purl.obolibrary.org/obo/EUPATH_0024123,Bednets,netpos,1,DATA_WHICEMR_PROJECT_3_URBAN_MALARIA_ABAULENI_2019-02-28-11-43-09.csv,Information collected at household visit,Participant,http://purl.obolibrary.org/obo/EUPATH_0021097,Personal vector intervention,"<font color=""blue"">Kodi mnyumba mwanu muli ndi masikito amene mungagwiritsa ntchito mukamagona?</font> Do you have a mosquito net in your house?","-9, Unknown | 1, Yes | 0, No",variable,,,,Malawi ICEMR Case-Control,,,,,,,,,
http://purl.obolibrary.org/obo/EUPATH_0025153,Treated bednet,net_treat,10,DATA_WHICEMR_PROJECT_3_URBAN_MALARIA_ABAULENI_2019-02-28-11-43-09.csv,Bednet has been insecticide treated since it was obtained,Participant,http://purl.obolibrary.org/obo/EUPATH_0021097,Personal vector intervention,"<font color =""blue"">Kodi chipezeleni masikito a (tchulani dzina la odwala), munawawanyikako m`makhwala ophera udzudzu kapena tizirombo?</font> Have you ever treated the net?","-9, Unknown | 1, Yes | 0, No",variable,,,,Malawi ICEMR Case-Control,,,,,,,,,
http://purl.obolibrary.org/obo/EUPATH_0024160,Time since last personal bednet treatment,net_soak | net_soaksp,11 | 12,DATA_WHICEMR_PROJECT_3_URBAN_MALARIA_ABAULENI_2019-02-28-11-43-09.csv,Information collected at household visit | Only specified if between 1 month - 2 years ago. Information collected at household visit,Participant,http://purl.obolibrary.org/obo/EUPATH_0021097,Personal vector intervention,"If between 1 month to 2 years ago, specify the number of months | <font color =""blue"">Ngati munanyikako mumakhwala papita nthawi yotalika bwanji chinyikireni?</font> If you treated the net how long ago?","-9, Unknown | 0, Less than a month | 2, More than 2 years ago | 1, 1 month to 2 years ago",variable,,,,Malawi ICEMR Case-Control,,months,http://purl.obolibrary.org/obo/UO_0000035,,,,,,
http://purl.obolibrary.org/obo/EUPATH_0024266,Time owned personal bednet,net_obtainsp | net_obtain,13 | 14,DATA_WHICEMR_PROJECT_3_URBAN_MALARIA_ABAULENI_2019-02-28-11-43-09.csv,Information collected at household visit | Only specified if owned 1 month - 3 years. Information collected at household visit,Participant,http://purl.obolibrary.org/obo/EUPATH_0021097,Personal vector intervention,"If between 1 month to 3 years ago, specify the number of months | <font color=""blue"">Kodi papita nthawi yayitali bwanji chipezezereni masikito amene (tchulani dzina laodwala) akugwiritsa ntchito?</font> How long ago did you obtain the net that (name) used?","-9, Unknown | 1, 1 month to 3 years ago | 0, Less than a month | 2, More than 3 years ago",variable,,,,Malawi ICEMR Case-Control,,months,http://purl.obolibrary.org/obo/UO_0000035,,,,,,
http://purl.obolibrary.org/obo/EUPATH_0024142,Use bednet,mosnet,2,DATA_WHICEMR_PROJECT_3_URBAN_MALARIA_ABAULENI_2019-02-28-11-43-09.csv,Information collected at household visit,Participant,http://purl.obolibrary.org/obo/EUPATH_0021097,Personal vector intervention,"<font color = ""blue"">Kodi (tchulani dzina la odwala) amagona mumasikito nthawi zonse?</font> Does (name) always sleep in a bed net","-9, Unknown | 1, Yes | 0, No",variable,,,,Malawi ICEMR Case-Control,,,,,,,,,
http://purl.obolibrary.org/obo/EUPATH_0025013,Bednet last night,last_net,3,DATA_WHICEMR_PROJECT_3_URBAN_MALARIA_ABAULENI_2019-02-28-11-43-09.csv,Information collected at household visit,Participant,http://purl.obolibrary.org/obo/EUPATH_0021097,Personal vector intervention,"<font color=""blue"">Kodi (<i>tchulani dzina la odwala</i>) anagona mu masikito usiku wathawu?</font> Did the patient sleep in a net last night","-9, Unknown | 1, Yes | 0, No",variable,,,,Malawi ICEMR Case-Control,,,,,,,,,
http://purl.obolibrary.org/obo/EUPATH_0024163,Bednet over bed,nethang,4,DATA_WHICEMR_PROJECT_3_URBAN_MALARIA_ABAULENI_2019-02-28-11-43-09.csv,Information collected at household visit,Participant,http://purl.obolibrary.org/obo/EUPATH_0021097,Personal vector intervention,"<font color=""blue"">Ndingathe kuona nawo pamene (tchulani dzina laodwala) anagona usiku wathawu?</font>
<i>Observe if the net has been hanged.</i>","-9, Unknown | 2, Hanged with holes | 0, Not hanged | 1, Hanged no holes | 3, Refused to show net",variable,,,,Malawi ICEMR Case-Control,,,,,,,,,
http://purl.obolibrary.org/obo/EUPATH_0025016,Bednet type,nettypesp | nettype,5,DATA_WHICEMR_PROJECT_3_URBAN_MALARIA_ABAULENI_2019-02-28-11-43-09.csv,Information collected at household visit,Participant,http://purl.obolibrary.org/obo/EUPATH_0021097,Personal vector intervention,Observe the type of net,"-9, Unknown | 7, Other | 2, Pretreated net | 1, Permanent net","variable, derived",,,,Malawi ICEMR Case-Control,,,,,,,,,
http://purl.obolibrary.org/obo/EUPATH_0025119,Permanent bednet brand,netperm,6,DATA_WHICEMR_PROJECT_3_URBAN_MALARIA_ABAULENI_2019-02-28-11-43-09.csv,Information collected at household visit,Participant,http://purl.obolibrary.org/obo/EUPATH_0021097,Personal vector intervention,"If permanent net, observe the brand of net","1, Permanet | 2, Olyset",variable,,,,Malawi ICEMR Case-Control,,,,,,,,,
http://purl.obolibrary.org/obo/EUPATH_0025127,Pretreated bednet brand,netpretreat,7,DATA_WHICEMR_PROJECT_3_URBAN_MALARIA_ABAULENI_2019-02-28-11-43-09.csv,Information collected at household visit,Participant,http://purl.obolibrary.org/obo/EUPATH_0021097,Personal vector intervention,"If pretreated net, observe the brand of the net","3, ICONET | 4, Fennet | 6, Safinet | 5, KO Nets",variable,,,,Malawi ICEMR Case-Control,,,,,,,,,
http://purl.obolibrary.org/obo/EUPATH_0025015,Bednet source,net_sorcother | net_sorc,8,DATA_WHICEMR_PROJECT_3_URBAN_MALARIA_ABAULENI_2019-02-28-11-43-09.csv,Information collected at household visit,Participant,http://purl.obolibrary.org/obo/EUPATH_0021097,Personal vector intervention,"<font color=""blue"">Kodi masikito amene (tchulani dzina la odwala) akugwiritsa ntchito munawapeza kuti?</font> Where did you get the net that (name) is using?","-9, Unknown | 8, Other | 2, CHAM facility | 3, Neighborhood Health Committee (NHC) | 1, Government clinic/hospital | 6, Workplace | 5, Retail shop | 4, Community Health Worker (CHW)/Agent | 7, Campaign","variable, derived",,,,Malawi ICEMR Case-Control,,,,,,,,,
http://purl.obolibrary.org/obo/EUPATH_0025014,Bednet originally treated,net_typ,9,DATA_WHICEMR_PROJECT_3_URBAN_MALARIA_ABAULENI_2019-02-28-11-43-09.csv,Bednet was already treated with insecticide when it was obtained,Participant,http://purl.obolibrary.org/obo/EUPATH_0021097,Personal vector intervention,"<font color=""blue"">Kodi nthawi imene mumapeza masikito amene(tchulani dzina la odwala) akugwiritsa ntchito, Kodi anali onyikidwa kale mu mankhwala kufakitale?</font> Was the net that (Name) is using already treated when you got it?","-9, Unknown | 1, Yes | 0, No",variable,,,,Malawi ICEMR Case-Control,,,,,,,,,
http://purl.obolibrary.org/obo/EUPATH_0000110,Temperature,temp,,DATA_WHICEMR_PROJECT_3_URBAN_MALARIA_ABAULENI_2019-02-28-11-43-09.csv,,Participant,http://purl.obolibrary.org/obo/OGMS_0000083,Physical examination,What is the recorded body temperature for the participant today?,,variable,,,,Malawi ICEMR Case-Control,,C,http://purl.obolibrary.org/obo/UO_0000027,,,,,,
http://purl.obolibrary.org/obo/EUPATH_0021002,Symptoms,,1,,,Participant,http://purl.obolibrary.org/obo/EUPATH_0000309,Signs and symptoms,,,multifilter,,,,Malawi ICEMR Case-Control,,,,,,,,,
http://purl.obolibrary.org/obo/EUPATH_0000164,"Fever, subjective duration",feverdur,10,DATA_WHICEMR_PROJECT_3_URBAN_MALARIA_ABAULENI_2019-02-28-11-43-09.csv,,Participant,http://purl.obolibrary.org/obo/EUPATH_0000309,Signs and symptoms,Specify the duration of fever,,variable,,,,Malawi ICEMR Case-Control,,days,http://purl.obolibrary.org/obo/UO_0000033,,,,,,
http://purl.obolibrary.org/obo/EUPATH_0025064,Fever duration units,feverdur_units,11,DATA_WHICEMR_PROJECT_3_URBAN_MALARIA_ABAULENI_2019-02-28-11-43-09.csv,,Participant,http://purl.obolibrary.org/obo/EUPATH_0000309,Signs and symptoms,What is the duration of fever?,"1, Days | 2, Weeks",variable,,,,Malawi ICEMR Case-Control,,,,,,,,,
http://purl.obolibrary.org/obo/EUPATH_0000159,Headache duration,headdur,12,DATA_WHICEMR_PROJECT_3_URBAN_MALARIA_ABAULENI_2019-02-28-11-43-09.csv,,Participant,http://purl.obolibrary.org/obo/EUPATH_0000309,Signs and symptoms,Specify the duration of headache,,variable,,,,Malawi ICEMR Case-Control,,days,http://purl.obolibrary.org/obo/UO_0000033,,,,,,
http://purl.obolibrary.org/obo/EUPATH_0025071,Headache duration units,headdur_units,13,DATA_WHICEMR_PROJECT_3_URBAN_MALARIA_ABAULENI_2019-02-28-11-43-09.csv,,Participant,http://purl.obolibrary.org/obo/EUPATH_0000309,Signs and symptoms,What is the duration of headache?,"1, Days | 2, Weeks",variable,,,,Malawi ICEMR Case-Control,,,,,,,,,
http://purl.obolibrary.org/obo/EUPATH_0025138,Runny nose or nasal congestion duration,rnosedur,14,DATA_WHICEMR_PROJECT_3_URBAN_MALARIA_ABAULENI_2019-02-28-11-43-09.csv,,Participant,http://purl.obolibrary.org/obo/EUPATH_0000309,Signs and symptoms,Specify the duration of runny nose or nasal congestion,,variable,,,,Malawi ICEMR Case-Control,,,,,,,,,
http://purl.obolibrary.org/obo/EUPATH_0025139,Runny nose or nasal congestion duration units,rnosedur_units,15,DATA_WHICEMR_PROJECT_3_URBAN_MALARIA_ABAULENI_2019-02-28-11-43-09.csv,,Participant,http://purl.obolibrary.org/obo/EUPATH_0000309,Signs and symptoms,What is the duration of runny nose or nasal congestion?,"1, Days | 2, Weeks",variable,,,,Malawi ICEMR Case-Control,,,,,,,,,
http://purl.obolibrary.org/obo/EUPATH_0025141,Sore throat duration,sthroatdur,16,DATA_WHICEMR_PROJECT_3_URBAN_MALARIA_ABAULENI_2019-02-28-11-43-09.csv,,Participant,http://purl.obolibrary.org/obo/EUPATH_0000309,Signs and symptoms,Specify the duration of sore throat,,variable,,,,Malawi ICEMR Case-Control,,,,,,,,,
http://purl.obolibrary.org/obo/EUPATH_0025142,Sore throat duration units,sthroatdur_units,17,DATA_WHICEMR_PROJECT_3_URBAN_MALARIA_ABAULENI_2019-02-28-11-43-09.csv,,Participant,http://purl.obolibrary.org/obo/EUPATH_0000309,Signs and symptoms,What is the duration of sore throat?,"1, Days | 2, Weeks",variable,,,,Malawi ICEMR Case-Control,,,,,,,,,
http://purl.obolibrary.org/obo/EUPATH_0025113,Other medical complaint specified,reasonvissp,18,DATA_WHICEMR_PROJECT_3_URBAN_MALARIA_ABAULENI_2019-02-28-11-43-09.csv,,Participant,http://purl.obolibrary.org/obo/EUPATH_0000309,Signs and symptoms,"If other, specify",,variable,,,,Malawi ICEMR Case-Control,,,,,,,,,
http://purl.obolibrary.org/obo/EUPATH_0025104,Other duration,otherdur,19,DATA_WHICEMR_PROJECT_3_URBAN_MALARIA_ABAULENI_2019-02-28-11-43-09.csv,,Participant,http://purl.obolibrary.org/obo/EUPATH_0000309,Signs and symptoms,Specify the duration of the other symptom,,variable,,,,Malawi ICEMR Case-Control,,,,,,,,,
http://purl.obolibrary.org/obo/EUPATH_0025009,Back pain duration,bpaindur,2,DATA_WHICEMR_PROJECT_3_URBAN_MALARIA_ABAULENI_2019-02-28-11-43-09.csv,,Participant,http://purl.obolibrary.org/obo/EUPATH_0000309,Signs and symptoms,Specify the duration of body pains,,variable,,,,Malawi ICEMR Case-Control,,,,,,,,,
http://purl.obolibrary.org/obo/EUPATH_0025105,Other duration units,otherdur_units,20,DATA_WHICEMR_PROJECT_3_URBAN_MALARIA_ABAULENI_2019-02-28-11-43-09.csv,,Participant,http://purl.obolibrary.org/obo/EUPATH_0000309,Signs and symptoms,What is the duration of the other symptom?,"1, Days | 2, Weeks",variable,,,,Malawi ICEMR Case-Control,,,,,,,,,
http://purl.obolibrary.org/obo/EUPATH_0025010,Back pain duration units,bpaindur_units,3,DATA_WHICEMR_PROJECT_3_URBAN_MALARIA_ABAULENI_2019-02-28-11-43-09.csv,,Participant,http://purl.obolibrary.org/obo/EUPATH_0000309,Signs and symptoms,What is the duration of body pains?,"1, Days | 2, Weeks",variable,,,,Malawi ICEMR Case-Control,,,,,,,,,
http://purl.obolibrary.org/obo/EUPATH_0042171,Chills duration,chilldur,4,DATA_WHICEMR_PROJECT_3_URBAN_MALARIA_ABAULENI_2019-02-28-11-43-09.csv,,Participant,http://purl.obolibrary.org/obo/EUPATH_0000309,Signs and symptoms,Specify the duration of chills,,variable,,,,Malawi ICEMR Case-Control,,,,,,,,,
http://purl.obolibrary.org/obo/EUPATH_0025019,Chills duration units,chilldur_units,5,DATA_WHICEMR_PROJECT_3_URBAN_MALARIA_ABAULENI_2019-02-28-11-43-09.csv,,Participant,http://purl.obolibrary.org/obo/EUPATH_0000309,Signs and symptoms,What is the duration of chills?,"1, Days | 2, Weeks",variable,,,,Malawi ICEMR Case-Control,,,,,,,,,
http://purl.obolibrary.org/obo/EUPATH_0000156,Cough duration,coughdur,6,DATA_WHICEMR_PROJECT_3_URBAN_MALARIA_ABAULENI_2019-02-28-11-43-09.csv,,Participant,http://purl.obolibrary.org/obo/EUPATH_0000309,Signs and symptoms,Specify the duration of cough,,variable,,,,Malawi ICEMR Case-Control,,,,,,,,,
http://purl.obolibrary.org/obo/EUPATH_0025023,Cough duration units,coughdur_units,7,DATA_WHICEMR_PROJECT_3_URBAN_MALARIA_ABAULENI_2019-02-28-11-43-09.csv,,Participant,http://purl.obolibrary.org/obo/EUPATH_0000309,Signs and symptoms,What is the duration of cough?,"1, Days | 2, Weeks",variable,,,,Malawi ICEMR Case-Control,,,,,,,,,
http://purl.obolibrary.org/obo/EUPATH_0025058,Difficulty breathing duration,dbreathdur,8,DATA_WHICEMR_PROJECT_3_URBAN_MALARIA_ABAULENI_2019-02-28-11-43-09.csv,,Participant,http://purl.obolibrary.org/obo/EUPATH_0000309,Signs and symptoms,Specify the duration of difficulty breathing,,variable,,,,Malawi ICEMR Case-Control,,,,,,,,,
http://purl.obolibrary.org/obo/EUPATH_0025059,Difficulty breathing duration units,dbreathdur_units,9,DATA_WHICEMR_PROJECT_3_URBAN_MALARIA_ABAULENI_2019-02-28-11-43-09.csv,,Participant,http://purl.obolibrary.org/obo/EUPATH_0000309,Signs and symptoms,What is the duration of difficulty breathing?,"1, Days | 2, Weeks",variable,,,,Malawi ICEMR Case-Control,,,,,,,,,
http://purl.obolibrary.org/obo/EUPATH_0025044,Diarrhea,diagnos___12,1,DATA_WHICEMR_PROJECT_3_URBAN_MALARIA_ABAULENI_2019-02-28-11-43-09.csv,,Participant,http://purl.obolibrary.org/obo/EUPATH_0025163,Specific diagnosis,Diarrhoea,,value,,,,Malawi ICEMR Case-Control,,,,,,,,,
http://purl.obolibrary.org/obo/EUPATH_0025162,Malaria,diagnos___17,2,DATA_WHICEMR_PROJECT_3_URBAN_MALARIA_ABAULENI_2019-02-28-11-43-09.csv,,Participant,http://purl.obolibrary.org/obo/EUPATH_0025163,Specific diagnosis,What is (are) the clinical diagnosis(es) of the presenting symptoms today? Malaria,,value,,,,Malawi ICEMR Case-Control,,,,,,,,,
http://purl.obolibrary.org/obo/EUPATH_0025045,Pneumonia,diagnos___35,3,DATA_WHICEMR_PROJECT_3_URBAN_MALARIA_ABAULENI_2019-02-28-11-43-09.csv,,Participant,http://purl.obolibrary.org/obo/EUPATH_0025163,Specific diagnosis,Pneumonia,,value,,,,Malawi ICEMR Case-Control,,,,,,,,,
http://purl.obolibrary.org/obo/EUPATH_0025046,Upper respiratory tract infection,diagnos___32,4,DATA_WHICEMR_PROJECT_3_URBAN_MALARIA_ABAULENI_2019-02-28-11-43-09.csv,,Participant,http://purl.obolibrary.org/obo/EUPATH_0025163,Specific diagnosis,Upper respiratory tract infection,,value,,,,Malawi ICEMR Case-Control,,,,,,,,,
http://purl.obolibrary.org/obo/EUPATH_0025161,Other,diagnos___34,5,DATA_WHICEMR_PROJECT_3_URBAN_MALARIA_ABAULENI_2019-02-28-11-43-09.csv,,Participant,http://purl.obolibrary.org/obo/EUPATH_0025163,Specific diagnosis,Other,,value,,,,Malawi ICEMR Case-Control,,,,,,,,,
http://purl.obolibrary.org/obo/EUPATH_0022054,Body pains,reasonvis___3,1,DATA_WHICEMR_PROJECT_3_URBAN_MALARIA_ABAULENI_2019-02-28-11-43-09.csv,,Participant,http://purl.obolibrary.org/obo/EUPATH_0021002,Symptoms,Body pains,,value,,,,Malawi ICEMR Case-Control,,,,,,,,,
http://purl.obolibrary.org/obo/SYMP_0019174,Chills,reasonvis___2,2,DATA_WHICEMR_PROJECT_3_URBAN_MALARIA_ABAULENI_2019-02-28-11-43-09.csv,,Participant,http://purl.obolibrary.org/obo/EUPATH_0021002,Symptoms,Chills,,value,,,,Malawi ICEMR Case-Control,,,,,,,,,
http://purl.obolibrary.org/obo/SYMP_0000614,Cough,reasonvis___5,3,DATA_WHICEMR_PROJECT_3_URBAN_MALARIA_ABAULENI_2019-02-28-11-43-09.csv,,Participant,http://purl.obolibrary.org/obo/EUPATH_0021002,Symptoms,Cough,,value,,,,Malawi ICEMR Case-Control,,,,,,,,,
http://purl.obolibrary.org/obo/HP_0002094,Shortness of breath,reasonvis___6,4,DATA_WHICEMR_PROJECT_3_URBAN_MALARIA_ABAULENI_2019-02-28-11-43-09.csv,,Participant,http://purl.obolibrary.org/obo/EUPATH_0021002,Symptoms,Difficulty breathing,,value,,,,Malawi ICEMR Case-Control,,,,,,,,,
http://purl.obolibrary.org/obo/HP_0002315,Headache,reasonvis___4,5,DATA_WHICEMR_PROJECT_3_URBAN_MALARIA_ABAULENI_2019-02-28-11-43-09.csv,,Participant,http://purl.obolibrary.org/obo/EUPATH_0021002,Symptoms,Headache,,value,,,,Malawi ICEMR Case-Control,,,,,,,,,
http://purl.obolibrary.org/obo/DOID_4483,Runny nose or nasal congestion,reasonvis___8,6,DATA_WHICEMR_PROJECT_3_URBAN_MALARIA_ABAULENI_2019-02-28-11-43-09.csv,,Participant,http://purl.obolibrary.org/obo/EUPATH_0021002,Symptoms,Runny nose or nasal congestion,,value,,,,Malawi ICEMR Case-Control,,,,,,,,,
http://purl.obolibrary.org/obo/SYMP_0000505,Sore throat,reasonvis___7,7,DATA_WHICEMR_PROJECT_3_URBAN_MALARIA_ABAULENI_2019-02-28-11-43-09.csv,,Participant,http://purl.obolibrary.org/obo/EUPATH_0021002,Symptoms,Sore throat,,value,,,,Malawi ICEMR Case-Control,,,,,,,,,
http://purl.obolibrary.org/obo/EUPATH_0000100,Subjective fever,reasonvis___1,8,DATA_WHICEMR_PROJECT_3_URBAN_MALARIA_ABAULENI_2019-02-28-11-43-09.csv,,Participant,http://purl.obolibrary.org/obo/EUPATH_0021002,Symptoms,What is the reason for visiting the clinic with this participant today? Fever,,value,,,,Malawi ICEMR Case-Control,,,,,,,,,
http://purl.obolibrary.org/obo/EUPATH_0025173,Other,reasonvis___9,9,DATA_WHICEMR_PROJECT_3_URBAN_MALARIA_ABAULENI_2019-02-28-11-43-09.csv,,Participant,http://purl.obolibrary.org/obo/EUPATH_0021002,Symptoms,Other,,value,,,,Malawi ICEMR Case-Control,,,,,,,,,
http://purl.obolibrary.org/obo/EUPATH_0000450,Traveled in last 2 weeks,away,1,DATA_WHICEMR_PROJECT_3_URBAN_MALARIA_ABAULENI_2019-02-28-11-43-09.csv,Information collected at household visit,Participant,http://purl.obolibrary.org/obo/EUPATH_0000340,Travel details,"<font color=""blue"">Kodi (tchulani dzina la odwala) anachokapo ndikukagona komweko pa masabata anayi apitawa?</font> Did (name) travel outside and stayed there in the last two weeks?","-9, Unknown | 1, Yes | 0, No",variable,,,,Malawi ICEMR Case-Control,,,,,,,,,
http://purl.obolibrary.org/obo/EUPATH_0025012,Bednet during travel,tr1net,10,DATA_WHICEMR_PROJECT_3_URBAN_MALARIA_ABAULENI_2019-02-28-11-43-09.csv,The participant slept under a bednet while traveling. Information collected at household visit,Participant,http://purl.obolibrary.org/obo/EUPATH_0000340,Travel details,"Trip 1 When you travelled, did the child sleep under a mosquito net?","-9, Unknown | 1, Yes | 0, No",variable,,,,Malawi ICEMR Case-Control,,,,,,,,,
http://purl.obolibrary.org/obo/EUPATH_0025076,Insecticide-treated bednet during travel,tr1itn,11,DATA_WHICEMR_PROJECT_3_URBAN_MALARIA_ABAULENI_2019-02-28-11-43-09.csv,The participant slept under an insecticide-treated bednet while traveling. Information collected at household visit,Participant,http://purl.obolibrary.org/obo/EUPATH_0000340,Travel details,"Trip 1 If the child slept under a mosquito net, was it an insecticide-treated net?","-9, Unknown | 1, Yes | 0, No",variable,,,,Malawi ICEMR Case-Control,,,,,,,,,
http://purl.obolibrary.org/obo/EUPATH_0025155,Trips in last 2 weeks count,numtravel,2,DATA_WHICEMR_PROJECT_3_URBAN_MALARIA_ABAULENI_2019-02-28-11-43-09.csv,Information collected at household visit,Participant,http://purl.obolibrary.org/obo/EUPATH_0000340,Travel details,"<font color=""blue"">Ngati anachoka, anachoka maulendo angati?</font> If Yes, How many trips did (name) make?","-9, Unknown | 9, 9 times | 30, 30 times | 7, 7 times | 24, 24 times | 16, 16 times | 27, 27 times | 12, 12 times | 28, 28 times | 20, 20 times | 3, 3 times | 1, 1 time | 14, 14 times | 23, 23 times | 29, 29 times | 4, 4 times | 25, 25 times | 10, 10 times | 11, 11 times | 17, 17 times | 22, 22 times | 26, 26 times | 6, 6 times | 8, 8 times | 19, 19 times | 18, 18 times | 15, 15 times | 13, 13 times | 5, 5 times | 21, 21 times | 2, 2 times",variable,,,,Malawi ICEMR Case-Control,,,,,,,,,
http://purl.obolibrary.org/obo/EUPATH_0022034,Most recent trip length,tr1duration | days_spent,3,DATA_WHICEMR_PROJECT_3_URBAN_MALARIA_ABAULENI_2019-02-28-11-43-09.csv,Information collected at household visit,Participant,http://purl.obolibrary.org/obo/EUPATH_0000340,Travel details,"Trip 1 Duration of stay | <font color=""blue"">Masiku amene anachoka</font> days spent on the last trip","2, 2 | 19, 19 | 1, 1 | 16, 16 | 10, 10 | 17, 17 | 9, 9 | 8, 8 | 15, 15 | 20, 20 | 18, 18 | 12, 12 | 6, 6 | 13, 13 | 14, 14 | 11, 11 | 5, 5 | 3, 3 | 7, 7 | 4, 4 | 26, 26 | 27, 27 | 28, 28 | 25, 25 | 30, 30 | 22, 22 | 24, 24 | 21, 21 | 29, 29 | 23, 23",variable,,,,Malawi ICEMR Case-Control,,days,http://purl.obolibrary.org/obo/UO_0000033,,,,,,
http://purl.obolibrary.org/obo/EUPATH_0025149,Time since travel,tr1norecalld,4,DATA_WHICEMR_PROJECT_3_URBAN_MALARIA_ABAULENI_2019-02-28-11-43-09.csv,Information collected at household visit,Participant,http://purl.obolibrary.org/obo/EUPATH_0000340,Travel details,"Trip 1 If can't remember date, how long ago?",,variable,,,,Malawi ICEMR Case-Control,,,,,,,,,
http://purl.obolibrary.org/obo/EUPATH_0025152,Travel date,date_travel | tr1date,5,DATA_WHICEMR_PROJECT_3_URBAN_MALARIA_ABAULENI_2019-02-28-11-43-09.csv,Information collected at household visit,Participant,http://purl.obolibrary.org/obo/EUPATH_0000340,Travel details,"<span class=noToday><font color=""blue"">Ngati anachoka, ulendo womaliza anachoka liti?</font></span>  date for the last trip | <span class = noToday>Trip 1 Date of travel</span>",,variable,,,,Malawi ICEMR Case-Control,,,,,,,,,
http://purl.obolibrary.org/obo/EUPATH_0024198,Reason for travel,reason_travelsp | reason_travel,6,DATA_WHICEMR_PROJECT_3_URBAN_MALARIA_ABAULENI_2019-02-28-11-43-09.csv,Information collected at household visit,Participant,http://purl.obolibrary.org/obo/EUPATH_0000340,Travel details,"<font color=""blue"">Anachoka chifukwa chani?</font>","4, Other | 3, Attend field in home village | 2, Funeral | 1, Business","variable, derived",,,,Malawi ICEMR Case-Control,,,,,,,,,
http://purl.obolibrary.org/obo/EUPATH_0000446,District visited,tr1district,8,DATA_WHICEMR_PROJECT_3_URBAN_MALARIA_ABAULENI_2019-02-28-11-43-09.csv,Information collected at household visit,Participant,http://purl.obolibrary.org/obo/EUPATH_0000340,Travel details,Trip 1 District,"-9, Unknown | 10, Likoma | 7, Dowa | 17, Mzimba | 25, Rumphi | 15, Mulanje | 3, Chikwawa | 14, Mchinji | 2, Blantyre | 26, Salima | 19, Nkhata Bay | 24, Phalombe | 27, Thyolo | 18, Neno | 28, Zomba | 6, Dedza | 13, Mangochi | 21, Nsanje | 4, Chiradzulu | 5, Chitipa | 23, Ntchisi | 16, Mwanza | 22, Ntcheu | 1, Balaka | 12, Machinga | 8, Karonga | 9, Kasungu | 20, Nkhotakota | 11, Lilongwe",variable,,,,Malawi ICEMR Case-Control,,,,,,,,,
http://purl.obolibrary.org/obo/EUPATH_0025172,Urban or rural area visited,tr1areatp,9,DATA_WHICEMR_PROJECT_3_URBAN_MALARIA_ABAULENI_2019-02-28-11-43-09.csv,Information collected at household visit,Participant,http://purl.obolibrary.org/obo/EUPATH_0000340,Travel details,Trip 1 Area type,"-9, Unknown | 2, Rural | 1, Urban",variable,,,,Malawi ICEMR Case-Control,,,,,,,,,
http://purl.obolibrary.org/obo/EUPATH_0025092,Medication,,1,,,Participant,http://purl.obolibrary.org/obo/OGMS_0000090,Treatment,,,multifilter,,,,Malawi ICEMR Case-Control,,,,,,,,,
http://purl.obolibrary.org/obo/EUPATH_0025114,Other treatment,treattsp,2,DATA_WHICEMR_PROJECT_3_URBAN_MALARIA_ABAULENI_2019-02-28-11-43-09.csv,,Participant,http://purl.obolibrary.org/obo/OGMS_0000090,Treatment,"If other, specify",,variable,,,,Malawi ICEMR Case-Control,,,,,,,,,
http://purl.obolibrary.org/obo/EUPATH_0025094,Medication taken before visit,,3,,,Participant,http://purl.obolibrary.org/obo/OGMS_0000090,Treatment,,,multifilter,,,,Malawi ICEMR Case-Control,,,,,,,,,
http://purl.obolibrary.org/obo/EUPATH_0025093,Medication before visit,treatp,4,DATA_WHICEMR_PROJECT_3_URBAN_MALARIA_ABAULENI_2019-02-28-11-43-09.csv,,Participant,http://purl.obolibrary.org/obo/OGMS_0000090,Treatment,Did the participant receive any medications prior to this clinic visit?,"-9, Unknown | 1, Yes | 0, No",variable,,,,Malawi ICEMR Case-Control,,,,,,,,,
http://purl.obolibrary.org/obo/EUPATH_0025115,Other treatment before visit,treatspoth,5,DATA_WHICEMR_PROJECT_3_URBAN_MALARIA_ABAULENI_2019-02-28-11-43-09.csv,,Participant,http://purl.obolibrary.org/obo/OGMS_0000090,Treatment,"If other, specify",,variable,,,,Malawi ICEMR Case-Control,,,,,,,,,
http://purl.obolibrary.org/obo/EUPATH_0000609,Sample,,,,,Sample,http://www.w3.org/2002/07/owl#Thing,,,,category,,,,Malawi ICEMR Case-Control,,,,,yes,,,,
http://purl.obolibrary.org/obo/EUPATH_0025063,DNA extraction performed,dnaext,1,DATA_WHICEMR_PROJECT_3_URBAN_MALARIA_ABAULENI_2019-02-28-11-43-09.csv,,Sample,http://purl.obolibrary.org/obo/EUPATH_0021130,Blood eukaryote testing,DNA extraction done?,"1, Yes | 0, No",variable,,,,Malawi ICEMR Case-Control,,,,,,,,,
http://purl.obolibrary.org/obo/EUPATH_0025095,Microscopy analysis date,specdate1r,2,DATA_WHICEMR_PROJECT_3_URBAN_MALARIA_ABAULENI_2019-02-28-11-43-09.csv,,Sample,http://purl.obolibrary.org/obo/EUPATH_0021130,Blood eukaryote testing,Specimen analysis date,,variable,,,,Malawi ICEMR Case-Control,,,,,,,,,
http://purl.obolibrary.org/obo/EUPATH_0025132,RDT analysis date,specdate0r,3,DATA_WHICEMR_PROJECT_3_URBAN_MALARIA_ABAULENI_2019-02-28-11-43-09.csv,,Sample,http://purl.obolibrary.org/obo/EUPATH_0021130,Blood eukaryote testing,Specimen analysis date,,variable,,,,Malawi ICEMR Case-Control,,,,,,,,,
http://purl.obolibrary.org/obo/EUPATH_0025134,Reason microscopy not performed,thicksmnd1r,4,DATA_WHICEMR_PROJECT_3_URBAN_MALARIA_ABAULENI_2019-02-28-11-43-09.csv,Reason counts for Plasmodium by thick smear microscopy were not collected,Sample,http://purl.obolibrary.org/obo/EUPATH_0021130,Blood eukaryote testing,"If positive and not done, indicate reason",,variable,,,,Malawi ICEMR Case-Control,,,,,,,,,
http://purl.obolibrary.org/obo/EUPATH_0020125,Blood microbiology tests procedures,,1,,,Sample,http://purl.obolibrary.org/obo/OBI_0002649,Blood microbiology test,,,category,,,,Malawi ICEMR Case-Control,,,,,,,,,
http://purl.obolibrary.org/obo/EUPATH_0033307,Eukaryota in blood,,2,,,Sample,http://purl.obolibrary.org/obo/OBI_0002649,Blood microbiology test,,,category,,,,Malawi ICEMR Case-Control,,,,,,,,,
http://purl.obolibrary.org/obo/EUPATH_0021143,Raw test result for blood,,3,,,Sample,http://purl.obolibrary.org/obo/OBI_0002649,Blood microbiology test,,,,,,,,,,,,,,,,
http://purl.obolibrary.org/obo/EUPATH_0021130,Blood eukaryote testing,,,,,Sample,http://purl.obolibrary.org/obo/EUPATH_0020125,Blood microbiology tests procedures,,,category,,,,Malawi ICEMR Case-Control,,,,,,,,,
http://purl.obolibrary.org/obo/EUPATH_0033308,Plasmodium in blood,,,,,Sample,http://purl.obolibrary.org/obo/EUPATH_0033307,Eukaryota in blood,,,category,,,,Malawi ICEMR Case-Control,,,,,,,,,
http://purl.obolibrary.org/obo/OBI_0002649,Blood microbiology test,,,,,Sample,http://purl.obolibrary.org/obo/OGMS_0000056,Laboratory test,,,category,,,,Malawi ICEMR Case-Control,,,,,,,,,
http://purl.obolibrary.org/obo/EUPATH_0024314,"Plasmodium, by thick smear microscopy",thicksmres1r,1,DATA_WHICEMR_PROJECT_3_URBAN_MALARIA_ABAULENI_2019-02-28-11-43-09.csv,,Sample,http://purl.obolibrary.org/obo/EUPATH_0033308,Plasmodium in blood,What is the thick blood smear result?,"1, Positive | 0, Negative | -9, Not done",variable,,,,Malawi ICEMR Case-Control,,,,,,,,,
http://purl.obolibrary.org/obo/EUPATH_0025126,"Denominator for Plasmodium density calculation, by microscopy",thicksmwbc1r,2,DATA_WHICEMR_PROJECT_3_URBAN_MALARIA_ABAULENI_2019-02-28-11-43-09.csv,Which WBC the thick smear microscopy results use as a denominator,Sample,http://purl.obolibrary.org/obo/EUPATH_0033308,Plasmodium in blood,"If positive, is the result based on 200 or 100 WBC?","-9, Not done | 2, 200 WBC | 1, 100 WBC",variable,,,,Malawi ICEMR Case-Control,,,,,,,,,
http://purl.obolibrary.org/obo/EUPATH_0025122,"Plasmodium, by thick smear microscopy (/100 WBC)",thicksm100para1r,3,DATA_WHICEMR_PROJECT_3_URBAN_MALARIA_ABAULENI_2019-02-28-11-43-09.csv,,Sample,http://purl.obolibrary.org/obo/EUPATH_0033308,Plasmodium in blood,"If positive, how many parasites per 100 WBC?",,variable,,,,Malawi ICEMR Case-Control,,,,,,,,,
http://purl.obolibrary.org/obo/EUPATH_0025123,"Plasmodium, by thick smear microscopy (/200 WBC)",thicksmpara1r,4,DATA_WHICEMR_PROJECT_3_URBAN_MALARIA_ABAULENI_2019-02-28-11-43-09.csv,,Sample,http://purl.obolibrary.org/obo/EUPATH_0033308,Plasmodium in blood,"If positive, how many parasites per 200 WBC?",,variable,,,,Malawi ICEMR Case-Control,,,,,,,,,
http://purl.obolibrary.org/obo/EUPATH_0025124,"Plasmodium, by thin smear microscopy (/500 RBC)",thinsmpd1r,5,DATA_WHICEMR_PROJECT_3_URBAN_MALARIA_ABAULENI_2019-02-28-11-43-09.csv,,Sample,http://purl.obolibrary.org/obo/EUPATH_0033308,Plasmodium in blood,What is the thin blood smear result?,,variable,,,,Malawi ICEMR Case-Control,,,,,,,,,
http://purl.obolibrary.org/obo/EUPATH_0025125,"Plasmodium, by qPCR",pcrres,6,DATA_WHICEMR_PROJECT_3_URBAN_MALARIA_ABAULENI_2019-02-28-11-43-09.csv,,Sample,http://purl.obolibrary.org/obo/EUPATH_0033308,Plasmodium in blood,"If yes, what are the results of the PCR analysis?","1, Positive | 3, Not done | 2, Inconclusive | 0, Negative",variable,,,,Malawi ICEMR Case-Control,,,,,,,,,
http://purl.obolibrary.org/obo/EUPATH_0000433,"Plasmodium species, by qPCR",,7,,,Sample,http://purl.obolibrary.org/obo/EUPATH_0033308,Plasmodium in blood,,,multifilter,,,,Malawi ICEMR Case-Control,,,,,,,,,
http://purl.obolibrary.org/obo/EUPATH_0024217,"Plasmodium, by RDT",rdtres,8,DATA_WHICEMR_PROJECT_3_URBAN_MALARIA_ABAULENI_2019-02-28-11-43-09.csv,,Sample,http://purl.obolibrary.org/obo/EUPATH_0033308,Plasmodium in blood,What is the RDT result?,"1, Positive | 3, Not done | 0, Negative | 2, Invalid",variable,,,,Malawi ICEMR Case-Control,,,,,,,,,
http://purl.obolibrary.org/obo/EUPATH_0021049,Plasmodium falciparum,pcrrespfalc,1,DATA_WHICEMR_PROJECT_3_URBAN_MALARIA_ABAULENI_2019-02-28-11-43-09.csv,,Sample,http://purl.obolibrary.org/obo/EUPATH_0000433,"Plasmodium species, by qPCR","If positive, is there <i>Plasimodium falciparum</i>?","1, Present | 0, Absent",value,,,,Malawi ICEMR Case-Control,,,,,,,,,
http://purl.obolibrary.org/obo/EUPATH_0021051,Plasmodium malariae,pcrrespmal,2,DATA_WHICEMR_PROJECT_3_URBAN_MALARIA_ABAULENI_2019-02-28-11-43-09.csv,,Sample,http://purl.obolibrary.org/obo/EUPATH_0000433,"Plasmodium species, by qPCR","If positive, is there <i>Plasimodium malariae</i>?","1, Present | 0, Absent",value,,,,Malawi ICEMR Case-Control,,,,,,,,,
http://purl.obolibrary.org/obo/EUPATH_0021052,Plasmodium ovale,pcrrespovale,3,DATA_WHICEMR_PROJECT_3_URBAN_MALARIA_ABAULENI_2019-02-28-11-43-09.csv,,Sample,http://purl.obolibrary.org/obo/EUPATH_0000433,"Plasmodium species, by qPCR","If positive, is there <i>Plasimodium ovale</i>?","1, Present | 0, Absent",value,,,,Malawi ICEMR Case-Control,,,,,,,,,
http://purl.obolibrary.org/obo/EUPATH_0021050,Plasmodium vivax,pcrrespvivax,4,DATA_WHICEMR_PROJECT_3_URBAN_MALARIA_ABAULENI_2019-02-28-11-43-09.csv,,Sample,http://purl.obolibrary.org/obo/EUPATH_0000433,"Plasmodium species, by qPCR","If positive, is there <i>Plasimodium vivax</i>?","1, Present | 0, Absent",value,,,,Malawi ICEMR Case-Control,,,,,,,,,
http://purl.obolibrary.org/obo/EUPATH_0000537,"Plasmodium, by microscopy result",thicksm100pd1r | thicksmpd1r,,DATA_WHICEMR_PROJECT_3_URBAN_MALARIA_ABAULENI_2019-02-28-11-43-09.csv,Assumes an average of 8000 WBC/uL blood. Counted on a thick blood smear.,Sample,http://purl.obolibrary.org/obo/EUPATH_0022270,Raw eukaryota data for blood,Parasite density for results based on 100 WBC | Parasite density for results based on 200 WBC,[thicksmpara1r]*40 | [thicksm100para1r]*80,variable,,,,Malawi ICEMR Case-Control,,/uL,http://purl.obolibrary.org/obo/UO_0000316,,,,,,
http://purl.obolibrary.org/obo/EUPATH_0022270,Raw eukaryota data for blood,,,,,Sample,http://purl.obolibrary.org/obo/EUPATH_0021143,Raw test result for blood,,,,,,,,,,,,,,,,
http://purl.obolibrary.org/obo/OGMS_0000056,Laboratory test,,,,,Sample,http://purl.obolibrary.org/obo/EUPATH_0000609,Sample,,,category,,,,Malawi ICEMR Case-Control,,,,,,,,,